tradeDate,证券代码,证券简称,融资买入额(元),融资余额(元),融券卖出量（股）,融券余量（股）,融券余额（元）,融资融券余额（元）
20260224,920000,安徽凤凰,877118.0,10667347.0,0.0,0.0,0.0,10667347.0
20260224,920001,纬达光电,209350.0,18272027.0,0.0,0.0,0.0,18272027.0
20260224,920002,万达轴承,3043779.0,49383182.0,0.0,0.0,0.0,49383182.0
20260224,920003,中诚咨询,108214.0,4077881.0,0.0,0.0,0.0,4077881.0
20260224,920005,鼎佳精密,77291.0,12322405.0,0.0,0.0,0.0,12322405.0
20260224,920006,晟楠科技,2529681.0,15396740.0,0.0,0.0,0.0,15396740.0
20260224,920007,酉立智能,1286437.0,9794395.0,0.0,0.0,0.0,9794395.0
20260224,920008,成电光信,3199011.0,27132541.0,0.0,0.0,0.0,27132541.0
20260224,920009,丹娜生物,280552.0,6028946.0,0.0,0.0,0.0,6028946.0
20260224,920010,凯添燃气,2464139.0,28419976.0,0.0,0.0,0.0,28419976.0
20260224,920014,特瑞斯,3026042.0,9522891.0,0.0,0.0,0.0,9522891.0
20260224,920015,锦华新材,2208191.0,36770285.0,0.0,0.0,0.0,36770285.0
20260224,920016,中草香料,94169.0,7239161.0,0.0,0.0,0.0,7239161.0
20260224,920017,星昊医药,1624566.0,46081371.0,0.0,0.0,0.0,46081371.0
20260224,920018,宏远股份,12148574.0,39206123.0,0.0,0.0,0.0,39206123.0
20260224,920019,铜冠矿建,11566554.0,45100005.0,0.0,0.0,0.0,45100005.0
20260224,920020,泰凯英,2822223.0,20980776.0,0.0,0.0,0.0,20980776.0
20260224,920021,流金科技,16568943.0,67699802.0,0.0,0.0,0.0,67699802.0
20260224,920022,世昌股份,323726.0,3034853.0,0.0,0.0,0.0,3034853.0
20260224,920023,田野股份,132170.0,7378552.0,0.0,0.0,0.0,7378552.0
20260224,920026,卓兆点胶,1203564.0,12970190.0,0.0,0.0,0.0,12970190.0
20260224,920027,交大铁发,26933.0,8687146.0,0.0,0.0,0.0,8687146.0
20260224,920029,开发科技,1396994.0,78256725.0,0.0,0.0,0.0,78256725.0
20260224,920030,德众汽车,1196379.0,12442537.0,0.0,0.0,0.0,12442537.0
20260224,920033,康普化学,1660036.0,17610495.0,0.0,0.0,0.0,17610495.0
20260224,920035,精创电气,438354.0,6500700.0,0.0,0.0,0.0,6500700.0
20260224,920037,广信科技,3241681.0,52482599.0,0.0,0.0,0.0,52482599.0
20260224,920039,国义招标,1063422.0,17356355.0,0.0,0.0,0.0,17356355.0
20260224,920045,蘅东光,35093235.0,140543978.0,0.0,0.0,0.0,140543978.0
20260224,920046,亿能电力,7334201.0,15091778.0,0.0,0.0,0.0,15091778.0
20260224,920047,诺思兰德,484062.0,33493990.0,0.0,1100.0,25245.0,33519235.0
20260224,920050,爱舍伦,46688.0,4949546.0,0.0,0.0,0.0,4949546.0
20260224,920056,能之光,1167929.0,20209231.0,0.0,0.0,0.0,20209231.0
20260224,920057,百甲科技,13405.0,3368055.0,0.0,0.0,0.0,3368055.0
20260224,920058,华洋赛车,680963.0,6683578.0,0.0,0.0,0.0,6683578.0
20260224,920060,万源通,4769996.0,67843257.0,0.0,0.0,0.0,67843257.0
20260224,920061,西磁科技,267307.0,9546736.0,0.0,0.0,0.0,9546736.0
20260224,920062,科润智控,4559372.0,31206248.0,0.0,0.0,0.0,31206248.0
20260224,920066,科拜尔,1792109.0,10978768.0,0.0,0.0,0.0,10978768.0
20260224,920068,天工股份,10546839.0,39323742.0,0.0,0.0,0.0,39323742.0
20260224,920075,柏星龙,2917476.0,15460912.0,0.0,0.0,0.0,15460912.0
20260224,920076,国亮新材,300083.0,5331174.0,0.0,0.0,0.0,5331174.0
20260224,920077,吉林碳谷,7179202.0,109475069.0,0.0,0.0,0.0,109475069.0
20260224,920080,奥美森,1212868.0,12516133.0,0.0,0.0,0.0,12516133.0
20260224,920082,方正阀门,1226294.0,12980161.0,0.0,0.0,0.0,12980161.0
20260224,920086,科马材料,706465.0,13889090.0,0.0,0.0,0.0,13889090.0
20260224,920087,秋乐种业,6391873.0,22080883.0,0.0,0.0,0.0,22080883.0
20260224,920088,科力股份,28367340.0,49005732.0,0.0,0.0,0.0,49005732.0
20260224,920089,禾昌聚合,3669846.0,53668474.0,0.0,0.0,0.0,53668474.0
20260224,920090,同辉信息,80692.0,3972685.0,0.0,0.0,0.0,3972685.0
20260224,920091,大鹏工业,2316216.0,16559866.0,0.0,0.0,0.0,16559866.0
20260224,920092,汉鑫科技,3041015.0,25144189.0,0.0,0.0,0.0,25144189.0
20260224,920098,科隆新材,2078911.0,30049574.0,0.0,0.0,0.0,30049574.0
20260224,920099,瑞华技术,1831558.0,20407531.0,0.0,0.0,0.0,20407531.0
20260224,920100,三协电机,4214935.0,22815828.0,0.0,0.0,0.0,22815828.0
20260224,920101,志高机械,1953762.0,22145078.0,0.0,0.0,0.0,22145078.0
20260224,920106,林泰新材,5516763.0,38607853.0,0.0,0.0,0.0,38607853.0
20260224,920108,宏海科技,95800.0,9028656.0,0.0,0.0,0.0,9028656.0
20260224,920110,雷特科技,684544.0,2792086.0,0.0,0.0,0.0,2792086.0
20260224,920111,聚星科技,1055163.0,28434454.0,0.0,0.0,0.0,28434454.0
20260224,920112,巴兰仕,112560.0,8957969.0,0.0,0.0,0.0,8957969.0
20260224,920116,星图测控,14019859.0,162318007.0,0.0,0.0,0.0,162318007.0
20260224,920118,太湖远大,1150420.0,6417443.0,0.0,0.0,0.0,6417443.0
20260224,920119,美德乐,41635329.0,51266194.0,0.0,0.0,0.0,51266194.0
20260224,920121,江天科技,440349.0,7570360.0,0.0,0.0,0.0,7570360.0
20260224,920122,中纺标,1288554.0,12103305.0,0.0,0.0,0.0,12103305.0
20260224,920123,芭薇股份,424069.0,10076367.0,0.0,0.0,0.0,10076367.0
20260224,920124,南特科技,604393.0,15406919.0,0.0,0.0,0.0,15406919.0
20260224,920128,胜业电气,2724280.0,14281806.0,0.0,0.0,0.0,14281806.0
20260224,920130,立方控股,314800.0,13443210.0,0.0,0.0,0.0,13443210.0
20260224,920132,泰鹏智能,1611931.0,2263612.0,0.0,0.0,0.0,2263612.0
20260224,920139,华岭股份,3681425.0,63018991.0,0.0,0.0,0.0,63018991.0
20260224,920145,恒合股份,91188.0,1569819.0,0.0,0.0,0.0,1569819.0
20260224,920146,华阳变速,377612.0,5587883.0,0.0,0.0,0.0,5587883.0
20260224,920149,旭杰科技,705055.0,5239313.0,0.0,0.0,0.0,5239313.0
20260224,920152,昆工科技,30719.0,24266546.0,0.0,0.0,0.0,24266546.0
20260224,920158,长江能科,701796.0,4746858.0,0.0,0.0,0.0,4746858.0
20260224,920159,农大科技,998567.0,7519598.0,0.0,0.0,0.0,7519598.0
20260224,920160,北矿检测,895732.0,14267022.0,0.0,0.0,0.0,14267022.0
20260224,920163,方大新材,505660.0,4613947.0,0.0,0.0,0.0,4613947.0
20260224,920166,海圣医疗,1862761.0,2942227.0,0.0,0.0,0.0,2942227.0
20260224,920167,同享科技,4976346.0,18228080.0,0.0,0.0,0.0,18228080.0
20260224,920169,七丰精工,2564731.0,23841356.0,0.0,0.0,0.0,23841356.0
20260224,920171,志晟信息,616450.0,10299769.0,0.0,0.0,0.0,10299769.0
20260224,920174,五新隧装,2373835.0,58143505.0,0.0,0.0,0.0,58143505.0
20260224,920175,东方碳素,81368.0,5322273.0,0.0,0.0,0.0,5322273.0
20260224,920179,凯德石英,7621726.0,114382059.0,0.0,0.0,0.0,114382059.0
20260224,920180,爱得科技,1410991.0,8008569.0,0.0,0.0,0.0,8008569.0
20260224,920184,国源科技,1284437.0,24457721.0,0.0,0.0,0.0,24457721.0
20260224,920185,贝特瑞,7439765.0,316647364.0,0.0,0.0,0.0,316647364.0
20260224,920190,雷神科技,2565070.0,53945860.0,0.0,0.0,0.0,53945860.0
20260224,920195,三祥科技,443840.0,17742306.0,0.0,0.0,0.0,17742306.0
20260224,920198,微创光电,361681.0,6159031.0,0.0,0.0,0.0,6159031.0
20260224,920199,倍益康,3350011.0,25279335.0,0.0,0.0,0.0,25279335.0
20260224,920204,沪江材料,863665.0,13771984.0,0.0,0.0,0.0,13771984.0
20260224,920207,众诚科技,2278994.0,15966151.0,0.0,0.0,0.0,15966151.0
20260224,920208,青矩技术,279703.0,19144219.0,0.0,0.0,0.0,19144219.0
20260224,920212,智新电子,850863.0,4380047.0,0.0,0.0,0.0,4380047.0
20260224,920221,易实精密,755967.0,7571212.0,0.0,0.0,0.0,7571212.0
20260224,920223,荣亿精密,938418.0,17049554.0,0.0,0.0,0.0,17049554.0
20260224,920225,利通科技,2301632.0,83506771.0,0.0,0.0,0.0,83506771.0
20260224,920227,美登科技,4196030.0,32157319.0,0.0,0.0,0.0,32157319.0
20260224,920230,欧康医药,934578.0,4772395.0,0.0,0.0,0.0,4772395.0
20260224,920237,力佳科技,2167757.0,15269185.0,0.0,0.0,0.0,15269185.0
20260224,920239,长虹能源,2545474.0,73819425.0,0.0,0.0,0.0,73819425.0
20260224,920242,建邦科技,817738.0,6635013.0,0.0,0.0,0.0,6635013.0
20260224,920245,威博液压,42480.0,6995801.0,0.0,0.0,0.0,6995801.0
20260224,920247,华密新材,2350059.0,22971865.0,0.0,0.0,0.0,22971865.0
20260224,920249,利尔达,3956136.0,33790126.0,0.0,0.0,0.0,33790126.0
20260224,920252,天宏锂电,634816.0,27308203.0,0.0,0.0,0.0,27308203.0
20260224,920260,中寰股份,670289.0,7900088.0,0.0,0.0,0.0,7900088.0
20260224,920261,一诺威,1312783.0,26650534.0,0.0,0.0,0.0,26650534.0
20260224,920262,太湖雪,43410.0,4791686.0,0.0,0.0,0.0,4791686.0
20260224,920263,中航泰达,709657.0,9914738.0,0.0,0.0,0.0,9914738.0
20260224,920266,生物谷,49156.0,6772522.0,0.0,0.0,0.0,6772522.0
20260224,920267,鑫汇科,483857.0,5069093.0,0.0,0.0,0.0,5069093.0
20260224,920270,天铭科技,617171.0,10549896.0,0.0,0.0,0.0,10549896.0
20260224,920271,邦德股份,647065.0,13152725.0,0.0,0.0,0.0,13152725.0
20260224,920273,一致魔芋,2171183.0,22462980.0,0.0,0.0,0.0,22462980.0
20260224,920274,宏裕包材,956831.0,15101678.0,0.0,0.0,0.0,15101678.0
20260224,920275,驱动力,797275.0,9425114.0,0.0,0.0,0.0,9425114.0
20260224,920278,鹿得医疗,527047.0,18937202.0,0.0,0.0,0.0,18937202.0
20260224,920284,灵鸽科技,2229022.0,36580012.0,0.0,0.0,0.0,36580012.0
20260224,920299,灿能电力,4565006.0,14480775.0,0.0,0.0,0.0,14480775.0
20260224,920300,辰光医疗,304729.0,18048410.0,0.0,0.0,0.0,18048410.0
20260224,920304,迪尔化工,2581683.0,12829227.0,0.0,0.0,0.0,12829227.0
20260224,920339,恒太照明,900885.0,7895062.0,0.0,0.0,0.0,7895062.0
20260224,920344,三元基因,1449252.0,17171715.0,0.0,0.0,0.0,17171715.0
20260224,920346,威贸电子,787977.0,24012146.0,0.0,0.0,0.0,24012146.0
20260224,920351,华光源海,743616.0,11811093.0,0.0,0.0,0.0,11811093.0
20260224,920357,雅葆轩,1466302.0,11755955.0,0.0,0.0,0.0,11755955.0
20260224,920363,莱赛激光,2696117.0,13884173.0,0.0,0.0,0.0,13884173.0
20260224,920367,新赣江,418976.0,12261245.0,0.0,0.0,0.0,12261245.0
20260224,920368,连城数控,86780156.0,341397260.0,0.0,3200.0,224000.0,341621260.0
20260224,920370,新安洁,13156.0,3826567.0,0.0,0.0,0.0,3826567.0
20260224,920371,欧福蛋业,599876.0,12894569.0,0.0,0.0,0.0,12894569.0
20260224,920374,云里物里,196023.0,22457366.0,0.0,0.0,0.0,22457366.0
20260224,920375,派诺科技,840826.0,10991292.0,0.0,0.0,0.0,10991292.0
20260224,920378,泰德股份,2702791.0,23342896.0,0.0,0.0,0.0,23342896.0
20260224,920392,佳合科技,830577.0,11327123.0,0.0,0.0,0.0,11327123.0
20260224,920394,民士达,7268710.0,68499383.0,0.0,0.0,0.0,68499383.0
20260224,920395,朗鸿科技,1365707.0,31543502.0,0.0,0.0,0.0,31543502.0
20260224,920396,常辅股份,3493651.0,20727372.0,0.0,0.0,0.0,20727372.0
20260224,920402,硅烷科技,2436192.0,61765532.0,0.0,0.0,0.0,61765532.0
20260224,920403,康农种业,1363044.0,12234534.0,0.0,0.0,0.0,12234534.0
20260224,920405,海希通讯,2226717.0,108780088.0,0.0,0.0,0.0,108780088.0
20260224,920407,驰诚股份,1674169.0,9618172.0,0.0,0.0,0.0,9618172.0
20260224,920414,欧普泰,281320.0,4567628.0,0.0,0.0,0.0,4567628.0
20260224,920415,恒拓开源,2021092.0,22953007.0,0.0,0.0,0.0,22953007.0
20260224,920418,苏轴股份,5068890.0,63349383.0,0.0,0.0,0.0,63349383.0
20260224,920419,路斯股份,1171532.0,17930888.0,0.0,0.0,0.0,17930888.0
20260224,920422,润普食品,1533186.0,10316821.0,0.0,0.0,0.0,10316821.0
20260224,920425,乐创技术,3568926.0,13853985.0,0.0,0.0,0.0,13853985.0
20260224,920427,华维设计,243254.0,6234393.0,0.0,0.0,0.0,6234393.0
20260224,920429,康比特,736477.0,25770908.0,0.0,0.0,0.0,25770908.0
20260224,920433,大唐药业,191739.0,5583476.0,0.0,0.0,0.0,5583476.0
20260224,920436,大地电气,237477.0,9471055.0,0.0,0.0,0.0,9471055.0
20260224,920438,戈碧迦,10277269.0,114853657.0,0.0,0.0,0.0,114853657.0
20260224,920445,龙竹科技,1949714.0,24320299.0,0.0,0.0,0.0,24320299.0
20260224,920454,同心传动,51476.0,20882934.0,0.0,0.0,0.0,20882934.0
20260224,920455,汇隆活塞,778861.0,4647271.0,0.0,0.0,0.0,4647271.0
20260224,920469,富恒新材,1657383.0,24854526.0,0.0,0.0,0.0,24854526.0
20260224,920471,美邦科技,2666050.0,7312943.0,0.0,0.0,0.0,7312943.0
20260224,920475,三友科技,84498.0,10486496.0,0.0,0.0,0.0,10486496.0
20260224,920476,海能技术,2049868.0,27331011.0,0.0,0.0,0.0,27331011.0
20260224,920478,峆一药业,1802970.0,12550189.0,0.0,0.0,0.0,12550189.0
20260224,920489,佳先股份,546550.0,36211463.0,0.0,0.0,0.0,36211463.0
20260224,920491,奥迪威,4876497.0,136423276.0,0.0,0.0,0.0,136423276.0
20260224,920493,并行科技,39423524.0,198416346.0,0.0,0.0,0.0,198416346.0
20260224,920496,许昌智能,487683.0,27476700.0,0.0,0.0,0.0,27476700.0
20260224,920504,博迅生物,48177.0,1337483.0,0.0,0.0,0.0,1337483.0
20260224,920505,九菱科技,2473552.0,23691752.0,0.0,0.0,0.0,23691752.0
20260224,920508,殷图网联,11560.0,5519696.0,0.0,0.0,0.0,5519696.0
20260224,920509,同惠电子,1448586.0,33474823.0,0.0,0.0,0.0,33474823.0
20260224,920510,丰光精密,7390521.0,24781115.0,0.0,0.0,0.0,24781115.0
20260224,920519,万德股份,1088687.0,9245753.0,0.0,0.0,0.0,9245753.0
20260224,920522,纳科诺尔,10731431.0,162264897.0,0.0,0.0,0.0,162264897.0
20260224,920523,德瑞锂电,1568356.0,70398625.0,0.0,0.0,0.0,70398625.0
20260224,920526,凯华材料,1390691.0,7139666.0,0.0,0.0,0.0,7139666.0
20260224,920527,夜光明,124442.0,4215270.0,0.0,0.0,0.0,4215270.0
20260224,920533,骏创科技,10752255.0,54387387.0,0.0,0.0,0.0,54387387.0
20260224,920541,铁大科技,1648977.0,25112217.0,0.0,0.0,0.0,25112217.0
20260224,920547,无锡晶海,1601173.0,9227699.0,0.0,0.0,0.0,9227699.0
20260224,920553,凯腾精工,536665.0,6201671.0,0.0,0.0,0.0,6201671.0
20260224,920556,雅达股份,928369.0,27966596.0,0.0,0.0,0.0,27966596.0
20260224,920564,天润科技,704234.0,13984393.0,0.0,0.0,0.0,13984393.0
20260224,920566,梓橦宫,3239171.0,31895867.0,0.0,0.0,0.0,31895867.0
20260224,920570,坤博精工,1306153.0,13653120.0,0.0,0.0,0.0,13653120.0
20260224,920571,国航远洋,4755775.0,43255902.0,0.0,0.0,0.0,43255902.0
20260224,920575,康乐卫士,273673.0,14142197.0,0.0,0.0,0.0,14142197.0
20260224,920576,天力复合,4189254.0,49803177.0,0.0,0.0,0.0,49803177.0
20260224,920578,巨能股份,1145590.0,16218218.0,0.0,0.0,0.0,16218218.0
20260224,920579,机科股份,2149010.0,16322226.0,0.0,0.0,0.0,16322226.0
20260224,920580,科创新材,1139881.0,7189497.0,0.0,0.0,0.0,7189497.0
20260224,920592,华信永道,1755852.0,30585214.0,0.0,0.0,0.0,30585214.0
20260224,920593,鼎智科技,8070075.0,76692982.0,0.0,0.0,0.0,76692982.0
20260224,920599,同力股份,4241764.0,150415361.0,0.0,0.0,0.0,150415361.0
20260224,920608,丰安股份,598420.0,2606821.0,0.0,0.0,0.0,2606821.0
20260224,920627,力王股份,3190802.0,13066754.0,0.0,0.0,0.0,13066754.0
20260224,920634,新威凌,3391005.0,12158953.0,0.0,0.0,0.0,12158953.0
20260224,920639,晨光电缆,2481608.0,31481632.0,0.0,0.0,0.0,31481632.0
20260224,920640,富士达,13447197.0,168962175.0,0.0,0.0,0.0,168962175.0
20260224,920641,格利尔,33901.0,7999544.0,0.0,0.0,0.0,7999544.0
20260224,920642,通易航天,1621348.0,11313410.0,0.0,0.0,0.0,11313410.0
20260224,920651,天罡股份,157214.0,2927034.0,0.0,0.0,0.0,2927034.0
20260224,920656,海昇药业,36644.0,5926518.0,0.0,0.0,0.0,5926518.0
20260224,920662,方盛股份,4965636.0,16401230.0,0.0,0.0,0.0,16401230.0
20260224,920663,明阳科技,139814.0,10844338.0,0.0,0.0,0.0,10844338.0
20260224,920665,科强股份,1424371.0,14275415.0,0.0,0.0,0.0,14275415.0
20260224,920670,数字人,217039.0,10430058.0,0.0,0.0,0.0,10430058.0
20260224,920675,秉扬科技,4489091.0,10688652.0,0.0,0.0,0.0,10688652.0
20260224,920679,前进科技,940158.0,6711130.0,0.0,0.0,0.0,6711130.0
20260224,920682,球冠电缆,2387016.0,27023238.0,0.0,0.0,0.0,27023238.0
20260224,920685,新芝生物,86683.0,13490550.0,0.0,0.0,0.0,13490550.0
20260224,920689,克莱特,4484823.0,22515240.0,0.0,0.0,0.0,22515240.0
20260224,920690,捷众科技,2219223.0,22705815.0,0.0,0.0,0.0,22705815.0
20260224,920693,阿为特,970637.0,24826085.0,0.0,0.0,0.0,24826085.0
20260224,920694,中裕科技,1725614.0,11100899.0,0.0,0.0,0.0,11100899.0
20260224,920699,海达尔,525221.0,38783985.0,0.0,0.0,0.0,38783985.0
20260224,920701,豪声电子,779022.0,27008634.0,0.0,0.0,0.0,27008634.0
20260224,920703,广厦环能,1243804.0,20265889.0,0.0,0.0,0.0,20265889.0
20260224,920706,铁拓机械,3416433.0,34785034.0,0.0,0.0,0.0,34785034.0
20260224,920717,瑞星股份,1385383.0,3901899.0,0.0,0.0,0.0,3901899.0
20260224,920718,合肥高科,26098.0,5780507.0,0.0,0.0,0.0,5780507.0
20260224,920719,宁新新材,157629.0,6470057.0,0.0,0.0,0.0,6470057.0
20260224,920720,吉冈精密,4371807.0,20635918.0,0.0,0.0,0.0,20635918.0
20260224,920725,惠丰钻石,9564142.0,21506275.0,0.0,0.0,0.0,21506275.0
20260224,920726,朱老六,1167092.0,13398580.0,0.0,0.0,0.0,13398580.0
20260224,920729,永顺生物,2580293.0,12877313.0,0.0,0.0,0.0,12877313.0
20260224,920735,德源药业,3361482.0,67098743.0,0.0,0.0,0.0,67098743.0
20260224,920748,路桥信息,24998.0,3845954.0,0.0,0.0,0.0,3845954.0
20260224,920751,惠同新材,5310562.0,28121700.0,0.0,0.0,0.0,28121700.0
20260224,920753,天纺标,1278629.0,12569866.0,0.0,0.0,0.0,12569866.0
20260224,920765,美之高,2022596.0,7000067.0,0.0,0.0,0.0,7000067.0
20260224,920768,拾比佰,1749949.0,13266346.0,0.0,0.0,0.0,13266346.0
20260224,920770,艾能聚,2685834.0,36210422.0,0.0,0.0,0.0,36210422.0
20260224,920779,武汉蓝电,437818.0,13227053.0,0.0,0.0,0.0,13227053.0
20260224,920781,瑞奇智造,371671.0,4915005.0,0.0,0.0,0.0,4915005.0
20260224,920786,骑士乳业,1666917.0,18893442.0,0.0,0.0,0.0,18893442.0
20260224,920790,联迪信息,1059736.0,19297881.0,0.0,0.0,0.0,19297881.0
20260224,920792,东和新材,1287377.0,11093835.0,0.0,0.0,0.0,11093835.0
20260224,920799,艾融软件,3720351.0,146562439.0,0.0,0.0,0.0,146562439.0
20260224,920802,保丽洁,74606.0,1370605.0,0.0,0.0,0.0,1370605.0
20260224,920806,云星宇,2751694.0,39904186.0,0.0,0.0,0.0,39904186.0
20260224,920807,奔朗新材,3532057.0,19887625.0,0.0,0.0,0.0,19887625.0
20260224,920808,曙光数创,22532013.0,272980113.0,0.0,0.0,0.0,272980113.0
20260224,920809,安达科技,1004550.0,38813719.0,0.0,0.0,0.0,38813719.0
20260224,920810,春光智能,33119.0,1588946.0,0.0,0.0,0.0,1588946.0
20260224,920819,颖泰生物,1343006.0,36406487.0,0.0,0.0,0.0,36406487.0
20260224,920821,则成电子,499519.0,20224136.0,0.0,0.0,0.0,20224136.0
20260224,920826,盖世食品,1874498.0,19873648.0,0.0,0.0,0.0,19873648.0
20260224,920832,齐鲁华信,909272.0,7264739.0,0.0,0.0,0.0,7264739.0
20260224,920833,美心翼申,3766947.0,14840080.0,0.0,0.0,0.0,14840080.0
20260224,920834,三维装备,48419.0,6474099.0,0.0,0.0,0.0,6474099.0
20260224,920837,华原股份,1567350.0,17839358.0,0.0,0.0,0.0,17839358.0
20260224,920839,万通液压,2385203.0,28030202.0,0.0,0.0,0.0,28030202.0
20260224,920855,浙江大农,34002.0,3047751.0,0.0,0.0,0.0,3047751.0
20260224,920856,浩淼科技,397796.0,12854530.0,0.0,0.0,0.0,12854530.0
20260224,920857,泓禧科技,1336735.0,6900493.0,0.0,0.0,0.0,6900493.0
20260224,920866,绿亨科技,1266557.0,7537614.0,0.0,0.0,0.0,7537614.0
20260224,920870,恒进感应,246293.0,14400260.0,0.0,0.0,0.0,14400260.0
20260224,920871,派特尔,127672.0,7278581.0,0.0,0.0,0.0,7278581.0
20260224,920873,中设咨询,82292.0,5879711.0,0.0,0.0,0.0,5879711.0
20260224,920876,慧为智能,913311.0,9985371.0,0.0,0.0,0.0,9985371.0
20260224,920879,基康技术,2637410.0,23844514.0,0.0,0.0,0.0,23844514.0
20260224,920885,星辰科技,4904384.0,41699700.0,0.0,0.0,0.0,41699700.0
20260224,920892,广咨国际,1378769.0,6931795.0,0.0,0.0,0.0,6931795.0
20260224,920895,花溪科技,20280.0,2030324.0,0.0,0.0,0.0,2030324.0
20260224,920896,旺成科技,366553.0,10028468.0,0.0,0.0,0.0,10028468.0
20260224,920906,舜宇精工,932088.0,8073883.0,0.0,0.0,0.0,8073883.0
20260224,920914,远航精密,2478830.0,38314058.0,0.0,0.0,0.0,38314058.0
20260224,920924,广脉科技,4860185.0,20473184.0,0.0,0.0,0.0,20473184.0
20260224,920925,锦好医疗,619818.0,18602355.0,0.0,0.0,0.0,18602355.0
20260224,920926,鸿智科技,1013063.0,6778253.0,0.0,0.0,0.0,6778253.0
20260224,920931,无锡鼎邦,707231.0,3533052.0,0.0,0.0,0.0,3533052.0
20260224,920932,科达自控,944146.0,26804897.0,0.0,0.0,0.0,26804897.0
20260224,920942,恒立钻具,736053.0,26635000.0,0.0,0.0,0.0,26635000.0
20260224,920943,优机股份,1612619.0,20604722.0,0.0,0.0,0.0,20604722.0
20260224,920946,森萱医药,765858.0,27305927.0,0.0,0.0,0.0,27305927.0
20260224,920950,迅安科技,93185.0,2200383.0,0.0,0.0,0.0,2200383.0
20260224,920953,国子软件,3790421.0,43405872.0,0.0,0.0,0.0,43405872.0
20260224,920957,汉维科技,1444313.0,1562772.0,0.0,0.0,0.0,1562772.0
20260224,920961,创远信科,1299979.0,51635113.0,0.0,0.0,0.0,51635113.0
20260224,920964,润农节水,189306.0,24780918.0,0.0,0.0,0.0,24780918.0
20260224,920970,大禹生物,0.0,1168904.0,0.0,0.0,0.0,1168904.0
20260224,920971,天马新材,1624155.0,49290105.0,0.0,0.0,0.0,49290105.0
20260224,920974,凯大催化,403674.0,5332650.0,0.0,0.0,0.0,5332650.0
20260224,920976,视声智能,6406029.0,13394019.0,0.0,0.0,0.0,13394019.0
20260224,920978,开特股份,6861330.0,82016287.0,0.0,0.0,0.0,82016287.0
20260224,920981,晶赛科技,293358.0,19696356.0,0.0,0.0,0.0,19696356.0
20260224,920982,锦波生物,6476113.0,374854140.0,0.0,0.0,0.0,374854140.0
20260224,920985,海泰新能,2006482.0,26085099.0,0.0,0.0,0.0,26085099.0
20260224,920992,中科美菱,1324109.0,8706893.0,0.0,0.0,0.0,8706893.0
20260224,日期：2026-02-24,,,,,,,
20260225,920000,安徽凤凰,658318.0,10653960.0,0.0,0.0,0.0,10653960.0
20260225,920001,纬达光电,336628.0,17565135.0,0.0,0.0,0.0,17565135.0
20260225,920002,万达轴承,1634207.0,49422102.0,0.0,0.0,0.0,49422102.0
20260225,920003,中诚咨询,2820818.0,6726629.0,0.0,0.0,0.0,6726629.0
20260225,920005,鼎佳精密,686338.0,12655966.0,0.0,0.0,0.0,12655966.0
20260225,920006,晟楠科技,808403.0,15716607.0,0.0,0.0,0.0,15716607.0
20260225,920007,酉立智能,728123.0,9452892.0,0.0,0.0,0.0,9452892.0
20260225,920008,成电光信,2286245.0,24669021.0,0.0,0.0,0.0,24669021.0
20260225,920009,丹娜生物,215209.0,5827128.0,0.0,0.0,0.0,5827128.0
20260225,920010,凯添燃气,2790466.0,29399642.0,0.0,0.0,0.0,29399642.0
20260225,920014,特瑞斯,1426098.0,7377625.0,0.0,0.0,0.0,7377625.0
20260225,920015,锦华新材,2495795.0,36866006.0,0.0,0.0,0.0,36866006.0
20260225,920016,中草香料,425281.0,7322074.0,0.0,0.0,0.0,7322074.0
20260225,920017,星昊医药,1294835.0,45198616.0,0.0,0.0,0.0,45198616.0
20260225,920018,宏远股份,5060675.0,38683942.0,0.0,0.0,0.0,38683942.0
20260225,920019,铜冠矿建,9428842.0,47479116.0,0.0,0.0,0.0,47479116.0
20260225,920020,泰凯英,1344643.0,22044590.0,0.0,0.0,0.0,22044590.0
20260225,920021,流金科技,16515683.0,66973190.0,0.0,0.0,0.0,66973190.0
20260225,920022,世昌股份,447766.0,3325888.0,0.0,0.0,0.0,3325888.0
20260225,920023,田野股份,224056.0,7449620.0,0.0,0.0,0.0,7449620.0
20260225,920026,卓兆点胶,1013434.0,13206358.0,0.0,0.0,0.0,13206358.0
20260225,920027,交大铁发,73658.0,8675377.0,0.0,0.0,0.0,8675377.0
20260225,920029,开发科技,2106112.0,78249301.0,0.0,0.0,0.0,78249301.0
20260225,920030,德众汽车,227286.0,12556516.0,0.0,0.0,0.0,12556516.0
20260225,920033,康普化学,287116.0,17688250.0,0.0,0.0,0.0,17688250.0
20260225,920035,精创电气,348664.0,6428381.0,0.0,0.0,0.0,6428381.0
20260225,920037,广信科技,6767798.0,55291979.0,0.0,0.0,0.0,55291979.0
20260225,920039,国义招标,1723091.0,18414509.0,0.0,0.0,0.0,18414509.0
20260225,920045,蘅东光,29526687.0,146807450.0,0.0,0.0,0.0,146807450.0
20260225,920046,亿能电力,5625145.0,15691330.0,0.0,0.0,0.0,15691330.0
20260225,920047,诺思兰德,826630.0,34241620.0,0.0,1100.0,25168.0,34266788.0
20260225,920050,爱舍伦,280134.0,5136114.0,0.0,0.0,0.0,5136114.0
20260225,920056,能之光,678201.0,20212415.0,0.0,0.0,0.0,20212415.0
20260225,920057,百甲科技,920313.0,3436549.0,0.0,0.0,0.0,3436549.0
20260225,920058,华洋赛车,197800.0,6853698.0,0.0,0.0,0.0,6853698.0
20260225,920060,万源通,4943218.0,69284009.0,0.0,0.0,0.0,69284009.0
20260225,920061,西磁科技,2185212.0,10901235.0,0.0,0.0,0.0,10901235.0
20260225,920062,科润智控,10637367.0,38361007.0,0.0,0.0,0.0,38361007.0
20260225,920066,科拜尔,253027.0,10976598.0,0.0,0.0,0.0,10976598.0
20260225,920068,天工股份,9637936.0,42299069.0,0.0,0.0,0.0,42299069.0
20260225,920075,柏星龙,1358364.0,14415326.0,0.0,0.0,0.0,14415326.0
20260225,920076,国亮新材,584299.0,5126512.0,0.0,0.0,0.0,5126512.0
20260225,920077,吉林碳谷,12470051.0,110192630.0,0.0,0.0,0.0,110192630.0
20260225,920080,奥美森,298637.0,12152531.0,0.0,0.0,0.0,12152531.0
20260225,920082,方正阀门,207399.0,12857277.0,0.0,0.0,0.0,12857277.0
20260225,920086,科马材料,318806.0,13423996.0,0.0,0.0,0.0,13423996.0
20260225,920087,秋乐种业,4707904.0,21278007.0,0.0,0.0,0.0,21278007.0
20260225,920088,科力股份,24353547.0,50150638.0,0.0,0.0,0.0,50150638.0
20260225,920089,禾昌聚合,4611763.0,52859516.0,0.0,0.0,0.0,52859516.0
20260225,920090,同辉信息,106377.0,3879247.0,0.0,0.0,0.0,3879247.0
20260225,920091,大鹏工业,2703712.0,18657905.0,0.0,0.0,0.0,18657905.0
20260225,920092,汉鑫科技,1531056.0,24695683.0,0.0,0.0,0.0,24695683.0
20260225,920098,科隆新材,3576460.0,31343121.0,0.0,0.0,0.0,31343121.0
20260225,920099,瑞华技术,1361559.0,19732979.0,0.0,0.0,0.0,19732979.0
20260225,920100,三协电机,1775978.0,21720237.0,0.0,0.0,0.0,21720237.0
20260225,920101,志高机械,617363.0,21210104.0,0.0,0.0,0.0,21210104.0
20260225,920106,林泰新材,3020175.0,39200514.0,0.0,0.0,0.0,39200514.0
20260225,920108,宏海科技,77518.0,9047478.0,0.0,0.0,0.0,9047478.0
20260225,920110,雷特科技,40937.0,2441465.0,0.0,0.0,0.0,2441465.0
20260225,920111,聚星科技,1857737.0,29899741.0,0.0,0.0,0.0,29899741.0
20260225,920112,巴兰仕,441739.0,9311561.0,0.0,0.0,0.0,9311561.0
20260225,920116,星图测控,13014799.0,156911382.0,0.0,0.0,0.0,156911382.0
20260225,920118,太湖远大,201689.0,6123845.0,0.0,0.0,0.0,6123845.0
20260225,920119,美德乐,3042262.0,18852894.0,0.0,0.0,0.0,18852894.0
20260225,920121,江天科技,303678.0,7815630.0,0.0,0.0,0.0,7815630.0
20260225,920122,中纺标,663907.0,12340876.0,0.0,0.0,0.0,12340876.0
20260225,920123,芭薇股份,1805221.0,11201520.0,0.0,0.0,0.0,11201520.0
20260225,920124,南特科技,900914.0,15493792.0,0.0,0.0,0.0,15493792.0
20260225,920128,胜业电气,3676907.0,16673482.0,0.0,0.0,0.0,16673482.0
20260225,920130,立方控股,921716.0,14010465.0,0.0,0.0,0.0,14010465.0
20260225,920132,泰鹏智能,1724443.0,2197695.0,0.0,0.0,0.0,2197695.0
20260225,920139,华岭股份,2646318.0,62576353.0,0.0,0.0,0.0,62576353.0
20260225,920145,恒合股份,512352.0,1930420.0,0.0,0.0,0.0,1930420.0
20260225,920146,华阳变速,57064.0,5088606.0,0.0,0.0,0.0,5088606.0
20260225,920149,旭杰科技,182721.0,5224526.0,0.0,0.0,0.0,5224526.0
20260225,920152,昆工科技,122388.0,23714399.0,0.0,0.0,0.0,23714399.0
20260225,920158,长江能科,184448.0,4257124.0,0.0,0.0,0.0,4257124.0
20260225,920159,农大科技,3019448.0,9087045.0,0.0,0.0,0.0,9087045.0
20260225,920160,北矿检测,813048.0,14445937.0,0.0,0.0,0.0,14445937.0
20260225,920163,方大新材,81327.0,4614763.0,0.0,0.0,0.0,4614763.0
20260225,920166,海圣医疗,428871.0,2640595.0,0.0,0.0,0.0,2640595.0
20260225,920167,同享科技,6815927.0,21468039.0,0.0,0.0,0.0,21468039.0
20260225,920169,七丰精工,1615528.0,23232758.0,0.0,0.0,0.0,23232758.0
20260225,920171,志晟信息,1239077.0,10677845.0,0.0,0.0,0.0,10677845.0
20260225,920174,五新隧装,1807514.0,57754132.0,0.0,0.0,0.0,57754132.0
20260225,920175,东方碳素,398443.0,5637217.0,0.0,0.0,0.0,5637217.0
20260225,920179,凯德石英,31576633.0,121923268.0,0.0,0.0,0.0,121923268.0
20260225,920180,爱得科技,579561.0,7761317.0,0.0,0.0,0.0,7761317.0
20260225,920184,国源科技,756522.0,24458565.0,0.0,0.0,0.0,24458565.0
20260225,920185,贝特瑞,13052945.0,314315857.0,0.0,0.0,0.0,314315857.0
20260225,920190,雷神科技,2019759.0,52262730.0,0.0,0.0,0.0,52262730.0
20260225,920195,三祥科技,1316223.0,17690152.0,0.0,0.0,0.0,17690152.0
20260225,920198,微创光电,129465.0,6188228.0,0.0,0.0,0.0,6188228.0
20260225,920199,倍益康,2649265.0,24154132.0,0.0,0.0,0.0,24154132.0
20260225,920204,沪江材料,565919.0,13749441.0,0.0,0.0,0.0,13749441.0
20260225,920207,众诚科技,497094.0,15603344.0,0.0,0.0,0.0,15603344.0
20260225,920208,青矩技术,329738.0,18792806.0,0.0,0.0,0.0,18792806.0
20260225,920212,智新电子,665081.0,4182568.0,0.0,0.0,0.0,4182568.0
20260225,920221,易实精密,383737.0,7514187.0,0.0,0.0,0.0,7514187.0
20260225,920223,荣亿精密,1138392.0,17208259.0,0.0,0.0,0.0,17208259.0
20260225,920225,利通科技,6370075.0,84167716.0,0.0,0.0,0.0,84167716.0
20260225,920227,美登科技,1835257.0,31805073.0,0.0,0.0,0.0,31805073.0
20260225,920230,欧康医药,1071917.0,4401005.0,0.0,0.0,0.0,4401005.0
20260225,920237,力佳科技,1278631.0,13688262.0,0.0,0.0,0.0,13688262.0
20260225,920239,长虹能源,3638757.0,73133144.0,0.0,0.0,0.0,73133144.0
20260225,920242,建邦科技,273222.0,6544989.0,0.0,0.0,0.0,6544989.0
20260225,920245,威博液压,201489.0,6854000.0,0.0,0.0,0.0,6854000.0
20260225,920247,华密新材,2414245.0,23769993.0,0.0,0.0,0.0,23769993.0
20260225,920249,利尔达,1529485.0,34285673.0,0.0,0.0,0.0,34285673.0
20260225,920252,天宏锂电,2627877.0,27247504.0,0.0,0.0,0.0,27247504.0
20260225,920260,中寰股份,1773259.0,9486425.0,0.0,0.0,0.0,9486425.0
20260225,920261,一诺威,1430900.0,24720507.0,0.0,0.0,0.0,24720507.0
20260225,920262,太湖雪,225287.0,4921569.0,0.0,0.0,0.0,4921569.0
20260225,920263,中航泰达,1327779.0,10725965.0,0.0,0.0,0.0,10725965.0
20260225,920266,生物谷,0.0,6749089.0,0.0,0.0,0.0,6749089.0
20260225,920267,鑫汇科,499743.0,5211287.0,0.0,0.0,0.0,5211287.0
20260225,920270,天铭科技,2392936.0,11589924.0,0.0,0.0,0.0,11589924.0
20260225,920271,邦德股份,210995.0,12776426.0,0.0,0.0,0.0,12776426.0
20260225,920273,一致魔芋,1084916.0,22917173.0,0.0,0.0,0.0,22917173.0
20260225,920274,宏裕包材,646230.0,14950421.0,0.0,0.0,0.0,14950421.0
20260225,920275,驱动力,448890.0,9175279.0,0.0,0.0,0.0,9175279.0
20260225,920278,鹿得医疗,739305.0,18610815.0,0.0,0.0,0.0,18610815.0
20260225,920284,灵鸽科技,1918630.0,32960619.0,0.0,0.0,0.0,32960619.0
20260225,920299,灿能电力,3373043.0,15310000.0,0.0,0.0,0.0,15310000.0
20260225,920300,辰光医疗,758087.0,18537472.0,0.0,0.0,0.0,18537472.0
20260225,920304,迪尔化工,4834973.0,14438624.0,0.0,0.0,0.0,14438624.0
20260225,920339,恒太照明,862930.0,7159030.0,0.0,0.0,0.0,7159030.0
20260225,920344,三元基因,157377.0,16165827.0,0.0,0.0,0.0,16165827.0
20260225,920346,威贸电子,341986.0,24061928.0,0.0,0.0,0.0,24061928.0
20260225,920351,华光源海,1952238.0,12773409.0,0.0,0.0,0.0,12773409.0
20260225,920357,雅葆轩,1352353.0,12673651.0,0.0,0.0,0.0,12673651.0
20260225,920363,莱赛激光,859074.0,13995623.0,0.0,0.0,0.0,13995623.0
20260225,920367,新赣江,145335.0,11846621.0,0.0,0.0,0.0,11846621.0
20260225,920368,连城数控,77210896.0,321208827.0,0.0,3200.0,208032.0,321416859.0
20260225,920370,新安洁,244270.0,3853681.0,0.0,0.0,0.0,3853681.0
20260225,920371,欧福蛋业,326725.0,12107471.0,0.0,0.0,0.0,12107471.0
20260225,920374,云里物里,74031.0,22387053.0,0.0,0.0,0.0,22387053.0
20260225,920375,派诺科技,558860.0,10521394.0,0.0,0.0,0.0,10521394.0
20260225,920378,泰德股份,3136725.0,26399046.0,0.0,0.0,0.0,26399046.0
20260225,920392,佳合科技,1409505.0,11152349.0,0.0,0.0,0.0,11152349.0
20260225,920394,民士达,2730731.0,63342522.0,0.0,0.0,0.0,63342522.0
20260225,920395,朗鸿科技,227243.0,31377708.0,0.0,0.0,0.0,31377708.0
20260225,920396,常辅股份,3916674.0,21831967.0,0.0,0.0,0.0,21831967.0
20260225,920402,硅烷科技,4078293.0,61822283.0,0.0,0.0,0.0,61822283.0
20260225,920403,康农种业,2661746.0,10179800.0,0.0,0.0,0.0,10179800.0
20260225,920405,海希通讯,3644158.0,110669077.0,0.0,0.0,0.0,110669077.0
20260225,920407,驰诚股份,239314.0,8621680.0,0.0,0.0,0.0,8621680.0
20260225,920414,欧普泰,393571.0,4735883.0,0.0,0.0,0.0,4735883.0
20260225,920415,恒拓开源,1758803.0,22367061.0,0.0,0.0,0.0,22367061.0
20260225,920418,苏轴股份,3782492.0,66091302.0,0.0,0.0,0.0,66091302.0
20260225,920419,路斯股份,870203.0,18218803.0,0.0,0.0,0.0,18218803.0
20260225,920422,润普食品,145326.0,9382647.0,0.0,0.0,0.0,9382647.0
20260225,920425,乐创技术,3614582.0,16263861.0,0.0,0.0,0.0,16263861.0
20260225,920427,华维设计,1830905.0,7714967.0,0.0,0.0,0.0,7714967.0
20260225,920429,康比特,1046041.0,26375836.0,0.0,0.0,0.0,26375836.0
20260225,920433,大唐药业,181001.0,5739093.0,0.0,0.0,0.0,5739093.0
20260225,920436,大地电气,189866.0,9340961.0,0.0,0.0,0.0,9340961.0
20260225,920438,戈碧迦,11272781.0,116967718.0,0.0,0.0,0.0,116967718.0
20260225,920445,龙竹科技,723991.0,24432617.0,0.0,0.0,0.0,24432617.0
20260225,920454,同心传动,822067.0,21692426.0,0.0,0.0,0.0,21692426.0
20260225,920455,汇隆活塞,512437.0,4696157.0,0.0,0.0,0.0,4696157.0
20260225,920469,富恒新材,1691603.0,24644844.0,0.0,0.0,0.0,24644844.0
20260225,920471,美邦科技,2296621.0,7523558.0,0.0,0.0,0.0,7523558.0
20260225,920475,三友科技,17320.0,10486430.0,0.0,0.0,0.0,10486430.0
20260225,920476,海能技术,1163079.0,26675987.0,0.0,0.0,0.0,26675987.0
20260225,920478,峆一药业,977099.0,10836452.0,0.0,0.0,0.0,10836452.0
20260225,920489,佳先股份,900584.0,35844103.0,0.0,0.0,0.0,35844103.0
20260225,920491,奥迪威,2269827.0,130625329.0,0.0,0.0,0.0,130625329.0
20260225,920493,并行科技,14096893.0,196201911.0,0.0,0.0,0.0,196201911.0
20260225,920496,许昌智能,1313991.0,28372370.0,0.0,0.0,0.0,28372370.0
20260225,920504,博迅生物,43904.0,1348174.0,0.0,0.0,0.0,1348174.0
20260225,920505,九菱科技,6534349.0,22647189.0,0.0,0.0,0.0,22647189.0
20260225,920508,殷图网联,130795.0,5527932.0,0.0,0.0,0.0,5527932.0
20260225,920509,同惠电子,2423345.0,33945812.0,0.0,0.0,0.0,33945812.0
20260225,920510,丰光精密,1274555.0,24458805.0,0.0,0.0,0.0,24458805.0
20260225,920519,万德股份,640016.0,8920089.0,0.0,0.0,0.0,8920089.0
20260225,920522,纳科诺尔,26898434.0,170179792.0,0.0,0.0,0.0,170179792.0
20260225,920523,德瑞锂电,1700363.0,70487719.0,0.0,0.0,0.0,70487719.0
20260225,920526,凯华材料,1736746.0,7456061.0,0.0,0.0,0.0,7456061.0
20260225,920527,夜光明,127221.0,4198999.0,0.0,0.0,0.0,4198999.0
20260225,920533,骏创科技,4870228.0,55765937.0,0.0,0.0,0.0,55765937.0
20260225,920541,铁大科技,1344513.0,25203197.0,0.0,0.0,0.0,25203197.0
20260225,920547,无锡晶海,796964.0,8990847.0,0.0,0.0,0.0,8990847.0
20260225,920553,凯腾精工,99593.0,5801707.0,0.0,0.0,0.0,5801707.0
20260225,920556,雅达股份,840491.0,28303689.0,0.0,0.0,0.0,28303689.0
20260225,920564,天润科技,542339.0,14233461.0,0.0,0.0,0.0,14233461.0
20260225,920566,梓橦宫,1315881.0,31269345.0,0.0,0.0,0.0,31269345.0
20260225,920570,坤博精工,422243.0,13489031.0,0.0,0.0,0.0,13489031.0
20260225,920571,国航远洋,10763994.0,45327284.0,0.0,0.0,0.0,45327284.0
20260225,920575,康乐卫士,141544.0,13931521.0,0.0,0.0,0.0,13931521.0
20260225,920576,天力复合,16323712.0,53122064.0,0.0,0.0,0.0,53122064.0
20260225,920578,巨能股份,34003.0,15431846.0,0.0,0.0,0.0,15431846.0
20260225,920579,机科股份,508668.0,15207913.0,0.0,0.0,0.0,15207913.0
20260225,920580,科创新材,1038002.0,7222328.0,0.0,0.0,0.0,7222328.0
20260225,920592,华信永道,2110113.0,31832444.0,0.0,0.0,0.0,31832444.0
20260225,920593,鼎智科技,4719686.0,75443218.0,0.0,0.0,0.0,75443218.0
20260225,920599,同力股份,3686837.0,150631428.0,0.0,0.0,0.0,150631428.0
20260225,920608,丰安股份,247055.0,2606859.0,0.0,0.0,0.0,2606859.0
20260225,920627,力王股份,3299188.0,13834554.0,0.0,0.0,0.0,13834554.0
20260225,920634,新威凌,3409314.0,12520001.0,0.0,0.0,0.0,12520001.0
20260225,920639,晨光电缆,1027137.0,31493971.0,0.0,0.0,0.0,31493971.0
20260225,920640,富士达,25108894.0,177206622.0,0.0,0.0,0.0,177206622.0
20260225,920641,格利尔,588625.0,8285239.0,0.0,0.0,0.0,8285239.0
20260225,920642,通易航天,488106.0,10512434.0,0.0,0.0,0.0,10512434.0
20260225,920651,天罡股份,1764141.0,4581281.0,0.0,0.0,0.0,4581281.0
20260225,920656,海昇药业,194523.0,5998169.0,0.0,0.0,0.0,5998169.0
20260225,920662,方盛股份,3506691.0,17573161.0,0.0,0.0,0.0,17573161.0
20260225,920663,明阳科技,393125.0,10807457.0,0.0,0.0,0.0,10807457.0
20260225,920665,科强股份,1943476.0,15049589.0,0.0,0.0,0.0,15049589.0
20260225,920670,数字人,1133495.0,10718961.0,0.0,0.0,0.0,10718961.0
20260225,920675,秉扬科技,3021870.0,12211779.0,0.0,0.0,0.0,12211779.0
20260225,920679,前进科技,150711.0,6782448.0,0.0,0.0,0.0,6782448.0
20260225,920682,球冠电缆,2490006.0,26841027.0,0.0,0.0,0.0,26841027.0
20260225,920685,新芝生物,4413.0,13214095.0,0.0,0.0,0.0,13214095.0
20260225,920689,克莱特,1700373.0,22114162.0,0.0,0.0,0.0,22114162.0
20260225,920690,捷众科技,203052.0,22546789.0,0.0,0.0,0.0,22546789.0
20260225,920693,阿为特,248907.0,24312640.0,0.0,0.0,0.0,24312640.0
20260225,920694,中裕科技,1153837.0,11298913.0,0.0,0.0,0.0,11298913.0
20260225,920699,海达尔,582013.0,38847580.0,0.0,0.0,0.0,38847580.0
20260225,920701,豪声电子,353727.0,27065984.0,0.0,0.0,0.0,27065984.0
20260225,920703,广厦环能,393267.0,20191657.0,0.0,0.0,0.0,20191657.0
20260225,920706,铁拓机械,5223510.0,37838848.0,0.0,0.0,0.0,37838848.0
20260225,920717,瑞星股份,529344.0,3617369.0,0.0,0.0,0.0,3617369.0
20260225,920718,合肥高科,32673.0,5721308.0,0.0,0.0,0.0,5721308.0
20260225,920719,宁新新材,99202.0,6557495.0,0.0,0.0,0.0,6557495.0
20260225,920720,吉冈精密,903096.0,20742507.0,0.0,0.0,0.0,20742507.0
20260225,920725,惠丰钻石,5626326.0,21847822.0,0.0,0.0,0.0,21847822.0
20260225,920726,朱老六,953294.0,12950213.0,0.0,0.0,0.0,12950213.0
20260225,920729,永顺生物,2105493.0,12228620.0,0.0,0.0,0.0,12228620.0
20260225,920735,德源药业,2899362.0,66621359.0,0.0,0.0,0.0,66621359.0
20260225,920748,路桥信息,466786.0,4034160.0,0.0,0.0,0.0,4034160.0
20260225,920751,惠同新材,2601704.0,26263519.0,0.0,0.0,0.0,26263519.0
20260225,920753,天纺标,242590.0,11774678.0,0.0,0.0,0.0,11774678.0
20260225,920765,美之高,2064825.0,6429290.0,0.0,0.0,0.0,6429290.0
20260225,920768,拾比佰,835036.0,12991197.0,0.0,0.0,0.0,12991197.0
20260225,920770,艾能聚,2588689.0,36413325.0,0.0,0.0,0.0,36413325.0
20260225,920779,武汉蓝电,1289503.0,13627018.0,0.0,0.0,0.0,13627018.0
20260225,920781,瑞奇智造,195474.0,4902091.0,0.0,0.0,0.0,4902091.0
20260225,920786,骑士乳业,1431628.0,19648503.0,0.0,0.0,0.0,19648503.0
20260225,920790,联迪信息,476759.0,19327304.0,0.0,0.0,0.0,19327304.0
20260225,920792,东和新材,1054803.0,11307672.0,0.0,0.0,0.0,11307672.0
20260225,920799,艾融软件,3508034.0,144306928.0,0.0,0.0,0.0,144306928.0
20260225,920802,保丽洁,0.0,1289179.0,0.0,0.0,0.0,1289179.0
20260225,920806,云星宇,2408163.0,40910039.0,0.0,0.0,0.0,40910039.0
20260225,920807,奔朗新材,5606336.0,21012187.0,0.0,0.0,0.0,21012187.0
20260225,920808,曙光数创,18507920.0,277284152.0,0.0,0.0,0.0,277284152.0
20260225,920809,安达科技,13190248.0,45211966.0,0.0,0.0,0.0,45211966.0
20260225,920810,春光智能,0.0,1585101.0,0.0,0.0,0.0,1585101.0
20260225,920819,颖泰生物,2727892.0,35570981.0,5100.0,5100.0,20757.0,35591738.0
20260225,920821,则成电子,870762.0,19605891.0,0.0,0.0,0.0,19605891.0
20260225,920826,盖世食品,969804.0,19637653.0,0.0,0.0,0.0,19637653.0
20260225,920832,齐鲁华信,315506.0,7278963.0,0.0,0.0,0.0,7278963.0
20260225,920833,美心翼申,4409453.0,15315244.0,0.0,0.0,0.0,15315244.0
20260225,920834,三维装备,117133.0,6271094.0,0.0,0.0,0.0,6271094.0
20260225,920837,华原股份,905537.0,18236876.0,0.0,0.0,0.0,18236876.0
20260225,920839,万通液压,1785980.0,27691132.0,0.0,0.0,0.0,27691132.0
20260225,920855,浙江大农,100798.0,3130617.0,0.0,0.0,0.0,3130617.0
20260225,920856,浩淼科技,367426.0,12735012.0,0.0,0.0,0.0,12735012.0
20260225,920857,泓禧科技,723376.0,6826888.0,0.0,0.0,0.0,6826888.0
20260225,920866,绿亨科技,1093600.0,7057081.0,0.0,0.0,0.0,7057081.0
20260225,920870,恒进感应,135578.0,14322220.0,0.0,0.0,0.0,14322220.0
20260225,920871,派特尔,435825.0,7467611.0,0.0,0.0,0.0,7467611.0
20260225,920873,中设咨询,0.0,5879711.0,0.0,0.0,0.0,5879711.0
20260225,920876,慧为智能,403349.0,9964026.0,0.0,0.0,0.0,9964026.0
20260225,920879,基康技术,1684998.0,25119233.0,0.0,0.0,0.0,25119233.0
20260225,920885,星辰科技,4967386.0,42432123.0,0.0,0.0,0.0,42432123.0
20260225,920892,广咨国际,1565607.0,6986854.0,0.0,0.0,0.0,6986854.0
20260225,920895,花溪科技,76435.0,2072596.0,0.0,0.0,0.0,2072596.0
20260225,920896,旺成科技,446528.0,10091198.0,0.0,0.0,0.0,10091198.0
20260225,920906,舜宇精工,480693.0,8359920.0,0.0,0.0,0.0,8359920.0
20260225,920914,远航精密,3434828.0,38945801.0,0.0,0.0,0.0,38945801.0
20260225,920924,广脉科技,3344497.0,19670128.0,0.0,0.0,0.0,19670128.0
20260225,920925,锦好医疗,647555.0,18539763.0,0.0,0.0,0.0,18539763.0
20260225,920926,鸿智科技,464656.0,6900092.0,0.0,0.0,0.0,6900092.0
20260225,920931,无锡鼎邦,83643.0,3344309.0,0.0,0.0,0.0,3344309.0
20260225,920932,科达自控,158537.0,25918518.0,0.0,0.0,0.0,25918518.0
20260225,920942,恒立钻具,481041.0,26429011.0,0.0,0.0,0.0,26429011.0
20260225,920943,优机股份,1928867.0,21310377.0,0.0,0.0,0.0,21310377.0
20260225,920946,森萱医药,1348926.0,27641203.0,0.0,0.0,0.0,27641203.0
20260225,920950,迅安科技,118863.0,2203233.0,0.0,0.0,0.0,2203233.0
20260225,920953,国子软件,1642304.0,43068383.0,0.0,0.0,0.0,43068383.0
20260225,920957,汉维科技,960621.0,1198167.0,0.0,0.0,0.0,1198167.0
20260225,920961,创远信科,1832741.0,51180328.0,0.0,0.0,0.0,51180328.0
20260225,920964,润农节水,500446.0,24819434.0,0.0,0.0,0.0,24819434.0
20260225,920970,大禹生物,157525.0,1310214.0,0.0,0.0,0.0,1310214.0
20260225,920971,天马新材,2777946.0,50206488.0,0.0,0.0,0.0,50206488.0
20260225,920974,凯大催化,280135.0,5244743.0,0.0,0.0,0.0,5244743.0
20260225,920976,视声智能,2005143.0,11649373.0,0.0,0.0,0.0,11649373.0
20260225,920978,开特股份,2831280.0,79809540.0,0.0,0.0,0.0,79809540.0
20260225,920981,晶赛科技,1387624.0,20221324.0,0.0,0.0,0.0,20221324.0
20260225,920982,锦波生物,4641906.0,375761369.0,0.0,0.0,0.0,375761369.0
20260225,920985,海泰新能,1354522.0,26732555.0,0.0,0.0,0.0,26732555.0
20260225,920992,中科美菱,1806177.0,9268219.0,0.0,0.0,0.0,9268219.0
20260225,日期：2026-02-25,,,,,,,
20260226,920000,安徽凤凰,823511.0,10881410.0,0.0,0.0,0.0,10881410.0
20260226,920001,纬达光电,523761.0,17692868.0,0.0,0.0,0.0,17692868.0
20260226,920002,万达轴承,2841688.0,50668374.0,0.0,0.0,0.0,50668374.0
20260226,920003,中诚咨询,256191.0,6637364.0,0.0,0.0,0.0,6637364.0
20260226,920005,鼎佳精密,1158661.0,13063599.0,0.0,0.0,0.0,13063599.0
20260226,920006,晟楠科技,792448.0,15782645.0,0.0,0.0,0.0,15782645.0
20260226,920007,酉立智能,653137.0,9796264.0,0.0,0.0,0.0,9796264.0
20260226,920008,成电光信,831090.0,21844319.0,0.0,0.0,0.0,21844319.0
20260226,920009,丹娜生物,153013.0,5331220.0,0.0,0.0,0.0,5331220.0
20260226,920010,凯添燃气,2567200.0,29239330.0,0.0,0.0,0.0,29239330.0
20260226,920014,特瑞斯,1120477.0,6819285.0,0.0,0.0,0.0,6819285.0
20260226,920015,锦华新材,2408260.0,36868195.0,0.0,0.0,0.0,36868195.0
20260226,920016,中草香料,354211.0,7425331.0,0.0,0.0,0.0,7425331.0
20260226,920017,星昊医药,1405547.0,44710329.0,0.0,0.0,0.0,44710329.0
20260226,920018,宏远股份,6556785.0,40520201.0,0.0,0.0,0.0,40520201.0
20260226,920019,铜冠矿建,4673108.0,45811055.0,0.0,0.0,0.0,45811055.0
20260226,920020,泰凯英,114808.0,21344581.0,0.0,0.0,0.0,21344581.0
20260226,920021,流金科技,12094654.0,64890419.0,0.0,0.0,0.0,64890419.0
20260226,920022,世昌股份,258295.0,2897624.0,0.0,0.0,0.0,2897624.0
20260226,920023,田野股份,165321.0,7367793.0,0.0,0.0,0.0,7367793.0
20260226,920026,卓兆点胶,753761.0,13574965.0,0.0,0.0,0.0,13574965.0
20260226,920027,交大铁发,345034.0,8644941.0,0.0,0.0,0.0,8644941.0
20260226,920029,开发科技,7386874.0,82605969.0,0.0,0.0,0.0,82605969.0
20260226,920030,德众汽车,1517425.0,13046320.0,0.0,0.0,0.0,13046320.0
20260226,920033,康普化学,491418.0,17924734.0,0.0,0.0,0.0,17924734.0
20260226,920035,精创电气,67175.0,6347495.0,0.0,0.0,0.0,6347495.0
20260226,920037,广信科技,2201268.0,52365831.0,0.0,0.0,0.0,52365831.0
20260226,920039,国义招标,727382.0,18558524.0,0.0,0.0,0.0,18558524.0
20260226,920045,蘅东光,36658705.0,157918032.0,0.0,0.0,0.0,157918032.0
20260226,920046,亿能电力,11480882.0,19671310.0,0.0,0.0,0.0,19671310.0
20260226,920047,诺思兰德,785528.0,34129187.0,0.0,1100.0,25355.0,34154542.0
20260226,920050,爱舍伦,213194.0,5221400.0,0.0,0.0,0.0,5221400.0
20260226,920056,能之光,1305274.0,19305068.0,0.0,0.0,0.0,19305068.0
20260226,920057,百甲科技,162799.0,3519082.0,0.0,0.0,0.0,3519082.0
20260226,920058,华洋赛车,82747.0,6853735.0,0.0,0.0,0.0,6853735.0
20260226,920060,万源通,26328443.0,71578604.0,0.0,0.0,0.0,71578604.0
20260226,920061,西磁科技,1029620.0,11208112.0,0.0,0.0,0.0,11208112.0
20260226,920062,科润智控,4690107.0,37505017.0,0.0,0.0,0.0,37505017.0
20260226,920066,科拜尔,2733585.0,11734045.0,0.0,0.0,0.0,11734045.0
20260226,920068,天工股份,9016239.0,43409244.0,0.0,0.0,0.0,43409244.0
20260226,920075,柏星龙,1536622.0,14674391.0,0.0,0.0,0.0,14674391.0
20260226,920076,国亮新材,755839.0,5410910.0,0.0,0.0,0.0,5410910.0
20260226,920077,吉林碳谷,6134377.0,107143060.0,0.0,0.0,0.0,107143060.0
20260226,920080,奥美森,323870.0,11463272.0,0.0,0.0,0.0,11463272.0
20260226,920082,方正阀门,550702.0,13068921.0,0.0,0.0,0.0,13068921.0
20260226,920086,科马材料,594036.0,13211734.0,0.0,0.0,0.0,13211734.0
20260226,920087,秋乐种业,7838491.0,23550805.0,0.0,0.0,0.0,23550805.0
20260226,920088,科力股份,11353421.0,49026883.0,0.0,0.0,0.0,49026883.0
20260226,920089,禾昌聚合,4542079.0,47557571.0,0.0,0.0,0.0,47557571.0
20260226,920090,同辉信息,188097.0,4040629.0,0.0,0.0,0.0,4040629.0
20260226,920091,大鹏工业,479728.0,18334313.0,0.0,0.0,0.0,18334313.0
20260226,920092,汉鑫科技,2222477.0,23540496.0,0.0,0.0,0.0,23540496.0
20260226,920098,科隆新材,1810717.0,30949849.0,0.0,0.0,0.0,30949849.0
20260226,920099,瑞华技术,2096279.0,19971560.0,0.0,0.0,0.0,19971560.0
20260226,920100,三协电机,1636564.0,21188620.0,0.0,0.0,0.0,21188620.0
20260226,920101,志高机械,2216748.0,22355359.0,0.0,0.0,0.0,22355359.0
20260226,920106,林泰新材,2319016.0,37424975.0,0.0,0.0,0.0,37424975.0
20260226,920108,宏海科技,117526.0,9112483.0,0.0,0.0,0.0,9112483.0
20260226,920110,雷特科技,205468.0,2430337.0,0.0,0.0,0.0,2430337.0
20260226,920111,聚星科技,1607490.0,29543695.0,0.0,0.0,0.0,29543695.0
20260226,920112,巴兰仕,248334.0,9287667.0,0.0,0.0,0.0,9287667.0
20260226,920116,星图测控,15489545.0,158389718.0,0.0,0.0,0.0,158389718.0
20260226,920118,太湖远大,462789.0,6322299.0,0.0,0.0,0.0,6322299.0
20260226,920119,美德乐,4130824.0,19012279.0,0.0,0.0,0.0,19012279.0
20260226,920121,江天科技,318198.0,8074322.0,0.0,0.0,0.0,8074322.0
20260226,920122,中纺标,764005.0,12386795.0,0.0,0.0,0.0,12386795.0
20260226,920123,芭薇股份,409994.0,10622959.0,0.0,0.0,0.0,10622959.0
20260226,920124,南特科技,1680582.0,16609578.0,0.0,0.0,0.0,16609578.0
20260226,920128,胜业电气,725618.0,15493652.0,0.0,0.0,0.0,15493652.0
20260226,920130,立方控股,70736.0,14042747.0,0.0,0.0,0.0,14042747.0
20260226,920132,泰鹏智能,1680623.0,2580661.0,0.0,0.0,0.0,2580661.0
20260226,920139,华岭股份,3804666.0,61966954.0,0.0,0.0,0.0,61966954.0
20260226,920145,恒合股份,451542.0,2147644.0,0.0,0.0,0.0,2147644.0
20260226,920146,华阳变速,31478.0,4646394.0,0.0,0.0,0.0,4646394.0
20260226,920149,旭杰科技,706770.0,5243072.0,0.0,0.0,0.0,5243072.0
20260226,920152,昆工科技,285156.0,23944695.0,0.0,0.0,0.0,23944695.0
20260226,920158,长江能科,374093.0,4519967.0,0.0,0.0,0.0,4519967.0
20260226,920159,农大科技,993032.0,8814410.0,0.0,0.0,0.0,8814410.0
20260226,920160,北矿检测,1270455.0,15119661.0,0.0,0.0,0.0,15119661.0
20260226,920163,方大新材,346555.0,4347720.0,0.0,0.0,0.0,4347720.0
20260226,920166,海圣医疗,482937.0,2838195.0,0.0,0.0,0.0,2838195.0
20260226,920167,同享科技,4234891.0,21887077.0,0.0,0.0,0.0,21887077.0
20260226,920168,N通宝,7603050.0,6533896.0,0.0,0.0,0.0,6533896.0
20260226,920169,七丰精工,2705764.0,23386024.0,0.0,0.0,0.0,23386024.0
20260226,920171,志晟信息,1355931.0,10858712.0,0.0,0.0,0.0,10858712.0
20260226,920174,五新隧装,1798148.0,56116598.0,0.0,0.0,0.0,56116598.0
20260226,920175,东方碳素,110726.0,5608600.0,0.0,0.0,0.0,5608600.0
20260226,920179,凯德石英,16845657.0,120201053.0,0.0,0.0,0.0,120201053.0
20260226,920180,爱得科技,1109315.0,7589219.0,0.0,0.0,0.0,7589219.0
20260226,920184,国源科技,2109216.0,25716023.0,0.0,0.0,0.0,25716023.0
20260226,920185,贝特瑞,8488960.0,312259315.0,0.0,0.0,0.0,312259315.0
20260226,920190,雷神科技,1522206.0,49377034.0,0.0,0.0,0.0,49377034.0
20260226,920195,三祥科技,1473265.0,17680173.0,0.0,0.0,0.0,17680173.0
20260226,920198,微创光电,40810.0,5890798.0,0.0,0.0,0.0,5890798.0
20260226,920199,倍益康,2158973.0,24151847.0,0.0,0.0,0.0,24151847.0
20260226,920204,沪江材料,1001048.0,13493554.0,0.0,0.0,0.0,13493554.0
20260226,920207,众诚科技,2370094.0,15625632.0,0.0,0.0,0.0,15625632.0
20260226,920208,青矩技术,684302.0,19148913.0,0.0,0.0,0.0,19148913.0
20260226,920212,智新电子,1209359.0,4156432.0,0.0,0.0,0.0,4156432.0
20260226,920221,易实精密,1116258.0,7518860.0,0.0,0.0,0.0,7518860.0
20260226,920223,荣亿精密,531552.0,15819283.0,0.0,0.0,0.0,15819283.0
20260226,920225,利通科技,11680029.0,91449413.0,0.0,0.0,0.0,91449413.0
20260226,920227,美登科技,1888811.0,30708075.0,0.0,0.0,0.0,30708075.0
20260226,920230,欧康医药,914802.0,4902165.0,0.0,0.0,0.0,4902165.0
20260226,920237,力佳科技,1823302.0,13261881.0,0.0,0.0,0.0,13261881.0
20260226,920239,长虹能源,4302892.0,74611283.0,0.0,0.0,0.0,74611283.0
20260226,920242,建邦科技,1848667.0,7859479.0,0.0,0.0,0.0,7859479.0
20260226,920245,威博液压,388835.0,7183473.0,0.0,0.0,0.0,7183473.0
20260226,920247,华密新材,1852927.0,23553783.0,0.0,0.0,0.0,23553783.0
20260226,920249,利尔达,2141132.0,35214335.0,0.0,0.0,0.0,35214335.0
20260226,920252,天宏锂电,10352720.0,32556513.0,0.0,0.0,0.0,32556513.0
20260226,920260,中寰股份,777258.0,9763273.0,0.0,0.0,0.0,9763273.0
20260226,920261,一诺威,2666700.0,24925335.0,0.0,0.0,0.0,24925335.0
20260226,920262,太湖雪,143409.0,4998525.0,0.0,0.0,0.0,4998525.0
20260226,920263,中航泰达,2183784.0,9076107.0,0.0,0.0,0.0,9076107.0
20260226,920266,生物谷,36655.0,6528784.0,0.0,0.0,0.0,6528784.0
20260226,920267,鑫汇科,393971.0,5363315.0,0.0,0.0,0.0,5363315.0
20260226,920270,天铭科技,3594546.0,13635053.0,0.0,0.0,0.0,13635053.0
20260226,920271,邦德股份,402224.0,12731601.0,0.0,0.0,0.0,12731601.0
20260226,920273,一致魔芋,2720302.0,23609769.0,0.0,0.0,0.0,23609769.0
20260226,920274,宏裕包材,2105845.0,15679149.0,0.0,0.0,0.0,15679149.0
20260226,920275,驱动力,111855.0,9235056.0,0.0,0.0,0.0,9235056.0
20260226,920278,鹿得医疗,517800.0,18395519.0,0.0,0.0,0.0,18395519.0
20260226,920284,灵鸽科技,2277770.0,33254058.0,0.0,0.0,0.0,33254058.0
20260226,920299,灿能电力,7230738.0,15646500.0,0.0,0.0,0.0,15646500.0
20260226,920300,辰光医疗,124499.0,18579956.0,0.0,0.0,0.0,18579956.0
20260226,920304,迪尔化工,2320538.0,13012779.0,0.0,0.0,0.0,13012779.0
20260226,920339,恒太照明,787679.0,6979985.0,0.0,0.0,0.0,6979985.0
20260226,920344,三元基因,354301.0,16133849.0,0.0,0.0,0.0,16133849.0
20260226,920346,威贸电子,490404.0,23504006.0,0.0,0.0,0.0,23504006.0
20260226,920351,华光源海,365081.0,11829338.0,0.0,0.0,0.0,11829338.0
20260226,920357,雅葆轩,8675510.0,16388003.0,0.0,0.0,0.0,16388003.0
20260226,920363,莱赛激光,487099.0,14121267.0,0.0,0.0,0.0,14121267.0
20260226,920367,新赣江,175776.0,11367198.0,0.0,0.0,0.0,11367198.0
20260226,920368,连城数控,67422385.0,340694000.0,0.0,3200.0,199968.0,340893968.0
20260226,920370,新安洁,2677381.0,4611966.0,0.0,0.0,0.0,4611966.0
20260226,920371,欧福蛋业,651689.0,12681921.0,0.0,0.0,0.0,12681921.0
20260226,920374,云里物里,123007.0,22342540.0,0.0,0.0,0.0,22342540.0
20260226,920375,派诺科技,469904.0,10839273.0,0.0,0.0,0.0,10839273.0
20260226,920378,泰德股份,248777.0,26435627.0,0.0,0.0,0.0,26435627.0
20260226,920392,佳合科技,1236329.0,11291641.0,0.0,0.0,0.0,11291641.0
20260226,920394,民士达,11400682.0,69266290.0,0.0,0.0,0.0,69266290.0
20260226,920395,朗鸿科技,410585.0,31429412.0,0.0,0.0,0.0,31429412.0
20260226,920396,常辅股份,3729494.0,22321069.0,0.0,0.0,0.0,22321069.0
20260226,920402,硅烷科技,3064934.0,62821624.0,0.0,0.0,0.0,62821624.0
20260226,920403,康农种业,5005884.0,11235754.0,0.0,0.0,0.0,11235754.0
20260226,920405,海希通讯,11250064.0,110196251.0,0.0,0.0,0.0,110196251.0
20260226,920407,驰诚股份,869662.0,8540721.0,0.0,0.0,0.0,8540721.0
20260226,920414,欧普泰,158163.0,4325269.0,0.0,0.0,0.0,4325269.0
20260226,920415,恒拓开源,1861102.0,22519138.0,0.0,0.0,0.0,22519138.0
20260226,920418,苏轴股份,1085305.0,63982808.0,0.0,0.0,0.0,63982808.0
20260226,920419,路斯股份,542359.0,17966017.0,0.0,0.0,0.0,17966017.0
20260226,920422,润普食品,915547.0,9259262.0,0.0,0.0,0.0,9259262.0
20260226,920425,乐创技术,2036634.0,15748759.0,0.0,0.0,0.0,15748759.0
20260226,920427,华维设计,317441.0,7310420.0,0.0,0.0,0.0,7310420.0
20260226,920429,康比特,1342123.0,26382631.0,0.0,0.0,0.0,26382631.0
20260226,920433,大唐药业,584064.0,6249822.0,0.0,0.0,0.0,6249822.0
20260226,920436,大地电气,204252.0,9351949.0,0.0,0.0,0.0,9351949.0
20260226,920438,戈碧迦,10562384.0,120815293.0,0.0,0.0,0.0,120815293.0
20260226,920445,龙竹科技,1603199.0,24353797.0,0.0,0.0,0.0,24353797.0
20260226,920454,同心传动,527893.0,20338274.0,0.0,0.0,0.0,20338274.0
20260226,920455,汇隆活塞,697310.0,4435225.0,0.0,0.0,0.0,4435225.0
20260226,920469,富恒新材,908676.0,24494680.0,0.0,0.0,0.0,24494680.0
20260226,920471,美邦科技,2086815.0,7581735.0,0.0,0.0,0.0,7581735.0
20260226,920475,三友科技,308774.0,10621284.0,0.0,0.0,0.0,10621284.0
20260226,920476,海能技术,3362482.0,29392443.0,0.0,0.0,0.0,29392443.0
20260226,920478,峆一药业,1006253.0,11105175.0,0.0,0.0,0.0,11105175.0
20260226,920489,佳先股份,1806231.0,36804133.0,0.0,0.0,0.0,36804133.0
20260226,920491,奥迪威,3562400.0,129875937.0,0.0,0.0,0.0,129875937.0
20260226,920493,并行科技,19527951.0,196915112.0,0.0,0.0,0.0,196915112.0
20260226,920496,许昌智能,1534743.0,29251501.0,0.0,0.0,0.0,29251501.0
20260226,920504,博迅生物,7547.0,1340404.0,0.0,0.0,0.0,1340404.0
20260226,920505,九菱科技,3637999.0,20970818.0,0.0,0.0,0.0,20970818.0
20260226,920508,殷图网联,386973.0,5837751.0,0.0,0.0,0.0,5837751.0
20260226,920509,同惠电子,2734744.0,34538430.0,0.0,0.0,0.0,34538430.0
20260226,920510,丰光精密,774644.0,22467820.0,0.0,0.0,0.0,22467820.0
20260226,920519,万德股份,962395.0,8015387.0,0.0,0.0,0.0,8015387.0
20260226,920522,纳科诺尔,10108644.0,154721356.0,0.0,0.0,0.0,154721356.0
20260226,920523,德瑞锂电,3105399.0,70860957.0,0.0,0.0,0.0,70860957.0
20260226,920526,凯华材料,1351810.0,7338222.0,0.0,0.0,0.0,7338222.0
20260226,920527,夜光明,43701.0,4213160.0,0.0,0.0,0.0,4213160.0
20260226,920533,骏创科技,2888459.0,54022852.0,0.0,0.0,0.0,54022852.0
20260226,920541,铁大科技,635783.0,24955310.0,0.0,0.0,0.0,24955310.0
20260226,920547,无锡晶海,2006823.0,10069234.0,0.0,0.0,0.0,10069234.0
20260226,920553,凯腾精工,338646.0,5746176.0,0.0,0.0,0.0,5746176.0
20260226,920556,雅达股份,604299.0,28218833.0,0.0,0.0,0.0,28218833.0
20260226,920564,天润科技,912169.0,14296155.0,0.0,0.0,0.0,14296155.0
20260226,920566,梓橦宫,1040712.0,31188650.0,0.0,0.0,0.0,31188650.0
20260226,920570,坤博精工,1029194.0,12472388.0,0.0,0.0,0.0,12472388.0
20260226,920571,国航远洋,5211706.0,45068279.0,0.0,0.0,0.0,45068279.0
20260226,920575,康乐卫士,413159.0,13478119.0,0.0,0.0,0.0,13478119.0
20260226,920576,天力复合,12224469.0,57458898.0,0.0,0.0,0.0,57458898.0
20260226,920578,巨能股份,313764.0,15407862.0,0.0,0.0,0.0,15407862.0
20260226,920579,机科股份,711379.0,15396316.0,0.0,0.0,0.0,15396316.0
20260226,920580,科创新材,391789.0,6889442.0,0.0,0.0,0.0,6889442.0
20260226,920592,华信永道,2133284.0,31974497.0,0.0,0.0,0.0,31974497.0
20260226,920593,鼎智科技,2854484.0,73589808.0,0.0,0.0,0.0,73589808.0
20260226,920599,同力股份,2882880.0,147326380.0,0.0,0.0,0.0,147326380.0
20260226,920608,丰安股份,215404.0,2611843.0,0.0,0.0,0.0,2611843.0
20260226,920627,力王股份,1388054.0,13363554.0,0.0,0.0,0.0,13363554.0
20260226,920634,新威凌,3322396.0,13322059.0,0.0,0.0,0.0,13322059.0
20260226,920639,晨光电缆,395123.0,30913594.0,0.0,0.0,0.0,30913594.0
20260226,920640,富士达,34182283.0,189224337.0,0.0,0.0,0.0,189224337.0
20260226,920641,格利尔,100477.0,7834930.0,0.0,0.0,0.0,7834930.0
20260226,920642,通易航天,753159.0,10897522.0,0.0,0.0,0.0,10897522.0
20260226,920651,天罡股份,98078.0,3925064.0,0.0,0.0,0.0,3925064.0
20260226,920656,海昇药业,10256.0,5953173.0,0.0,0.0,0.0,5953173.0
20260226,920662,方盛股份,7502939.0,19057842.0,0.0,0.0,0.0,19057842.0
20260226,920663,明阳科技,206825.0,10825958.0,0.0,0.0,0.0,10825958.0
20260226,920665,科强股份,1924984.0,15071070.0,0.0,0.0,0.0,15071070.0
20260226,920670,数字人,884420.0,10193965.0,0.0,0.0,0.0,10193965.0
20260226,920675,秉扬科技,1611592.0,10945098.0,0.0,0.0,0.0,10945098.0
20260226,920679,前进科技,258721.0,6959141.0,0.0,0.0,0.0,6959141.0
20260226,920682,球冠电缆,3043414.0,26667318.0,0.0,0.0,0.0,26667318.0
20260226,920685,新芝生物,151889.0,13290286.0,0.0,0.0,0.0,13290286.0
20260226,920689,克莱特,7065802.0,24050868.0,0.0,0.0,0.0,24050868.0
20260226,920690,捷众科技,839597.0,22479319.0,0.0,0.0,0.0,22479319.0
20260226,920693,阿为特,181712.0,23564558.0,0.0,0.0,0.0,23564558.0
20260226,920694,中裕科技,448127.0,11342160.0,0.0,0.0,0.0,11342160.0
20260226,920699,海达尔,2422726.0,39398205.0,0.0,0.0,0.0,39398205.0
20260226,920701,豪声电子,905254.0,26993178.0,0.0,0.0,0.0,26993178.0
20260226,920703,广厦环能,611890.0,20626306.0,0.0,0.0,0.0,20626306.0
20260226,920706,铁拓机械,2918034.0,36095486.0,0.0,0.0,0.0,36095486.0
20260226,920717,瑞星股份,818234.0,3616533.0,0.0,0.0,0.0,3616533.0
20260226,920718,合肥高科,18583.0,5575674.0,0.0,0.0,0.0,5575674.0
20260226,920719,宁新新材,142430.0,6319836.0,0.0,0.0,0.0,6319836.0
20260226,920720,吉冈精密,838656.0,20870245.0,0.0,0.0,0.0,20870245.0
20260226,920725,惠丰钻石,6689120.0,22201304.0,0.0,0.0,0.0,22201304.0
20260226,920726,朱老六,1072743.0,12657350.0,0.0,0.0,0.0,12657350.0
20260226,920729,永顺生物,1087830.0,11428640.0,0.0,0.0,0.0,11428640.0
20260226,920735,德源药业,3804028.0,69435638.0,0.0,0.0,0.0,69435638.0
20260226,920748,路桥信息,8370.0,3556003.0,0.0,0.0,0.0,3556003.0
20260226,920751,惠同新材,3166086.0,28480377.0,0.0,0.0,0.0,28480377.0
20260226,920753,天纺标,637467.0,11575131.0,0.0,0.0,0.0,11575131.0
20260226,920765,美之高,2232053.0,6703888.0,0.0,0.0,0.0,6703888.0
20260226,920768,拾比佰,872867.0,12564345.0,0.0,0.0,0.0,12564345.0
20260226,920770,艾能聚,2840057.0,37358425.0,0.0,0.0,0.0,37358425.0
20260226,920779,武汉蓝电,1223427.0,13342073.0,0.0,0.0,0.0,13342073.0
20260226,920781,瑞奇智造,120867.0,4944624.0,0.0,0.0,0.0,4944624.0
20260226,920786,骑士乳业,496033.0,19150779.0,0.0,0.0,0.0,19150779.0
20260226,920790,联迪信息,482744.0,19296872.0,0.0,0.0,0.0,19296872.0
20260226,920792,东和新材,843884.0,11431989.0,0.0,0.0,0.0,11431989.0
20260226,920799,艾融软件,4463148.0,143262691.0,0.0,0.0,0.0,143262691.0
20260226,920802,保丽洁,323327.0,1532772.0,0.0,0.0,0.0,1532772.0
20260226,920806,云星宇,2501361.0,41352087.0,0.0,0.0,0.0,41352087.0
20260226,920807,奔朗新材,3009944.0,20707188.0,0.0,0.0,0.0,20707188.0
20260226,920808,曙光数创,45053922.0,290884286.0,0.0,0.0,0.0,290884286.0
20260226,920809,安达科技,9050158.0,44606954.0,0.0,0.0,0.0,44606954.0
20260226,920810,春光智能,43847.0,1589965.0,0.0,0.0,0.0,1589965.0
20260226,920819,颖泰生物,970790.0,34212191.0,0.0,0.0,0.0,34212191.0
20260226,920821,则成电子,3884603.0,21645943.0,0.0,0.0,0.0,21645943.0
20260226,920826,盖世食品,2292866.0,20485287.0,0.0,0.0,0.0,20485287.0
20260226,920832,齐鲁华信,379956.0,7230798.0,0.0,0.0,0.0,7230798.0
20260226,920833,美心翼申,5987741.0,19360074.0,0.0,0.0,0.0,19360074.0
20260226,920834,三维装备,148860.0,6309709.0,0.0,0.0,0.0,6309709.0
20260226,920837,华原股份,1994152.0,17856578.0,0.0,0.0,0.0,17856578.0
20260226,920839,万通液压,2000477.0,27910326.0,0.0,0.0,0.0,27910326.0
20260226,920855,浙江大农,37961.0,3167991.0,0.0,0.0,0.0,3167991.0
20260226,920856,浩淼科技,241871.0,12723993.0,0.0,0.0,0.0,12723993.0
20260226,920857,泓禧科技,1163232.0,6197239.0,0.0,0.0,0.0,6197239.0
20260226,920866,绿亨科技,2512343.0,7915746.0,0.0,0.0,0.0,7915746.0
20260226,920870,恒进感应,157290.0,14305323.0,0.0,0.0,0.0,14305323.0
20260226,920871,派特尔,247251.0,7346323.0,0.0,0.0,0.0,7346323.0
20260226,920873,中设咨询,9440.0,5883931.0,0.0,0.0,0.0,5883931.0
20260226,920876,慧为智能,1166924.0,10901222.0,0.0,0.0,0.0,10901222.0
20260226,920879,基康技术,1632812.0,25262082.0,0.0,0.0,0.0,25262082.0
20260226,920885,星辰科技,5272073.0,43158018.0,0.0,0.0,0.0,43158018.0
20260226,920892,广咨国际,644788.0,6486688.0,0.0,0.0,0.0,6486688.0
20260226,920895,花溪科技,45316.0,2107785.0,0.0,0.0,0.0,2107785.0
20260226,920896,旺成科技,121106.0,9351773.0,0.0,0.0,0.0,9351773.0
20260226,920906,舜宇精工,175149.0,8245607.0,0.0,0.0,0.0,8245607.0
20260226,920914,远航精密,3736322.0,39563972.0,0.0,0.0,0.0,39563972.0
20260226,920924,广脉科技,1475143.0,19345133.0,0.0,0.0,0.0,19345133.0
20260226,920925,锦好医疗,338986.0,18112999.0,0.0,0.0,0.0,18112999.0
20260226,920926,鸿智科技,803475.0,6373708.0,0.0,0.0,0.0,6373708.0
20260226,920931,无锡鼎邦,162377.0,3506686.0,0.0,0.0,0.0,3506686.0
20260226,920932,科达自控,678400.0,25777316.0,0.0,0.0,0.0,25777316.0
20260226,920942,恒立钻具,280125.0,26460041.0,0.0,0.0,0.0,26460041.0
20260226,920943,优机股份,2004428.0,21094706.0,0.0,0.0,0.0,21094706.0
20260226,920946,森萱医药,1438230.0,27203126.0,0.0,0.0,0.0,27203126.0
20260226,920950,迅安科技,415257.0,2210451.0,0.0,0.0,0.0,2210451.0
20260226,920953,国子软件,2457470.0,44062086.0,0.0,0.0,0.0,44062086.0
20260226,920957,汉维科技,259851.0,994111.0,0.0,0.0,0.0,994111.0
20260226,920961,创远信科,1531576.0,51497332.0,0.0,0.0,0.0,51497332.0
20260226,920964,润农节水,261669.0,24851118.0,0.0,0.0,0.0,24851118.0
20260226,920970,大禹生物,9636.0,1269660.0,0.0,0.0,0.0,1269660.0
20260226,920971,天马新材,4075642.0,51659085.0,0.0,0.0,0.0,51659085.0
20260226,920974,凯大催化,244460.0,5457586.0,0.0,0.0,0.0,5457586.0
20260226,920976,视声智能,4445286.0,14169017.0,0.0,0.0,0.0,14169017.0
20260226,920978,开特股份,5034397.0,69464080.0,0.0,0.0,0.0,69464080.0
20260226,920981,晶赛科技,1227363.0,18784708.0,0.0,0.0,0.0,18784708.0
20260226,920982,锦波生物,6222838.0,371965290.0,0.0,0.0,0.0,371965290.0
20260226,920985,海泰新能,1555875.0,27354916.0,0.0,0.0,0.0,27354916.0
20260226,920992,中科美菱,1261651.0,9943164.0,0.0,0.0,0.0,9943164.0
20260226,日期：2026-02-26,,,,,,,
20260227,920000,安徽凤凰,624262.0,11160734.0,0.0,0.0,0.0,11160734.0
20260227,920001,纬达光电,1228647.0,17339390.0,0.0,0.0,0.0,17339390.0
20260227,920002,万达轴承,2968986.0,51648931.0,0.0,0.0,0.0,51648931.0
20260227,920003,中诚咨询,704975.0,5098413.0,0.0,0.0,0.0,5098413.0
20260227,920005,鼎佳精密,1320577.0,13691970.0,0.0,0.0,0.0,13691970.0
20260227,920006,晟楠科技,1658854.0,14662131.0,0.0,0.0,0.0,14662131.0
20260227,920007,酉立智能,1584641.0,10537133.0,0.0,0.0,0.0,10537133.0
20260227,920008,成电光信,774804.0,21835177.0,0.0,0.0,0.0,21835177.0
20260227,920009,丹娜生物,800626.0,5836510.0,0.0,0.0,0.0,5836510.0
20260227,920010,凯添燃气,2402002.0,28628572.0,0.0,0.0,0.0,28628572.0
20260227,920014,特瑞斯,1473402.0,7037248.0,0.0,0.0,0.0,7037248.0
20260227,920015,锦华新材,1989459.0,36831913.0,0.0,0.0,0.0,36831913.0
20260227,920016,中草香料,314923.0,7189365.0,0.0,0.0,0.0,7189365.0
20260227,920017,星昊医药,3226188.0,45928701.0,0.0,0.0,0.0,45928701.0
20260227,920018,宏远股份,7189587.0,40251867.0,0.0,0.0,0.0,40251867.0
20260227,920019,铜冠矿建,3827653.0,45704209.0,0.0,0.0,0.0,45704209.0
20260227,920020,泰凯英,924404.0,21423042.0,0.0,0.0,0.0,21423042.0
20260227,920021,流金科技,11492314.0,67942135.0,0.0,0.0,0.0,67942135.0
20260227,920022,世昌股份,145206.0,2834792.0,0.0,0.0,0.0,2834792.0
20260227,920023,田野股份,638994.0,7917168.0,0.0,0.0,0.0,7917168.0
20260227,920026,卓兆点胶,226594.0,13036055.0,0.0,0.0,0.0,13036055.0
20260227,920027,交大铁发,60810.0,7856342.0,0.0,0.0,0.0,7856342.0
20260227,920029,开发科技,14110401.0,86215359.0,0.0,0.0,0.0,86215359.0
20260227,920030,德众汽车,784512.0,13544252.0,0.0,0.0,0.0,13544252.0
20260227,920033,康普化学,2048988.0,17683165.0,0.0,0.0,0.0,17683165.0
20260227,920035,精创电气,1087170.0,7232971.0,0.0,0.0,0.0,7232971.0
20260227,920037,广信科技,5917631.0,54457145.0,0.0,0.0,0.0,54457145.0
20260227,920039,国义招标,195835.0,17018118.0,0.0,0.0,0.0,17018118.0
20260227,920045,蘅东光,16293996.0,150947172.0,0.0,0.0,0.0,150947172.0
20260227,920046,亿能电力,10308372.0,19298720.0,0.0,0.0,0.0,19298720.0
20260227,920047,诺思兰德,2371906.0,35174158.0,0.0,500.0,11345.0,35185503.0
20260227,920050,爱舍伦,311709.0,5122991.0,0.0,0.0,0.0,5122991.0
20260227,920056,能之光,384821.0,18837392.0,0.0,0.0,0.0,18837392.0
20260227,920057,百甲科技,283685.0,3569593.0,0.0,0.0,0.0,3569593.0
20260227,920058,华洋赛车,726878.0,6903805.0,0.0,0.0,0.0,6903805.0
20260227,920060,万源通,16391134.0,76799803.0,0.0,0.0,0.0,76799803.0
20260227,920061,西磁科技,2417038.0,12186869.0,0.0,0.0,0.0,12186869.0
20260227,920062,科润智控,6003200.0,40172821.0,0.0,0.0,0.0,40172821.0
20260227,920066,科拜尔,1929273.0,11754247.0,0.0,0.0,0.0,11754247.0
20260227,920068,天工股份,6613357.0,35265959.0,0.0,0.0,0.0,35265959.0
20260227,920075,柏星龙,2219248.0,14208007.0,0.0,0.0,0.0,14208007.0
20260227,920076,国亮新材,913400.0,5420638.0,0.0,0.0,0.0,5420638.0
20260227,920077,吉林碳谷,10259402.0,109440509.0,0.0,0.0,0.0,109440509.0
20260227,920080,奥美森,95844.0,11451308.0,0.0,0.0,0.0,11451308.0
20260227,920082,方正阀门,364780.0,12441780.0,0.0,0.0,0.0,12441780.0
20260227,920086,科马材料,592967.0,12865994.0,0.0,0.0,0.0,12865994.0
20260227,920087,秋乐种业,5311476.0,22780884.0,0.0,0.0,0.0,22780884.0
20260227,920088,科力股份,16860173.0,53075024.0,0.0,0.0,0.0,53075024.0
20260227,920089,禾昌聚合,5798457.0,46233304.0,0.0,0.0,0.0,46233304.0
20260227,920090,同辉信息,39000.0,4006452.0,0.0,0.0,0.0,4006452.0
20260227,920091,大鹏工业,2752994.0,19757962.0,0.0,0.0,0.0,19757962.0
20260227,920092,汉鑫科技,2595394.0,23589780.0,0.0,0.0,0.0,23589780.0
20260227,920098,科隆新材,3614893.0,33771288.0,0.0,0.0,0.0,33771288.0
20260227,920099,瑞华技术,1164026.0,20246610.0,0.0,0.0,0.0,20246610.0
20260227,920100,三协电机,941772.0,20100950.0,0.0,0.0,0.0,20100950.0
20260227,920101,志高机械,1013071.0,21498263.0,0.0,0.0,0.0,21498263.0
20260227,920106,林泰新材,2275906.0,37004988.0,0.0,0.0,0.0,37004988.0
20260227,920108,宏海科技,122844.0,8916183.0,0.0,0.0,0.0,8916183.0
20260227,920110,雷特科技,604876.0,2491645.0,0.0,0.0,0.0,2491645.0
20260227,920111,聚星科技,940609.0,29419037.0,0.0,0.0,0.0,29419037.0
20260227,920112,巴兰仕,436474.0,9101031.0,0.0,0.0,0.0,9101031.0
20260227,920116,星图测控,15841845.0,159332799.0,0.0,0.0,0.0,159332799.0
20260227,920118,太湖远大,718282.0,6424860.0,0.0,0.0,0.0,6424860.0
20260227,920119,美德乐,1686304.0,17182013.0,0.0,0.0,0.0,17182013.0
20260227,920121,江天科技,187997.0,8226700.0,0.0,0.0,0.0,8226700.0
20260227,920122,中纺标,1094704.0,12683628.0,0.0,0.0,0.0,12683628.0
20260227,920123,芭薇股份,826032.0,10492859.0,0.0,0.0,0.0,10492859.0
20260227,920124,南特科技,386718.0,16737376.0,0.0,0.0,0.0,16737376.0
20260227,920128,胜业电气,1197648.0,16056418.0,0.0,0.0,0.0,16056418.0
20260227,920130,立方控股,511666.0,14427826.0,0.0,0.0,0.0,14427826.0
20260227,920132,泰鹏智能,1697955.0,2338451.0,0.0,0.0,0.0,2338451.0
20260227,920139,华岭股份,3073494.0,59944986.0,0.0,0.0,0.0,59944986.0
20260227,920145,恒合股份,353685.0,2381845.0,0.0,0.0,0.0,2381845.0
20260227,920146,华阳变速,394130.0,4987134.0,0.0,0.0,0.0,4987134.0
20260227,920149,旭杰科技,859157.0,6027634.0,0.0,0.0,0.0,6027634.0
20260227,920152,昆工科技,374354.0,23714863.0,0.0,0.0,0.0,23714863.0
20260227,920158,长江能科,1770412.0,4473409.0,0.0,0.0,0.0,4473409.0
20260227,920159,农大科技,928793.0,8865088.0,0.0,0.0,0.0,8865088.0
20260227,920160,北矿检测,697316.0,14573844.0,0.0,0.0,0.0,14573844.0
20260227,920163,方大新材,564482.0,4630813.0,0.0,0.0,0.0,4630813.0
20260227,920166,海圣医疗,1382936.0,1714730.0,0.0,0.0,0.0,1714730.0
20260227,920167,同享科技,6773332.0,24769115.0,0.0,0.0,0.0,24769115.0
20260227,920168,通宝光电,4305510.0,5912089.0,0.0,0.0,0.0,5912089.0
20260227,920169,七丰精工,2122533.0,18697695.0,0.0,0.0,0.0,18697695.0
20260227,920171,志晟信息,834072.0,11134919.0,0.0,0.0,0.0,11134919.0
20260227,920174,五新隧装,2177518.0,57575947.0,0.0,0.0,0.0,57575947.0
20260227,920175,东方碳素,129348.0,5588076.0,0.0,0.0,0.0,5588076.0
20260227,920179,凯德石英,25479991.0,126557541.0,0.0,0.0,0.0,126557541.0
20260227,920180,爱得科技,2874475.0,8234564.0,0.0,0.0,0.0,8234564.0
20260227,920184,国源科技,1217487.0,26014910.0,0.0,0.0,0.0,26014910.0
20260227,920185,贝特瑞,13212776.0,305147222.0,0.0,0.0,0.0,305147222.0
20260227,920190,雷神科技,2915589.0,49184394.0,0.0,0.0,0.0,49184394.0
20260227,920195,三祥科技,1476648.0,17487273.0,0.0,0.0,0.0,17487273.0
20260227,920198,微创光电,77003.0,5822525.0,0.0,0.0,0.0,5822525.0
20260227,920199,倍益康,5045121.0,23031307.0,0.0,0.0,0.0,23031307.0
20260227,920204,沪江材料,866125.0,13552743.0,0.0,0.0,0.0,13552743.0
20260227,920207,众诚科技,4000199.0,11910246.0,0.0,0.0,0.0,11910246.0
20260227,920208,青矩技术,1479034.0,19824376.0,0.0,0.0,0.0,19824376.0
20260227,920212,智新电子,987035.0,4506520.0,0.0,0.0,0.0,4506520.0
20260227,920221,易实精密,1335466.0,7564047.0,0.0,0.0,0.0,7564047.0
20260227,920223,荣亿精密,1846080.0,16957847.0,0.0,0.0,0.0,16957847.0
20260227,920225,利通科技,3359635.0,91520520.0,0.0,0.0,0.0,91520520.0
20260227,920227,美登科技,3553920.0,32738140.0,0.0,0.0,0.0,32738140.0
20260227,920230,欧康医药,1069949.0,4754764.0,0.0,0.0,0.0,4754764.0
20260227,920237,力佳科技,2171280.0,13094683.0,0.0,0.0,0.0,13094683.0
20260227,920239,长虹能源,6612012.0,78086104.0,0.0,0.0,0.0,78086104.0
20260227,920242,建邦科技,4083244.0,11368760.0,0.0,0.0,0.0,11368760.0
20260227,920245,威博液压,476404.0,7255519.0,0.0,0.0,0.0,7255519.0
20260227,920247,华密新材,1561941.0,23584217.0,0.0,0.0,0.0,23584217.0
20260227,920249,利尔达,929139.0,32081114.0,0.0,0.0,0.0,32081114.0
20260227,920252,天宏锂电,2342195.0,32001030.0,0.0,0.0,0.0,32001030.0
20260227,920260,中寰股份,591963.0,10154463.0,0.0,0.0,0.0,10154463.0
20260227,920261,一诺威,2485645.0,22332983.0,0.0,0.0,0.0,22332983.0
20260227,920262,太湖雪,199428.0,5057525.0,0.0,0.0,0.0,5057525.0
20260227,920263,中航泰达,2480286.0,11262325.0,0.0,0.0,0.0,11262325.0
20260227,920266,生物谷,22316.0,6546151.0,0.0,0.0,0.0,6546151.0
20260227,920267,鑫汇科,783216.0,5589323.0,0.0,0.0,0.0,5589323.0
20260227,920270,天铭科技,6412558.0,15802747.0,0.0,0.0,0.0,15802747.0
20260227,920271,邦德股份,1201547.0,13352300.0,0.0,0.0,0.0,13352300.0
20260227,920273,一致魔芋,4870072.0,24732073.0,0.0,0.0,0.0,24732073.0
20260227,920274,宏裕包材,2006103.0,16592914.0,0.0,0.0,0.0,16592914.0
20260227,920275,驱动力,913592.0,9334301.0,0.0,0.0,0.0,9334301.0
20260227,920278,鹿得医疗,718290.0,18207299.0,0.0,0.0,0.0,18207299.0
20260227,920284,灵鸽科技,1197375.0,30904710.0,0.0,0.0,0.0,30904710.0
20260227,920299,灿能电力,9335023.0,18650678.0,0.0,0.0,0.0,18650678.0
20260227,920300,辰光医疗,298161.0,18747236.0,0.0,0.0,0.0,18747236.0
20260227,920304,迪尔化工,2032396.0,13909826.0,0.0,0.0,0.0,13909826.0
20260227,920339,恒太照明,1476077.0,7603162.0,0.0,0.0,0.0,7603162.0
20260227,920344,三元基因,217737.0,15756800.0,0.0,0.0,0.0,15756800.0
20260227,920346,威贸电子,696844.0,23671042.0,0.0,0.0,0.0,23671042.0
20260227,920351,华光源海,890125.0,12216609.0,0.0,0.0,0.0,12216609.0
20260227,920357,雅葆轩,2038301.0,11596016.0,0.0,0.0,0.0,11596016.0
20260227,920363,莱赛激光,142231.0,13965167.0,0.0,0.0,0.0,13965167.0
20260227,920367,新赣江,169712.0,11002425.0,0.0,0.0,0.0,11002425.0
20260227,920368,连城数控,67525882.0,353344602.0,0.0,3200.0,205280.0,353549882.0
20260227,920370,新安洁,8377380.0,2844977.0,0.0,0.0,0.0,2844977.0
20260227,920371,欧福蛋业,896632.0,12293993.0,0.0,0.0,0.0,12293993.0
20260227,920374,云里物里,265031.0,21911755.0,0.0,0.0,0.0,21911755.0
20260227,920375,派诺科技,992835.0,11467263.0,0.0,0.0,0.0,11467263.0
20260227,920378,泰德股份,1523483.0,27454220.0,0.0,0.0,0.0,27454220.0
20260227,920392,佳合科技,1971129.0,10919823.0,0.0,0.0,0.0,10919823.0
20260227,920394,民士达,3636478.0,64760648.0,0.0,0.0,0.0,64760648.0
20260227,920395,朗鸿科技,878951.0,31812239.0,0.0,0.0,0.0,31812239.0
20260227,920396,常辅股份,3386272.0,22951718.0,0.0,0.0,0.0,22951718.0
20260227,920402,硅烷科技,4337776.0,63395369.0,0.0,0.0,0.0,63395369.0
20260227,920403,康农种业,2677161.0,9239581.0,0.0,0.0,0.0,9239581.0
20260227,920405,海希通讯,4175967.0,111777849.0,0.0,0.0,0.0,111777849.0
20260227,920407,驰诚股份,1925019.0,8366091.0,0.0,0.0,0.0,8366091.0
20260227,920414,欧普泰,730001.0,4920455.0,0.0,0.0,0.0,4920455.0
20260227,920415,恒拓开源,1802763.0,23292755.0,0.0,0.0,0.0,23292755.0
20260227,920418,苏轴股份,1439813.0,61637200.0,0.0,0.0,0.0,61637200.0
20260227,920419,路斯股份,197845.0,17725033.0,0.0,0.0,0.0,17725033.0
20260227,920422,润普食品,1047401.0,9949933.0,0.0,0.0,0.0,9949933.0
20260227,920425,乐创技术,2557427.0,16127892.0,0.0,0.0,0.0,16127892.0
20260227,920427,华维设计,328176.0,6637130.0,0.0,0.0,0.0,6637130.0
20260227,920429,康比特,1584784.0,27589020.0,0.0,0.0,0.0,27589020.0
20260227,920433,大唐药业,454582.0,6686438.0,0.0,0.0,0.0,6686438.0
20260227,920436,大地电气,521982.0,9576749.0,0.0,0.0,0.0,9576749.0
20260227,920438,戈碧迦,12996787.0,112698756.0,0.0,0.0,0.0,112698756.0
20260227,920445,龙竹科技,1310307.0,24934118.0,0.0,0.0,0.0,24934118.0
20260227,920454,同心传动,455539.0,19611569.0,0.0,0.0,0.0,19611569.0
20260227,920455,汇隆活塞,1213367.0,5510787.0,0.0,0.0,0.0,5510787.0
20260227,920469,富恒新材,761101.0,24411370.0,0.0,0.0,0.0,24411370.0
20260227,920471,美邦科技,2008337.0,8473802.0,0.0,0.0,0.0,8473802.0
20260227,920475,三友科技,194525.0,10740486.0,0.0,0.0,0.0,10740486.0
20260227,920476,海能技术,2190546.0,30622440.0,0.0,0.0,0.0,30622440.0
20260227,920478,峆一药业,611530.0,10235124.0,0.0,0.0,0.0,10235124.0
20260227,920489,佳先股份,370601.0,35843834.0,0.0,0.0,0.0,35843834.0
20260227,920491,奥迪威,7660502.0,134415013.0,0.0,0.0,0.0,134415013.0
20260227,920493,并行科技,28100584.0,187668056.0,0.0,0.0,0.0,187668056.0
20260227,920496,许昌智能,1583493.0,29022075.0,0.0,0.0,0.0,29022075.0
20260227,920504,博迅生物,21906.0,1322655.0,0.0,0.0,0.0,1322655.0
20260227,920505,九菱科技,10394546.0,26360202.0,0.0,0.0,0.0,26360202.0
20260227,920508,殷图网联,385409.0,5786324.0,0.0,0.0,0.0,5786324.0
20260227,920509,同惠电子,1384001.0,34132676.0,0.0,0.0,0.0,34132676.0
20260227,920510,丰光精密,1257510.0,21257867.0,0.0,0.0,0.0,21257867.0
20260227,920519,万德股份,584412.0,7985674.0,0.0,0.0,0.0,7985674.0
20260227,920522,纳科诺尔,8657177.0,156257053.0,0.0,0.0,0.0,156257053.0
20260227,920523,德瑞锂电,3418322.0,72237521.0,0.0,0.0,0.0,72237521.0
20260227,920526,凯华材料,1383476.0,8382811.0,0.0,0.0,0.0,8382811.0
20260227,920527,夜光明,60190.0,4165803.0,0.0,0.0,0.0,4165803.0
20260227,920533,骏创科技,3515785.0,54814661.0,0.0,0.0,0.0,54814661.0
20260227,920541,铁大科技,1170041.0,25328482.0,0.0,0.0,0.0,25328482.0
20260227,920547,无锡晶海,1556182.0,10367318.0,0.0,0.0,0.0,10367318.0
20260227,920553,凯腾精工,851681.0,6169318.0,0.0,0.0,0.0,6169318.0
20260227,920556,雅达股份,1919126.0,28607012.0,0.0,0.0,0.0,28607012.0
20260227,920564,天润科技,1447985.0,15183410.0,0.0,0.0,0.0,15183410.0
20260227,920566,梓橦宫,1630200.0,30538724.0,0.0,0.0,0.0,30538724.0
20260227,920570,坤博精工,1151109.0,11905812.0,0.0,0.0,0.0,11905812.0
20260227,920571,国航远洋,3808640.0,45254751.0,0.0,0.0,0.0,45254751.0
20260227,920575,康乐卫士,35386.0,13185421.0,0.0,0.0,0.0,13185421.0
20260227,920576,天力复合,13119333.0,60648993.0,0.0,0.0,0.0,60648993.0
20260227,920578,巨能股份,109939.0,15068546.0,0.0,0.0,0.0,15068546.0
20260227,920579,机科股份,324158.0,14913419.0,0.0,0.0,0.0,14913419.0
20260227,920580,科创新材,1318924.0,7821937.0,0.0,0.0,0.0,7821937.0
20260227,920592,华信永道,1958282.0,31992919.0,0.0,0.0,0.0,31992919.0
20260227,920593,鼎智科技,2760491.0,72621958.0,0.0,0.0,0.0,72621958.0
20260227,920599,同力股份,3647219.0,145911964.0,0.0,0.0,0.0,145911964.0
20260227,920608,丰安股份,139824.0,2677825.0,0.0,0.0,0.0,2677825.0
20260227,920627,力王股份,1911421.0,12920208.0,0.0,0.0,0.0,12920208.0
20260227,920634,新威凌,2932668.0,14252511.0,0.0,0.0,0.0,14252511.0
20260227,920639,晨光电缆,438619.0,30655372.0,0.0,0.0,0.0,30655372.0
20260227,920640,富士达,13634497.0,177987013.0,0.0,0.0,0.0,177987013.0
20260227,920641,格利尔,143123.0,7920382.0,0.0,0.0,0.0,7920382.0
20260227,920642,通易航天,507807.0,10980871.0,0.0,0.0,0.0,10980871.0
20260227,920651,天罡股份,84598.0,2878923.0,0.0,0.0,0.0,2878923.0
20260227,920656,海昇药业,27783.0,5794049.0,0.0,0.0,0.0,5794049.0
20260227,920662,方盛股份,3860119.0,19257229.0,0.0,0.0,0.0,19257229.0
20260227,920663,明阳科技,142055.0,10274962.0,0.0,0.0,0.0,10274962.0
20260227,920665,科强股份,1834679.0,15087843.0,0.0,0.0,0.0,15087843.0
20260227,920670,数字人,1018032.0,10118898.0,0.0,0.0,0.0,10118898.0
20260227,920675,秉扬科技,1847060.0,7186792.0,0.0,0.0,0.0,7186792.0
20260227,920679,前进科技,198776.0,6692146.0,0.0,0.0,0.0,6692146.0
20260227,920682,球冠电缆,2087507.0,25889321.0,0.0,0.0,0.0,25889321.0
20260227,920685,新芝生物,1465.0,13211465.0,0.0,0.0,0.0,13211465.0
20260227,920689,克莱特,3780555.0,20926323.0,0.0,0.0,0.0,20926323.0
20260227,920690,捷众科技,867044.0,21563089.0,0.0,0.0,0.0,21563089.0
20260227,920693,阿为特,544694.0,23742383.0,0.0,0.0,0.0,23742383.0
20260227,920694,中裕科技,1290029.0,10797859.0,0.0,0.0,0.0,10797859.0
20260227,920699,海达尔,25337887.0,63186757.0,0.0,0.0,0.0,63186757.0
20260227,920701,豪声电子,749339.0,27124178.0,0.0,0.0,0.0,27124178.0
20260227,920703,广厦环能,3217776.0,23227136.0,0.0,0.0,0.0,23227136.0
20260227,920706,铁拓机械,2521788.0,32814371.0,0.0,0.0,0.0,32814371.0
20260227,920717,瑞星股份,548351.0,3922988.0,0.0,0.0,0.0,3922988.0
20260227,920718,合肥高科,508093.0,5696113.0,0.0,0.0,0.0,5696113.0
20260227,920719,宁新新材,175149.0,6362285.0,0.0,0.0,0.0,6362285.0
20260227,920720,吉冈精密,1106639.0,18234923.0,0.0,0.0,0.0,18234923.0
20260227,920725,惠丰钻石,8760765.0,24561302.0,0.0,0.0,0.0,24561302.0
20260227,920726,朱老六,1445149.0,13153911.0,0.0,0.0,0.0,13153911.0
20260227,920729,永顺生物,1716610.0,10444029.0,0.0,0.0,0.0,10444029.0
20260227,920735,德源药业,1978289.0,63823982.0,0.0,0.0,0.0,63823982.0
20260227,920748,路桥信息,309570.0,3652320.0,0.0,0.0,0.0,3652320.0
20260227,920751,惠同新材,2574780.0,29308385.0,0.0,0.0,0.0,29308385.0
20260227,920753,天纺标,615882.0,11911587.0,0.0,0.0,0.0,11911587.0
20260227,920765,美之高,1245779.0,7420172.0,0.0,0.0,0.0,7420172.0
20260227,920768,拾比佰,1230910.0,12864026.0,0.0,0.0,0.0,12864026.0
20260227,920770,艾能聚,2297385.0,37962292.0,0.0,0.0,0.0,37962292.0
20260227,920779,武汉蓝电,1709157.0,13395270.0,0.0,0.0,0.0,13395270.0
20260227,920781,瑞奇智造,292375.0,5211795.0,0.0,0.0,0.0,5211795.0
20260227,920786,骑士乳业,1393547.0,18774518.0,0.0,0.0,0.0,18774518.0
20260227,920790,联迪信息,196679.0,18537932.0,0.0,0.0,0.0,18537932.0
20260227,920792,东和新材,2765044.0,12528794.0,0.0,0.0,0.0,12528794.0
20260227,920799,艾融软件,3411966.0,142287569.0,0.0,0.0,0.0,142287569.0
20260227,920802,保丽洁,424626.0,1697546.0,0.0,0.0,0.0,1697546.0
20260227,920806,云星宇,5308024.0,45224897.0,0.0,0.0,0.0,45224897.0
20260227,920807,奔朗新材,5482402.0,22348279.0,0.0,0.0,0.0,22348279.0
20260227,920808,曙光数创,16949565.0,288367233.0,0.0,0.0,0.0,288367233.0
20260227,920809,安达科技,5547288.0,47055793.0,0.0,0.0,0.0,47055793.0
20260227,920810,春光智能,0.0,1484194.0,0.0,0.0,0.0,1484194.0
20260227,920819,颖泰生物,1061267.0,34512695.0,0.0,0.0,0.0,34512695.0
20260227,920821,则成电子,703981.0,21318500.0,0.0,0.0,0.0,21318500.0
20260227,920826,盖世食品,1317090.0,21685060.0,0.0,0.0,0.0,21685060.0
20260227,920832,齐鲁华信,607125.0,7575158.0,0.0,0.0,0.0,7575158.0
20260227,920833,美心翼申,4127724.0,21126479.0,0.0,0.0,0.0,21126479.0
20260227,920834,三维装备,290509.0,6308321.0,0.0,0.0,0.0,6308321.0
20260227,920837,华原股份,1915546.0,17800232.0,0.0,0.0,0.0,17800232.0
20260227,920839,万通液压,1945321.0,28336444.0,0.0,0.0,0.0,28336444.0
20260227,920855,浙江大农,142772.0,3224132.0,0.0,0.0,0.0,3224132.0
20260227,920856,浩淼科技,330894.0,12719171.0,0.0,0.0,0.0,12719171.0
20260227,920857,泓禧科技,1351176.0,6306146.0,0.0,0.0,0.0,6306146.0
20260227,920866,绿亨科技,1554059.0,8994705.0,0.0,0.0,0.0,8994705.0
20260227,920870,恒进感应,331221.0,14235861.0,0.0,0.0,0.0,14235861.0
20260227,920871,派特尔,505004.0,7556727.0,0.0,0.0,0.0,7556727.0
20260227,920873,中设咨询,62480.0,5942161.0,0.0,0.0,0.0,5942161.0
20260227,920876,慧为智能,806909.0,10602103.0,0.0,0.0,0.0,10602103.0
20260227,920879,基康技术,1606445.0,25413866.0,0.0,0.0,0.0,25413866.0
20260227,920885,星辰科技,6165023.0,43155683.0,0.0,0.0,0.0,43155683.0
20260227,920892,广咨国际,1584690.0,7651915.0,0.0,0.0,0.0,7651915.0
20260227,920895,花溪科技,26360.0,2083090.0,0.0,0.0,0.0,2083090.0
20260227,920896,旺成科技,904000.0,8915876.0,0.0,0.0,0.0,8915876.0
20260227,920906,舜宇精工,219083.0,8149904.0,0.0,0.0,0.0,8149904.0
20260227,920914,远航精密,1115718.0,38438809.0,0.0,0.0,0.0,38438809.0
20260227,920924,广脉科技,4956745.0,20106013.0,0.0,0.0,0.0,20106013.0
20260227,920925,锦好医疗,469489.0,16505749.0,0.0,0.0,0.0,16505749.0
20260227,920926,鸿智科技,904757.0,7193052.0,0.0,0.0,0.0,7193052.0
20260227,920931,无锡鼎邦,143641.0,3334084.0,0.0,0.0,0.0,3334084.0
20260227,920932,科达自控,593610.0,25892131.0,0.0,0.0,0.0,25892131.0
20260227,920942,恒立钻具,1171042.0,26329957.0,0.0,0.0,0.0,26329957.0
20260227,920943,优机股份,1967007.0,21843329.0,0.0,0.0,0.0,21843329.0
20260227,920946,森萱医药,1881981.0,27888125.0,0.0,0.0,0.0,27888125.0
20260227,920950,迅安科技,371689.0,2322037.0,0.0,0.0,0.0,2322037.0
20260227,920953,国子软件,3214781.0,42656010.0,0.0,0.0,0.0,42656010.0
20260227,920957,汉维科技,843031.0,1746969.0,0.0,0.0,0.0,1746969.0
20260227,920961,创远信科,2089011.0,52183601.0,0.0,0.0,0.0,52183601.0
20260227,920964,润农节水,711978.0,25110352.0,0.0,0.0,0.0,25110352.0
20260227,920970,大禹生物,71370.0,1327197.0,0.0,0.0,0.0,1327197.0
20260227,920971,天马新材,2965931.0,51964615.0,0.0,0.0,0.0,51964615.0
20260227,920974,凯大催化,243663.0,5540930.0,0.0,0.0,0.0,5540930.0
20260227,920976,视声智能,2553076.0,12804475.0,0.0,0.0,0.0,12804475.0
20260227,920978,开特股份,3757214.0,70144924.0,0.0,0.0,0.0,70144924.0
20260227,920981,晶赛科技,2463328.0,20305830.0,0.0,0.0,0.0,20305830.0
20260227,920982,锦波生物,11405967.0,375445379.0,0.0,0.0,0.0,375445379.0
20260227,920985,海泰新能,1071618.0,27280175.0,0.0,0.0,0.0,27280175.0
20260227,920992,中科美菱,1141815.0,10237888.0,0.0,0.0,0.0,10237888.0
20260227,日期：2026-02-27,,,,,,,
20260310,920000,安徽凤凰,919050.0,11876128.0,0.0,0.0,0.0,11876128.0
20260310,920001,纬达光电,5280265.0,21719796.0,0.0,0.0,0.0,21719796.0
20260310,920002,万达轴承,4432371.0,51533564.0,0.0,0.0,0.0,51533564.0
20260310,920003,中诚咨询,186095.0,4378765.0,0.0,0.0,0.0,4378765.0
20260310,920005,鼎佳精密,392218.0,14110752.0,0.0,0.0,0.0,14110752.0
20260310,920006,晟楠科技,492003.0,14335347.0,0.0,0.0,0.0,14335347.0
20260310,920007,酉立智能,479756.0,11009375.0,0.0,0.0,0.0,11009375.0
20260310,920008,成电光信,1165143.0,18255451.0,0.0,0.0,0.0,18255451.0
20260310,920009,丹娜生物,0.0,5375098.0,0.0,0.0,0.0,5375098.0
20260310,920010,凯添燃气,8738058.0,42105924.0,0.0,0.0,0.0,42105924.0
20260310,920014,特瑞斯,3276119.0,10420165.0,0.0,0.0,0.0,10420165.0
20260310,920015,锦华新材,2280189.0,34827482.0,0.0,0.0,0.0,34827482.0
20260310,920016,中草香料,418150.0,7631130.0,0.0,0.0,0.0,7631130.0
20260310,920017,星昊医药,1258870.0,44229889.0,0.0,0.0,0.0,44229889.0
20260310,920018,宏远股份,2937784.0,34387886.0,0.0,0.0,0.0,34387886.0
20260310,920019,铜冠矿建,2645118.0,48708990.0,0.0,0.0,0.0,48708990.0
20260310,920020,泰凯英,495091.0,21146870.0,0.0,0.0,0.0,21146870.0
20260310,920021,流金科技,11767981.0,68439813.0,0.0,0.0,0.0,68439813.0
20260310,920022,世昌股份,216751.0,4537208.0,0.0,0.0,0.0,4537208.0
20260310,920023,田野股份,23028.0,7162864.0,0.0,0.0,0.0,7162864.0
20260310,920026,卓兆点胶,1078034.0,12567761.0,0.0,0.0,0.0,12567761.0
20260310,920027,交大铁发,338598.0,8673136.0,0.0,0.0,0.0,8673136.0
20260310,920029,开发科技,5422339.0,84671607.0,0.0,0.0,0.0,84671607.0
20260310,920030,德众汽车,888076.0,12969996.0,0.0,0.0,0.0,12969996.0
20260310,920033,康普化学,337882.0,17284327.0,0.0,0.0,0.0,17284327.0
20260310,920035,精创电气,124121.0,5758348.0,0.0,0.0,0.0,5758348.0
20260310,920036,觅睿科技,5228840.0,5982784.0,0.0,0.0,0.0,5982784.0
20260310,920037,广信科技,6648294.0,55766105.0,0.0,0.0,0.0,55766105.0
20260310,920039,国义招标,184516.0,16344320.0,0.0,0.0,0.0,16344320.0
20260310,920045,蘅东光,22824142.0,110183928.0,0.0,0.0,0.0,110183928.0
20260310,920046,亿能电力,12204781.0,21009739.0,0.0,0.0,0.0,21009739.0
20260310,920047,诺思兰德,1521203.0,34237684.0,0.0,13799.0,335868.0,34573552.0
20260310,920050,爱舍伦,145398.0,7976875.0,0.0,0.0,0.0,7976875.0
20260310,920056,能之光,185765.0,16446733.0,0.0,0.0,0.0,16446733.0
20260310,920057,百甲科技,169668.0,4150031.0,0.0,0.0,0.0,4150031.0
20260310,920058,华洋赛车,161046.0,6330659.0,0.0,0.0,0.0,6330659.0
20260310,920060,万源通,15225994.0,75300530.0,0.0,0.0,0.0,75300530.0
20260310,920061,西磁科技,315637.0,11414242.0,0.0,0.0,0.0,11414242.0
20260310,920062,科润智控,9515799.0,49142244.0,0.0,0.0,0.0,49142244.0
20260310,920066,科拜尔,1064472.0,13046372.0,0.0,0.0,0.0,13046372.0
20260310,920068,天工股份,5011132.0,34506056.0,0.0,0.0,0.0,34506056.0
20260310,920075,柏星龙,1460186.0,14730944.0,0.0,0.0,0.0,14730944.0
20260310,920076,国亮新材,106791.0,4959134.0,0.0,0.0,0.0,4959134.0
20260310,920077,吉林碳谷,3073658.0,99856647.0,0.0,0.0,0.0,99856647.0
20260310,920080,奥美森,479431.0,10777879.0,0.0,0.0,0.0,10777879.0
20260310,920082,方正阀门,918046.0,10012924.0,0.0,0.0,0.0,10012924.0
20260310,920086,科马材料,563258.0,14612241.0,0.0,0.0,0.0,14612241.0
20260310,920087,秋乐种业,4823738.0,28709017.0,0.0,0.0,0.0,28709017.0
20260310,920088,科力股份,49827265.0,119368314.0,0.0,0.0,0.0,119368314.0
20260310,920089,禾昌聚合,1573301.0,47324507.0,0.0,0.0,0.0,47324507.0
20260310,920090,同辉信息,40800.0,4334326.0,0.0,0.0,0.0,4334326.0
20260310,920091,大鹏工业,315451.0,18409246.0,0.0,0.0,0.0,18409246.0
20260310,920092,汉鑫科技,4333831.0,21758171.0,0.0,0.0,0.0,21758171.0
20260310,920098,科隆新材,1641075.0,30029654.0,0.0,0.0,0.0,30029654.0
20260310,920099,瑞华技术,3689809.0,32356419.0,0.0,0.0,0.0,32356419.0
20260310,920100,三协电机,1135989.0,20557434.0,0.0,0.0,0.0,20557434.0
20260310,920101,志高机械,1438286.0,23072859.0,0.0,0.0,0.0,23072859.0
20260310,920106,林泰新材,1538497.0,38594009.0,0.0,0.0,0.0,38594009.0
20260310,920108,宏海科技,285948.0,10178612.0,0.0,0.0,0.0,10178612.0
20260310,920110,雷特科技,611346.0,3411749.0,0.0,0.0,0.0,3411749.0
20260310,920111,聚星科技,3742871.0,30748174.0,0.0,0.0,0.0,30748174.0
20260310,920112,巴兰仕,81338.0,8150791.0,0.0,0.0,0.0,8150791.0
20260310,920116,星图测控,9873872.0,162084494.0,0.0,0.0,0.0,162084494.0
20260310,920118,太湖远大,730957.0,7092780.0,0.0,0.0,0.0,7092780.0
20260310,920119,美德乐,1018326.0,16511319.0,0.0,0.0,0.0,16511319.0
20260310,920121,江天科技,129722.0,9922031.0,0.0,0.0,0.0,9922031.0
20260310,920122,中纺标,1345619.0,13455202.0,0.0,0.0,0.0,13455202.0
20260310,920123,芭薇股份,1245563.0,11386413.0,0.0,0.0,0.0,11386413.0
20260310,920124,南特科技,446649.0,16400397.0,0.0,0.0,0.0,16400397.0
20260310,920128,胜业电气,788195.0,15582010.0,0.0,0.0,0.0,15582010.0
20260310,920130,立方控股,1268364.0,13555044.0,0.0,0.0,0.0,13555044.0
20260310,920132,泰鹏智能,312869.0,3268239.0,0.0,0.0,0.0,3268239.0
20260310,920139,华岭股份,2989356.0,60302798.0,0.0,0.0,0.0,60302798.0
20260310,920145,恒合股份,0.0,1634356.0,0.0,0.0,0.0,1634356.0
20260310,920146,华阳变速,121631.0,4746931.0,0.0,0.0,0.0,4746931.0
20260310,920149,旭杰科技,574469.0,6062547.0,0.0,0.0,0.0,6062547.0
20260310,920152,昆工科技,326685.0,23107239.0,0.0,0.0,0.0,23107239.0
20260310,920158,长江能科,3751745.0,9386632.0,0.0,0.0,0.0,9386632.0
20260310,920159,农大科技,3015191.0,9783153.0,0.0,0.0,0.0,9783153.0
20260310,920160,北矿检测,246631.0,14939423.0,0.0,0.0,0.0,14939423.0
20260310,920163,方大新材,376854.0,3468621.0,0.0,0.0,0.0,3468621.0
20260310,920166,海圣医疗,419659.0,2795342.0,0.0,0.0,0.0,2795342.0
20260310,920167,同享科技,3413378.0,24763540.0,0.0,0.0,0.0,24763540.0
20260310,920168,通宝光电,2847586.0,6580209.0,0.0,0.0,0.0,6580209.0
20260310,920169,七丰精工,1741752.0,16235237.0,0.0,0.0,0.0,16235237.0
20260310,920171,志晟信息,757346.0,10837675.0,0.0,0.0,0.0,10837675.0
20260310,920174,五新隧装,1514103.0,59265666.0,0.0,0.0,0.0,59265666.0
20260310,920175,东方碳素,9274.0,5725041.0,0.0,0.0,0.0,5725041.0
20260310,920179,凯德石英,5577146.0,119980293.0,0.0,0.0,0.0,119980293.0
20260310,920180,爱得科技,713543.0,6891530.0,0.0,0.0,0.0,6891530.0
20260310,920183,海菲曼,1609159.0,4294284.0,0.0,0.0,0.0,4294284.0
20260310,920184,国源科技,1351222.0,26053367.0,0.0,0.0,0.0,26053367.0
20260310,920185,贝特瑞,7035264.0,266137414.0,0.0,0.0,0.0,266137414.0
20260310,920187,通领科技,2077599.0,7494367.0,0.0,0.0,0.0,7494367.0
20260310,920190,雷神科技,6358827.0,52390229.0,0.0,0.0,0.0,52390229.0
20260310,920195,三祥科技,793362.0,15159463.0,0.0,0.0,0.0,15159463.0
20260310,920198,微创光电,171506.0,5736104.0,0.0,0.0,0.0,5736104.0
20260310,920199,倍益康,3631513.0,26343263.0,0.0,0.0,0.0,26343263.0
20260310,920204,沪江材料,2465260.0,16158935.0,0.0,0.0,0.0,16158935.0
20260310,920207,众诚科技,8336876.0,17889548.0,0.0,0.0,0.0,17889548.0
20260310,920208,青矩技术,472085.0,19782933.0,0.0,0.0,0.0,19782933.0
20260310,920212,智新电子,713969.0,4694182.0,0.0,0.0,0.0,4694182.0
20260310,920221,易实精密,510015.0,8066022.0,0.0,0.0,0.0,8066022.0
20260310,920223,荣亿精密,445690.0,13505768.0,0.0,0.0,0.0,13505768.0
20260310,920225,利通科技,2155420.0,89329830.0,0.0,0.0,0.0,89329830.0
20260310,920227,美登科技,3076469.0,31429198.0,0.0,0.0,0.0,31429198.0
20260310,920230,欧康医药,160288.0,3188087.0,0.0,0.0,0.0,3188087.0
20260310,920237,力佳科技,891512.0,13281127.0,0.0,0.0,0.0,13281127.0
20260310,920239,长虹能源,3670687.0,104299298.0,0.0,0.0,0.0,104299298.0
20260310,920242,建邦科技,304052.0,11796837.0,0.0,0.0,0.0,11796837.0
20260310,920245,威博液压,114615.0,6380618.0,0.0,0.0,0.0,6380618.0
20260310,920247,华密新材,1396882.0,24259232.0,0.0,0.0,0.0,24259232.0
20260310,920249,利尔达,1390876.0,31923115.0,0.0,0.0,0.0,31923115.0
20260310,920252,天宏锂电,2442455.0,27470171.0,0.0,0.0,0.0,27470171.0
20260310,920260,中寰股份,1909336.0,8790581.0,0.0,0.0,0.0,8790581.0
20260310,920261,一诺威,2495760.0,17196748.0,0.0,0.0,0.0,17196748.0
20260310,920262,太湖雪,972940.0,5492759.0,0.0,0.0,0.0,5492759.0
20260310,920263,中航泰达,297075.0,6068772.0,0.0,0.0,0.0,6068772.0
20260310,920266,生物谷,30774.0,6667068.0,0.0,0.0,0.0,6667068.0
20260310,920267,鑫汇科,24119.0,4831664.0,0.0,0.0,0.0,4831664.0
20260310,920270,天铭科技,2665195.0,16451928.0,0.0,0.0,0.0,16451928.0
20260310,920271,邦德股份,264774.0,12410240.0,0.0,0.0,0.0,12410240.0
20260310,920273,一致魔芋,2156216.0,24305545.0,0.0,0.0,0.0,24305545.0
20260310,920274,宏裕包材,1762306.0,14420267.0,0.0,0.0,0.0,14420267.0
20260310,920275,驱动力,248682.0,9118781.0,0.0,0.0,0.0,9118781.0
20260310,920278,鹿得医疗,728722.0,10204843.0,0.0,0.0,0.0,10204843.0
20260310,920284,灵鸽科技,2067051.0,35198719.0,0.0,0.0,0.0,35198719.0
20260310,920299,灿能电力,10704131.0,30001925.0,0.0,0.0,0.0,30001925.0
20260310,920300,辰光医疗,29387.0,17249644.0,0.0,0.0,0.0,17249644.0
20260310,920304,迪尔化工,2937988.0,13981438.0,0.0,0.0,0.0,13981438.0
20260310,920339,恒太照明,639709.0,7596016.0,0.0,0.0,0.0,7596016.0
20260310,920344,三元基因,1414146.0,16838099.0,0.0,0.0,0.0,16838099.0
20260310,920346,威贸电子,768449.0,22925369.0,0.0,0.0,0.0,22925369.0
20260310,920351,华光源海,2022427.0,13109480.0,0.0,0.0,0.0,13109480.0
20260310,920357,雅葆轩,2530897.0,11620430.0,0.0,0.0,0.0,11620430.0
20260310,920363,莱赛激光,590517.0,12687200.0,0.0,0.0,0.0,12687200.0
20260310,920367,新赣江,586056.0,10876482.0,0.0,0.0,0.0,10876482.0
20260310,920368,连城数控,44284049.0,325143343.0,3200.0,3200.0,142816.0,325286159.0
20260310,920370,新安洁,417290.0,2607394.0,0.0,0.0,0.0,2607394.0
20260310,920371,欧福蛋业,433705.0,10186556.0,0.0,0.0,0.0,10186556.0
20260310,920374,云里物里,1556385.0,23054224.0,0.0,0.0,0.0,23054224.0
20260310,920375,派诺科技,11636936.0,18976001.0,0.0,0.0,0.0,18976001.0
20260310,920378,泰德股份,209735.0,27591941.0,0.0,0.0,0.0,27591941.0
20260310,920392,佳合科技,168237.0,10773282.0,0.0,0.0,0.0,10773282.0
20260310,920394,民士达,3076356.0,65614898.0,0.0,0.0,0.0,65614898.0
20260310,920395,朗鸿科技,1603472.0,26886628.0,0.0,0.0,0.0,26886628.0
20260310,920396,常辅股份,6677932.0,23995770.0,0.0,0.0,0.0,23995770.0
20260310,920402,硅烷科技,4565758.0,66673168.0,0.0,0.0,0.0,66673168.0
20260310,920403,康农种业,3176682.0,13870721.0,0.0,0.0,0.0,13870721.0
20260310,920405,海希通讯,4502409.0,108259475.0,0.0,0.0,0.0,108259475.0
20260310,920407,驰诚股份,574612.0,8871806.0,0.0,0.0,0.0,8871806.0
20260310,920414,欧普泰,1323680.0,5569617.0,0.0,0.0,0.0,5569617.0
20260310,920415,恒拓开源,512998.0,23832400.0,0.0,0.0,0.0,23832400.0
20260310,920418,苏轴股份,6039292.0,62948237.0,0.0,0.0,0.0,62948237.0
20260310,920419,路斯股份,1338061.0,19567235.0,0.0,0.0,0.0,19567235.0
20260310,920422,润普食品,36698.0,7896810.0,0.0,0.0,0.0,7896810.0
20260310,920425,乐创技术,1688245.0,17501127.0,0.0,0.0,0.0,17501127.0
20260310,920427,华维设计,418522.0,6120472.0,0.0,0.0,0.0,6120472.0
20260310,920429,康比特,442947.0,18269905.0,0.0,0.0,0.0,18269905.0
20260310,920433,大唐药业,549430.0,7947140.0,0.0,0.0,0.0,7947140.0
20260310,920436,大地电气,105277.0,9374840.0,0.0,0.0,0.0,9374840.0
20260310,920438,戈碧迦,3400966.0,95382286.0,0.0,0.0,0.0,95382286.0
20260310,920445,龙竹科技,3233493.0,27162651.0,0.0,0.0,0.0,27162651.0
20260310,920454,同心传动,1266808.0,13729553.0,0.0,0.0,0.0,13729553.0
20260310,920455,汇隆活塞,1219623.0,6568073.0,0.0,0.0,0.0,6568073.0
20260310,920469,富恒新材,616660.0,23996779.0,0.0,0.0,0.0,23996779.0
20260310,920471,美邦科技,2011716.0,7367140.0,0.0,0.0,0.0,7367140.0
20260310,920475,三友科技,103441.0,10224979.0,0.0,0.0,0.0,10224979.0
20260310,920476,海能技术,687857.0,30472482.0,0.0,0.0,0.0,30472482.0
20260310,920478,峆一药业,615800.0,10009189.0,0.0,0.0,0.0,10009189.0
20260310,920489,佳先股份,804237.0,34469989.0,0.0,0.0,0.0,34469989.0
20260310,920491,奥迪威,3505616.0,132395243.0,0.0,0.0,0.0,132395243.0
20260310,920493,并行科技,72881959.0,223135824.0,0.0,0.0,0.0,223135824.0
20260310,920496,许昌智能,5604803.0,30363802.0,0.0,0.0,0.0,30363802.0
20260310,920504,博迅生物,87899.0,1601673.0,0.0,0.0,0.0,1601673.0
20260310,920505,九菱科技,2483347.0,24926596.0,0.0,0.0,0.0,24926596.0
20260310,920508,殷图网联,568730.0,6090732.0,0.0,0.0,0.0,6090732.0
20260310,920509,同惠电子,1812971.0,33700409.0,0.0,0.0,0.0,33700409.0
20260310,920510,丰光精密,218617.0,18760249.0,0.0,0.0,0.0,18760249.0
20260310,920519,万德股份,1809510.0,11772422.0,0.0,0.0,0.0,11772422.0
20260310,920522,纳科诺尔,8803862.0,172194767.0,0.0,0.0,0.0,172194767.0
20260310,920523,德瑞锂电,491044.0,67626612.0,0.0,0.0,0.0,67626612.0
20260310,920526,凯华材料,1342485.0,8038126.0,0.0,0.0,0.0,8038126.0
20260310,920527,夜光明,186712.0,4055707.0,0.0,0.0,0.0,4055707.0
20260310,920533,骏创科技,4269751.0,49111600.0,0.0,0.0,0.0,49111600.0
20260310,920541,铁大科技,886271.0,26892196.0,0.0,0.0,0.0,26892196.0
20260310,920547,无锡晶海,716230.0,10076842.0,0.0,0.0,0.0,10076842.0
20260310,920553,凯腾精工,721365.0,6118156.0,0.0,0.0,0.0,6118156.0
20260310,920556,雅达股份,4139482.0,24985034.0,0.0,0.0,0.0,24985034.0
20260310,920564,天润科技,926804.0,13347320.0,0.0,0.0,0.0,13347320.0
20260310,920566,梓橦宫,436723.0,32182129.0,0.0,0.0,0.0,32182129.0
20260310,920570,坤博精工,677276.0,12070419.0,0.0,0.0,0.0,12070419.0
20260310,920571,国航远洋,12960301.0,59137654.0,0.0,0.0,0.0,59137654.0
20260310,920575,康乐卫士,38630.0,11829355.0,0.0,0.0,0.0,11829355.0
20260310,920576,天力复合,15723656.0,64955522.0,0.0,0.0,0.0,64955522.0
20260310,920578,巨能股份,116197.0,14527981.0,0.0,0.0,0.0,14527981.0
20260310,920579,机科股份,800674.0,15308558.0,0.0,0.0,0.0,15308558.0
20260310,920580,科创新材,2558282.0,8469352.0,0.0,0.0,0.0,8469352.0
20260310,920592,华信永道,1769889.0,33302785.0,0.0,0.0,0.0,33302785.0
20260310,920593,鼎智科技,2616010.0,70604206.0,0.0,0.0,0.0,70604206.0
20260310,920599,同力股份,1645507.0,99333574.0,0.0,0.0,0.0,99333574.0
20260310,920608,丰安股份,324606.0,2836975.0,0.0,0.0,0.0,2836975.0
20260310,920627,力王股份,927586.0,13305941.0,0.0,0.0,0.0,13305941.0
20260310,920634,新威凌,1225896.0,10480338.0,0.0,0.0,0.0,10480338.0
20260310,920639,晨光电缆,1093936.0,31017725.0,0.0,0.0,0.0,31017725.0
20260310,920640,富士达,5956706.0,129855324.0,0.0,0.0,0.0,129855324.0
20260310,920641,格利尔,2387603.0,8176589.0,0.0,0.0,0.0,8176589.0
20260310,920642,通易航天,176571.0,10375332.0,0.0,0.0,0.0,10375332.0
20260310,920651,天罡股份,2298903.0,4999022.0,0.0,0.0,0.0,4999022.0
20260310,920656,海昇药业,173056.0,5299687.0,0.0,0.0,0.0,5299687.0
20260310,920662,方盛股份,1797645.0,14734841.0,0.0,0.0,0.0,14734841.0
20260310,920663,明阳科技,455205.0,10624456.0,0.0,0.0,0.0,10624456.0
20260310,920665,科强股份,530905.0,14323347.0,0.0,0.0,0.0,14323347.0
20260310,920670,数字人,594144.0,10041259.0,0.0,0.0,0.0,10041259.0
20260310,920675,秉扬科技,2535329.0,11565687.0,0.0,0.0,0.0,11565687.0
20260310,920679,前进科技,528556.0,7231202.0,0.0,0.0,0.0,7231202.0
20260310,920682,球冠电缆,4472084.0,24797315.0,0.0,0.0,0.0,24797315.0
20260310,920685,新芝生物,181544.0,5732122.0,0.0,0.0,0.0,5732122.0
20260310,920689,克莱特,4150869.0,23828161.0,0.0,0.0,0.0,23828161.0
20260310,920690,捷众科技,406984.0,22450481.0,0.0,0.0,0.0,22450481.0
20260310,920693,阿为特,321704.0,22988972.0,0.0,0.0,0.0,22988972.0
20260310,920694,中裕科技,2674345.0,15427778.0,0.0,0.0,0.0,15427778.0
20260310,920699,海达尔,1131827.0,63873296.0,0.0,0.0,0.0,63873296.0
20260310,920701,豪声电子,1341598.0,28460396.0,0.0,0.0,0.0,28460396.0
20260310,920703,广厦环能,1706525.0,23869439.0,0.0,0.0,0.0,23869439.0
20260310,920706,铁拓机械,8181554.0,24089457.0,0.0,0.0,0.0,24089457.0
20260310,920717,瑞星股份,2527284.0,5421411.0,0.0,0.0,0.0,5421411.0
20260310,920718,合肥高科,138716.0,5526521.0,0.0,0.0,0.0,5526521.0
20260310,920719,宁新新材,105631.0,6541524.0,0.0,0.0,0.0,6541524.0
20260310,920720,吉冈精密,646120.0,17966028.0,0.0,0.0,0.0,17966028.0
20260310,920725,惠丰钻石,2522421.0,20734192.0,0.0,0.0,0.0,20734192.0
20260310,920726,朱老六,502790.0,12915494.0,0.0,0.0,0.0,12915494.0
20260310,920729,永顺生物,686959.0,10763103.0,0.0,0.0,0.0,10763103.0
20260310,920735,德源药业,4741515.0,52554560.0,0.0,0.0,0.0,52554560.0
20260310,920748,路桥信息,391126.0,3771329.0,0.0,0.0,0.0,3771329.0
20260310,920751,惠同新材,798395.0,28138803.0,0.0,0.0,0.0,28138803.0
20260310,920753,天纺标,545807.0,11854320.0,0.0,0.0,0.0,11854320.0
20260310,920765,美之高,659585.0,7405108.0,0.0,0.0,0.0,7405108.0
20260310,920768,拾比佰,344739.0,10914802.0,0.0,0.0,0.0,10914802.0
20260310,920770,艾能聚,4366265.0,38443410.0,0.0,0.0,0.0,38443410.0
20260310,920779,武汉蓝电,155597.0,12733469.0,0.0,0.0,0.0,12733469.0
20260310,920781,瑞奇智造,654747.0,8917537.0,0.0,0.0,0.0,8917537.0
20260310,920786,骑士乳业,1365049.0,19599719.0,0.0,0.0,0.0,19599719.0
20260310,920790,联迪信息,690683.0,19537519.0,0.0,0.0,0.0,19537519.0
20260310,920792,东和新材,263284.0,12481013.0,0.0,0.0,0.0,12481013.0
20260310,920799,艾融软件,2326206.0,142632477.0,0.0,0.0,0.0,142632477.0
20260310,920802,保丽洁,42309.0,1726095.0,0.0,0.0,0.0,1726095.0
20260310,920806,云星宇,1363086.0,43702773.0,0.0,0.0,0.0,43702773.0
20260310,920807,奔朗新材,977932.0,20620285.0,0.0,0.0,0.0,20620285.0
20260310,920808,曙光数创,11182964.0,283511513.0,0.0,0.0,0.0,283511513.0
20260310,920809,安达科技,2949064.0,48234770.0,0.0,0.0,0.0,48234770.0
20260310,920810,春光智能,129243.0,1955492.0,0.0,0.0,0.0,1955492.0
20260310,920819,颖泰生物,333634.0,34305952.0,0.0,0.0,0.0,34305952.0
20260310,920821,则成电子,1429384.0,20693172.0,0.0,0.0,0.0,20693172.0
20260310,920826,盖世食品,1511281.0,21064885.0,0.0,0.0,0.0,21064885.0
20260310,920832,齐鲁华信,1476209.0,8915972.0,0.0,0.0,0.0,8915972.0
20260310,920833,美心翼申,1731725.0,18325283.0,0.0,0.0,0.0,18325283.0
20260310,920834,三维装备,619123.0,9006292.0,0.0,0.0,0.0,9006292.0
20260310,920837,华原股份,1798859.0,15043316.0,0.0,0.0,0.0,15043316.0
20260310,920839,万通液压,2118225.0,26518844.0,0.0,0.0,0.0,26518844.0
20260310,920855,浙江大农,7060.0,3343576.0,0.0,0.0,0.0,3343576.0
20260310,920856,浩淼科技,266856.0,12508273.0,0.0,0.0,0.0,12508273.0
20260310,920857,泓禧科技,937561.0,6538699.0,0.0,0.0,0.0,6538699.0
20260310,920866,绿亨科技,2249566.0,7597228.0,0.0,0.0,0.0,7597228.0
20260310,920870,恒进感应,288809.0,13678227.0,0.0,0.0,0.0,13678227.0
20260310,920871,派特尔,201325.0,7974675.0,0.0,0.0,0.0,7974675.0
20260310,920873,中设咨询,0.0,5390201.0,0.0,0.0,0.0,5390201.0
20260310,920876,慧为智能,2960496.0,9046697.0,0.0,0.0,0.0,9046697.0
20260310,920879,基康技术,435818.0,23170049.0,0.0,0.0,0.0,23170049.0
20260310,920885,星辰科技,3688198.0,40867012.0,0.0,0.0,0.0,40867012.0
20260310,920892,广咨国际,582827.0,7287161.0,0.0,0.0,0.0,7287161.0
20260310,920895,花溪科技,47567.0,1771261.0,0.0,0.0,0.0,1771261.0
20260310,920896,旺成科技,1322697.0,9456741.0,0.0,0.0,0.0,9456741.0
20260310,920906,舜宇精工,89888.0,7320933.0,0.0,0.0,0.0,7320933.0
20260310,920914,远航精密,1055594.0,40940398.0,0.0,0.0,0.0,40940398.0
20260310,920924,广脉科技,3490963.0,21482934.0,0.0,0.0,0.0,21482934.0
20260310,920925,锦好医疗,1268982.0,16693234.0,0.0,0.0,0.0,16693234.0
20260310,920926,鸿智科技,98725.0,6255954.0,0.0,0.0,0.0,6255954.0
20260310,920931,无锡鼎邦,2072585.0,6526898.0,0.0,0.0,0.0,6526898.0
20260310,920932,科达自控,318289.0,21783273.0,0.0,0.0,0.0,21783273.0
20260310,920942,恒立钻具,2536213.0,30634240.0,0.0,0.0,0.0,30634240.0
20260310,920943,优机股份,860667.0,23273991.0,0.0,0.0,0.0,23273991.0
20260310,920946,森萱医药,471666.0,23656135.0,0.0,0.0,0.0,23656135.0
20260310,920950,迅安科技,78628.0,1984380.0,0.0,0.0,0.0,1984380.0
20260310,920953,国子软件,3181348.0,43352603.0,0.0,0.0,0.0,43352603.0
20260310,920957,汉维科技,303313.0,1116462.0,0.0,0.0,0.0,1116462.0
20260310,920961,创远信科,3458369.0,52483907.0,0.0,0.0,0.0,52483907.0
20260310,920964,润农节水,484784.0,24451236.0,0.0,0.0,0.0,24451236.0
20260310,920970,大禹生物,187923.0,2025895.0,0.0,0.0,0.0,2025895.0
20260310,920971,天马新材,5266292.0,48849758.0,0.0,0.0,0.0,48849758.0
20260310,920974,凯大催化,486655.0,5038256.0,0.0,0.0,0.0,5038256.0
20260310,920976,视声智能,2254318.0,15926252.0,0.0,0.0,0.0,15926252.0
20260310,920978,开特股份,2199728.0,66518317.0,0.0,0.0,0.0,66518317.0
20260310,920981,晶赛科技,371319.0,15810093.0,0.0,0.0,0.0,15810093.0
20260310,920982,锦波生物,13879069.0,371656619.0,0.0,0.0,0.0,371656619.0
20260310,920985,海泰新能,1184984.0,22776494.0,0.0,0.0,0.0,22776494.0
20260310,920992,中科美菱,407238.0,8430265.0,0.0,0.0,0.0,8430265.0
20260310,日期：2026-03-10,,,,,,,
20260311,920000,安徽凤凰,520495.0,10577872.0,0.0,0.0,0.0,10577872.0
20260311,920001,纬达光电,5474349.0,21913512.0,0.0,0.0,0.0,21913512.0
20260311,920002,万达轴承,977409.0,50045806.0,0.0,0.0,0.0,50045806.0
20260311,920003,中诚咨询,56530.0,4237269.0,0.0,0.0,0.0,4237269.0
20260311,920005,鼎佳精密,2255091.0,15607588.0,0.0,0.0,0.0,15607588.0
20260311,920006,晟楠科技,608843.0,13382096.0,0.0,0.0,0.0,13382096.0
20260311,920007,酉立智能,671888.0,10576911.0,0.0,0.0,0.0,10576911.0
20260311,920008,成电光信,1765222.0,18899247.0,0.0,0.0,0.0,18899247.0
20260311,920009,丹娜生物,624509.0,5676488.0,0.0,0.0,0.0,5676488.0
20260311,920010,凯添燃气,18237468.0,50490436.0,0.0,0.0,0.0,50490436.0
20260311,920014,特瑞斯,4603857.0,11771934.0,0.0,0.0,0.0,11771934.0
20260311,920015,锦华新材,1812468.0,34682585.0,0.0,0.0,0.0,34682585.0
20260311,920016,中草香料,345221.0,7486385.0,0.0,0.0,0.0,7486385.0
20260311,920017,星昊医药,3362530.0,46242324.0,0.0,0.0,0.0,46242324.0
20260311,920018,宏远股份,4267237.0,35407276.0,0.0,0.0,0.0,35407276.0
20260311,920019,铜冠矿建,2191276.0,47094873.0,0.0,0.0,0.0,47094873.0
20260311,920020,泰凯英,247234.0,20789708.0,0.0,0.0,0.0,20789708.0
20260311,920021,流金科技,8407229.0,62914092.0,0.0,0.0,0.0,62914092.0
20260311,920022,世昌股份,339698.0,4810627.0,0.0,0.0,0.0,4810627.0
20260311,920023,田野股份,62383.0,7090350.0,0.0,0.0,0.0,7090350.0
20260311,920026,卓兆点胶,7243893.0,19230930.0,0.0,0.0,0.0,19230930.0
20260311,920027,交大铁发,258649.0,8416682.0,0.0,0.0,0.0,8416682.0
20260311,920029,开发科技,2846606.0,82717517.0,0.0,0.0,0.0,82717517.0
20260311,920030,德众汽车,711244.0,12762294.0,0.0,0.0,0.0,12762294.0
20260311,920033,康普化学,849776.0,17706963.0,0.0,0.0,0.0,17706963.0
20260311,920035,精创电气,1028923.0,6062136.0,0.0,0.0,0.0,6062136.0
20260311,920036,觅睿科技,6457155.0,5892776.0,0.0,0.0,0.0,5892776.0
20260311,920037,广信科技,5340228.0,55885219.0,0.0,0.0,0.0,55885219.0
20260311,920039,国义招标,187208.0,16252982.0,0.0,0.0,0.0,16252982.0
20260311,920045,蘅东光,19479832.0,114382832.0,0.0,0.0,0.0,114382832.0
20260311,920046,亿能电力,14545732.0,24453803.0,0.0,0.0,0.0,24453803.0
20260311,920047,诺思兰德,1156792.0,34026450.0,0.0,13799.0,340007.0,34366457.0
20260311,920050,爱舍伦,149785.0,7371711.0,0.0,0.0,0.0,7371711.0
20260311,920056,能之光,927945.0,17256050.0,0.0,0.0,0.0,17256050.0
20260311,920057,百甲科技,309621.0,4319354.0,0.0,0.0,0.0,4319354.0
20260311,920058,华洋赛车,907208.0,6606910.0,0.0,0.0,0.0,6606910.0
20260311,920060,万源通,11387653.0,77085584.0,0.0,0.0,0.0,77085584.0
20260311,920061,西磁科技,327446.0,11544164.0,0.0,0.0,0.0,11544164.0
20260311,920062,科润智控,10505184.0,50006976.0,0.0,0.0,0.0,50006976.0
20260311,920066,科拜尔,221534.0,11439567.0,0.0,0.0,0.0,11439567.0
20260311,920068,天工股份,3416030.0,36226139.0,0.0,0.0,0.0,36226139.0
20260311,920075,柏星龙,549635.0,13917492.0,0.0,0.0,0.0,13917492.0
20260311,920076,国亮新材,159440.0,4061305.0,0.0,0.0,0.0,4061305.0
20260311,920077,吉林碳谷,14221557.0,100955116.0,0.0,0.0,0.0,100955116.0
20260311,920080,奥美森,360120.0,10957393.0,0.0,0.0,0.0,10957393.0
20260311,920082,方正阀门,576596.0,9994487.0,0.0,0.0,0.0,9994487.0
20260311,920086,科马材料,1837082.0,14669519.0,0.0,0.0,0.0,14669519.0
20260311,920087,秋乐种业,6245370.0,27358378.0,0.0,0.0,0.0,27358378.0
20260311,920088,科力股份,25370708.0,113789843.0,0.0,0.0,0.0,113789843.0
20260311,920089,禾昌聚合,1330349.0,46436224.0,0.0,0.0,0.0,46436224.0
20260311,920090,同辉信息,58820.0,3951945.0,0.0,0.0,0.0,3951945.0
20260311,920091,大鹏工业,4257832.0,19990704.0,0.0,0.0,0.0,19990704.0
20260311,920092,汉鑫科技,3218351.0,20895388.0,0.0,0.0,0.0,20895388.0
20260311,920098,科隆新材,1857276.0,30865469.0,0.0,0.0,0.0,30865469.0
20260311,920099,瑞华技术,1837488.0,27975488.0,0.0,0.0,0.0,27975488.0
20260311,920100,三协电机,829051.0,19478686.0,0.0,0.0,0.0,19478686.0
20260311,920101,志高机械,1025836.0,23078402.0,0.0,0.0,0.0,23078402.0
20260311,920106,林泰新材,1968859.0,39691659.0,0.0,0.0,0.0,39691659.0
20260311,920108,宏海科技,240226.0,10137506.0,0.0,0.0,0.0,10137506.0
20260311,920110,雷特科技,516992.0,2917506.0,0.0,0.0,0.0,2917506.0
20260311,920111,聚星科技,2870677.0,29161456.0,0.0,0.0,0.0,29161456.0
20260311,920112,巴兰仕,1019809.0,9037916.0,0.0,0.0,0.0,9037916.0
20260311,920116,星图测控,7771489.0,154739988.0,0.0,0.0,0.0,154739988.0
20260311,920118,太湖远大,807249.0,7672906.0,0.0,0.0,0.0,7672906.0
20260311,920119,美德乐,1572174.0,16373125.0,0.0,0.0,0.0,16373125.0
20260311,920121,江天科技,191495.0,10072621.0,0.0,0.0,0.0,10072621.0
20260311,920122,中纺标,2149683.0,13878785.0,0.0,0.0,0.0,13878785.0
20260311,920123,芭薇股份,421026.0,10205308.0,0.0,0.0,0.0,10205308.0
20260311,920124,南特科技,1617965.0,17338779.0,0.0,0.0,0.0,17338779.0
20260311,920128,胜业电气,948742.0,15568181.0,0.0,0.0,0.0,15568181.0
20260311,920130,立方控股,657292.0,13766271.0,0.0,0.0,0.0,13766271.0
20260311,920132,泰鹏智能,736060.0,2411769.0,0.0,0.0,0.0,2411769.0
20260311,920139,华岭股份,2029093.0,59512757.0,0.0,0.0,0.0,59512757.0
20260311,920145,恒合股份,163240.0,1632794.0,0.0,0.0,0.0,1632794.0
20260311,920146,华阳变速,216302.0,4787305.0,0.0,0.0,0.0,4787305.0
20260311,920149,旭杰科技,1082931.0,5671093.0,0.0,0.0,0.0,5671093.0
20260311,920152,昆工科技,152947.0,23031074.0,0.0,0.0,0.0,23031074.0
20260311,920158,长江能科,3533722.0,8481260.0,0.0,0.0,0.0,8481260.0
20260311,920159,农大科技,2259021.0,9330277.0,0.0,0.0,0.0,9330277.0
20260311,920160,北矿检测,570546.0,15343565.0,0.0,0.0,0.0,15343565.0
20260311,920163,方大新材,179365.0,3286060.0,0.0,0.0,0.0,3286060.0
20260311,920166,海圣医疗,140141.0,2719263.0,0.0,0.0,0.0,2719263.0
20260311,920167,同享科技,5804582.0,26271734.0,0.0,0.0,0.0,26271734.0
20260311,920168,通宝光电,1264372.0,6859239.0,0.0,0.0,0.0,6859239.0
20260311,920169,七丰精工,2015928.0,16957571.0,0.0,0.0,0.0,16957571.0
20260311,920171,志晟信息,252098.0,10178693.0,0.0,0.0,0.0,10178693.0
20260311,920174,五新隧装,1691214.0,57308779.0,0.0,0.0,0.0,57308779.0
20260311,920175,东方碳素,403109.0,5969188.0,0.0,0.0,0.0,5969188.0
20260311,920179,凯德石英,10472313.0,125182045.0,0.0,0.0,0.0,125182045.0
20260311,920180,爱得科技,361258.0,6241985.0,0.0,0.0,0.0,6241985.0
20260311,920183,海菲曼,1635690.0,4479679.0,0.0,0.0,0.0,4479679.0
20260311,920184,国源科技,275580.0,25971077.0,0.0,0.0,0.0,25971077.0
20260311,920185,贝特瑞,38111122.0,276211163.0,0.0,0.0,0.0,276211163.0
20260311,920187,通领科技,2357735.0,8286191.0,0.0,0.0,0.0,8286191.0
20260311,920190,雷神科技,2079926.0,50734020.0,0.0,0.0,0.0,50734020.0
20260311,920195,三祥科技,2480113.0,15774333.0,0.0,0.0,0.0,15774333.0
20260311,920198,微创光电,590890.0,6085582.0,0.0,0.0,0.0,6085582.0
20260311,920199,倍益康,6100901.0,25145321.0,0.0,0.0,0.0,25145321.0
20260311,920204,沪江材料,2241610.0,15451367.0,0.0,0.0,0.0,15451367.0
20260311,920207,众诚科技,3271621.0,15989751.0,0.0,0.0,0.0,15989751.0
20260311,920208,青矩技术,607735.0,18992454.0,0.0,0.0,0.0,18992454.0
20260311,920212,智新电子,545697.0,4422047.0,0.0,0.0,0.0,4422047.0
20260311,920221,易实精密,416659.0,7041154.0,0.0,0.0,0.0,7041154.0
20260311,920223,荣亿精密,1149427.0,13698689.0,0.0,0.0,0.0,13698689.0
20260311,920225,利通科技,15547132.0,100085367.0,0.0,0.0,0.0,100085367.0
20260311,920227,美登科技,1605671.0,30612197.0,0.0,0.0,0.0,30612197.0
20260311,920230,欧康医药,380158.0,3432572.0,0.0,0.0,0.0,3432572.0
20260311,920237,力佳科技,2470406.0,14027595.0,0.0,0.0,0.0,14027595.0
20260311,920239,长虹能源,6252979.0,105891424.0,0.0,0.0,0.0,105891424.0
20260311,920242,建邦科技,500305.0,11737621.0,0.0,0.0,0.0,11737621.0
20260311,920245,威博液压,253897.0,6368080.0,0.0,0.0,0.0,6368080.0
20260311,920247,华密新材,3236481.0,24879349.0,0.0,0.0,0.0,24879349.0
20260311,920249,利尔达,1183909.0,31694288.0,0.0,0.0,0.0,31694288.0
20260311,920252,天宏锂电,6306912.0,29072002.0,0.0,0.0,0.0,29072002.0
20260311,920260,中寰股份,1011433.0,8819848.0,0.0,0.0,0.0,8819848.0
20260311,920261,一诺威,3817002.0,18180994.0,0.0,0.0,0.0,18180994.0
20260311,920262,太湖雪,845835.0,5703061.0,0.0,0.0,0.0,5703061.0
20260311,920263,中航泰达,1232603.0,5401423.0,0.0,0.0,0.0,5401423.0
20260311,920266,生物谷,137490.0,6783680.0,0.0,0.0,0.0,6783680.0
20260311,920267,鑫汇科,669403.0,4698037.0,0.0,0.0,0.0,4698037.0
20260311,920270,天铭科技,6780635.0,21287160.0,0.0,0.0,0.0,21287160.0
20260311,920271,邦德股份,310231.0,12473090.0,0.0,0.0,0.0,12473090.0
20260311,920273,一致魔芋,2141968.0,24097742.0,0.0,0.0,0.0,24097742.0
20260311,920274,宏裕包材,1218657.0,13865511.0,0.0,0.0,0.0,13865511.0
20260311,920275,驱动力,739476.0,9192489.0,0.0,0.0,0.0,9192489.0
20260311,920278,鹿得医疗,706901.0,10349450.0,0.0,0.0,0.0,10349450.0
20260311,920284,灵鸽科技,6454563.0,35635966.0,0.0,0.0,0.0,35635966.0
20260311,920299,灿能电力,6134049.0,27692701.0,0.0,0.0,0.0,27692701.0
20260311,920300,辰光医疗,81566.0,17328472.0,0.0,0.0,0.0,17328472.0
20260311,920304,迪尔化工,3003647.0,12814461.0,0.0,0.0,0.0,12814461.0
20260311,920339,恒太照明,490951.0,7126087.0,0.0,0.0,0.0,7126087.0
20260311,920344,三元基因,522821.0,17010754.0,0.0,0.0,0.0,17010754.0
20260311,920346,威贸电子,622727.0,22701255.0,0.0,0.0,0.0,22701255.0
20260311,920351,华光源海,2006032.0,13532757.0,0.0,0.0,0.0,13532757.0
20260311,920357,雅葆轩,1508524.0,11053631.0,0.0,0.0,0.0,11053631.0
20260311,920363,莱赛激光,387863.0,12681923.0,0.0,0.0,0.0,12681923.0
20260311,920367,新赣江,257730.0,10779652.0,0.0,0.0,0.0,10779652.0
20260311,920368,连城数控,35564678.0,325220814.0,0.0,0.0,0.0,325220814.0
20260311,920370,新安洁,761360.0,3126932.0,0.0,0.0,0.0,3126932.0
20260311,920371,欧福蛋业,1502236.0,10857470.0,0.0,0.0,0.0,10857470.0
20260311,920374,云里物里,679067.0,22532941.0,0.0,0.0,0.0,22532941.0
20260311,920375,派诺科技,15465081.0,22624478.0,0.0,0.0,0.0,22624478.0
20260311,920378,泰德股份,175489.0,27346896.0,0.0,0.0,0.0,27346896.0
20260311,920392,佳合科技,363207.0,9937143.0,0.0,0.0,0.0,9937143.0
20260311,920394,民士达,2525030.0,64449172.0,0.0,0.0,0.0,64449172.0
20260311,920395,朗鸿科技,588289.0,26171830.0,0.0,0.0,0.0,26171830.0
20260311,920396,常辅股份,6993559.0,24016736.0,0.0,0.0,0.0,24016736.0
20260311,920402,硅烷科技,2921192.0,67299983.0,0.0,0.0,0.0,67299983.0
20260311,920403,康农种业,4177387.0,13758077.0,0.0,0.0,0.0,13758077.0
20260311,920405,海希通讯,5755394.0,106759271.0,0.0,0.0,0.0,106759271.0
20260311,920407,驰诚股份,1478929.0,8716875.0,0.0,0.0,0.0,8716875.0
20260311,920414,欧普泰,1934778.0,6080600.0,0.0,0.0,0.0,6080600.0
20260311,920415,恒拓开源,401012.0,23909766.0,0.0,0.0,0.0,23909766.0
20260311,920418,苏轴股份,2456922.0,64001549.0,0.0,0.0,0.0,64001549.0
20260311,920419,路斯股份,539992.0,18812631.0,0.0,0.0,0.0,18812631.0
20260311,920422,润普食品,738405.0,8314352.0,0.0,0.0,0.0,8314352.0
20260311,920425,乐创技术,921500.0,17426200.0,0.0,0.0,0.0,17426200.0
20260311,920427,华维设计,265492.0,6210058.0,0.0,0.0,0.0,6210058.0
20260311,920429,康比特,1033773.0,18724113.0,0.0,0.0,0.0,18724113.0
20260311,920433,大唐药业,157058.0,8078315.0,0.0,0.0,0.0,8078315.0
20260311,920436,大地电气,258115.0,9493486.0,0.0,0.0,0.0,9493486.0
20260311,920438,戈碧迦,4082880.0,95291989.0,0.0,0.0,0.0,95291989.0
20260311,920445,龙竹科技,1620212.0,27642897.0,0.0,0.0,0.0,27642897.0
20260311,920454,同心传动,672699.0,13559365.0,0.0,0.0,0.0,13559365.0
20260311,920455,汇隆活塞,738798.0,6070200.0,0.0,0.0,0.0,6070200.0
20260311,920469,富恒新材,571513.0,23675188.0,0.0,0.0,0.0,23675188.0
20260311,920471,美邦科技,1590460.0,7106235.0,0.0,0.0,0.0,7106235.0
20260311,920475,三友科技,156183.0,10294423.0,0.0,0.0,0.0,10294423.0
20260311,920476,海能技术,604384.0,30034722.0,0.0,0.0,0.0,30034722.0
20260311,920478,峆一药业,982879.0,9550675.0,0.0,0.0,0.0,9550675.0
20260311,920489,佳先股份,881697.0,34321813.0,0.0,0.0,0.0,34321813.0
20260311,920491,奥迪威,3386188.0,132979891.0,0.0,0.0,0.0,132979891.0
20260311,920493,并行科技,19327549.0,213211316.0,0.0,0.0,0.0,213211316.0
20260311,920496,许昌智能,6309093.0,31294864.0,0.0,0.0,0.0,31294864.0
20260311,920504,博迅生物,224168.0,1720671.0,0.0,0.0,0.0,1720671.0
20260311,920505,九菱科技,1726072.0,24021336.0,0.0,0.0,0.0,24021336.0
20260311,920508,殷图网联,338259.0,6083729.0,0.0,0.0,0.0,6083729.0
20260311,920509,同惠电子,2646442.0,34512236.0,0.0,0.0,0.0,34512236.0
20260311,920510,丰光精密,182324.0,18553036.0,0.0,0.0,0.0,18553036.0
20260311,920519,万德股份,708631.0,9902706.0,0.0,0.0,0.0,9902706.0
20260311,920522,纳科诺尔,19016359.0,170260702.0,0.0,0.0,0.0,170260702.0
20260311,920523,德瑞锂电,2672021.0,67576153.0,0.0,0.0,0.0,67576153.0
20260311,920526,凯华材料,528530.0,7995601.0,0.0,0.0,0.0,7995601.0
20260311,920527,夜光明,802575.0,4650109.0,0.0,0.0,0.0,4650109.0
20260311,920533,骏创科技,1685532.0,46718437.0,0.0,0.0,0.0,46718437.0
20260311,920541,铁大科技,280518.0,24908703.0,0.0,0.0,0.0,24908703.0
20260311,920547,无锡晶海,896457.0,8327819.0,0.0,0.0,0.0,8327819.0
20260311,920553,凯腾精工,1825925.0,6375882.0,0.0,0.0,0.0,6375882.0
20260311,920556,雅达股份,5475595.0,25740785.0,0.0,0.0,0.0,25740785.0
20260311,920564,天润科技,263459.0,13085643.0,0.0,0.0,0.0,13085643.0
20260311,920566,梓橦宫,826941.0,32009356.0,0.0,0.0,0.0,32009356.0
20260311,920570,坤博精工,3675211.0,13766023.0,0.0,0.0,0.0,13766023.0
20260311,920571,国航远洋,10156876.0,54340609.0,0.0,0.0,0.0,54340609.0
20260311,920575,康乐卫士,193124.0,11655592.0,0.0,0.0,0.0,11655592.0
20260311,920576,天力复合,5383667.0,64631179.0,0.0,0.0,0.0,64631179.0
20260311,920578,巨能股份,801984.0,14606310.0,0.0,0.0,0.0,14606310.0
20260311,920579,机科股份,709447.0,15390078.0,0.0,0.0,0.0,15390078.0
20260311,920580,科创新材,935592.0,7127319.0,0.0,0.0,0.0,7127319.0
20260311,920592,华信永道,1950758.0,34484447.0,0.0,0.0,0.0,34484447.0
20260311,920593,鼎智科技,2011075.0,68720307.0,0.0,0.0,0.0,68720307.0
20260311,920599,同力股份,1702681.0,96778440.0,0.0,0.0,0.0,96778440.0
20260311,920608,丰安股份,137316.0,2760683.0,0.0,0.0,0.0,2760683.0
20260311,920627,力王股份,3054385.0,14287252.0,0.0,0.0,0.0,14287252.0
20260311,920634,新威凌,379504.0,10186440.0,0.0,0.0,0.0,10186440.0
20260311,920639,晨光电缆,2545330.0,32098636.0,0.0,0.0,0.0,32098636.0
20260311,920640,富士达,6344432.0,125038843.0,0.0,0.0,0.0,125038843.0
20260311,920641,格利尔,1353126.0,7297716.0,0.0,0.0,0.0,7297716.0
20260311,920642,通易航天,232387.0,10502282.0,0.0,0.0,0.0,10502282.0
20260311,920651,天罡股份,256860.0,3089717.0,0.0,0.0,0.0,3089717.0
20260311,920656,海昇药业,117312.0,5342951.0,0.0,0.0,0.0,5342951.0
20260311,920662,方盛股份,1940771.0,14009540.0,0.0,0.0,0.0,14009540.0
20260311,920663,明阳科技,573229.0,10587276.0,0.0,0.0,0.0,10587276.0
20260311,920665,科强股份,1158222.0,14647481.0,0.0,0.0,0.0,14647481.0
20260311,920670,数字人,515808.0,9614855.0,0.0,0.0,0.0,9614855.0
20260311,920675,秉扬科技,2094285.0,12494943.0,0.0,0.0,0.0,12494943.0
20260311,920679,前进科技,594425.0,7128354.0,0.0,0.0,0.0,7128354.0
20260311,920682,球冠电缆,5140683.0,27183527.0,0.0,0.0,0.0,27183527.0
20260311,920685,新芝生物,487555.0,5696722.0,0.0,0.0,0.0,5696722.0
20260311,920689,克莱特,1778460.0,23931669.0,0.0,0.0,0.0,23931669.0
20260311,920690,捷众科技,533837.0,22333105.0,0.0,0.0,0.0,22333105.0
20260311,920693,阿为特,896112.0,22926606.0,0.0,0.0,0.0,22926606.0
20260311,920694,中裕科技,2588617.0,13707477.0,0.0,0.0,0.0,13707477.0
20260311,920699,海达尔,733493.0,63420658.0,0.0,0.0,0.0,63420658.0
20260311,920701,豪声电子,399162.0,27996604.0,0.0,0.0,0.0,27996604.0
20260311,920703,广厦环能,1371243.0,22518930.0,0.0,0.0,0.0,22518930.0
20260311,920706,铁拓机械,6105081.0,22818803.0,0.0,0.0,0.0,22818803.0
20260311,920717,瑞星股份,639495.0,3733620.0,0.0,0.0,0.0,3733620.0
20260311,920718,合肥高科,793934.0,5862418.0,0.0,0.0,0.0,5862418.0
20260311,920719,宁新新材,342513.0,6635554.0,0.0,0.0,0.0,6635554.0
20260311,920720,吉冈精密,1142499.0,18450818.0,0.0,0.0,0.0,18450818.0
20260311,920725,惠丰钻石,8019586.0,24300447.0,0.0,0.0,0.0,24300447.0
20260311,920726,朱老六,1010545.0,13195827.0,0.0,0.0,0.0,13195827.0
20260311,920729,永顺生物,474870.0,10556216.0,0.0,0.0,0.0,10556216.0
20260311,920735,德源药业,6518360.0,54923186.0,0.0,0.0,0.0,54923186.0
20260311,920748,路桥信息,496167.0,3865903.0,0.0,0.0,0.0,3865903.0
20260311,920751,惠同新材,563406.0,28002427.0,0.0,0.0,0.0,28002427.0
20260311,920753,天纺标,904691.0,11706563.0,0.0,0.0,0.0,11706563.0
20260311,920765,美之高,639908.0,6550459.0,0.0,0.0,0.0,6550459.0
20260311,920768,拾比佰,1270938.0,11046439.0,0.0,0.0,0.0,11046439.0
20260311,920770,艾能聚,7622859.0,40413605.0,0.0,0.0,0.0,40413605.0
20260311,920779,武汉蓝电,5704780.0,11740470.0,0.0,0.0,0.0,11740470.0
20260311,920781,瑞奇智造,432674.0,8642394.0,0.0,0.0,0.0,8642394.0
20260311,920786,骑士乳业,735939.0,19143527.0,0.0,0.0,0.0,19143527.0
20260311,920790,联迪信息,676340.0,19342895.0,0.0,0.0,0.0,19342895.0
20260311,920792,东和新材,377376.0,12265403.0,0.0,0.0,0.0,12265403.0
20260311,920799,艾融软件,2232103.0,140645053.0,0.0,0.0,0.0,140645053.0
20260311,920802,保丽洁,766075.0,2405687.0,0.0,0.0,0.0,2405687.0
20260311,920806,云星宇,516022.0,43310787.0,0.0,0.0,0.0,43310787.0
20260311,920807,奔朗新材,960382.0,20816957.0,0.0,0.0,0.0,20816957.0
20260311,920808,曙光数创,13716654.0,285558092.0,0.0,0.0,0.0,285558092.0
20260311,920809,安达科技,2977190.0,47451230.0,0.0,0.0,0.0,47451230.0
20260311,920810,春光智能,259491.0,2055990.0,0.0,0.0,0.0,2055990.0
20260311,920819,颖泰生物,434049.0,33993198.0,0.0,0.0,0.0,33993198.0
20260311,920821,则成电子,1338507.0,20534804.0,0.0,0.0,0.0,20534804.0
20260311,920826,盖世食品,785565.0,19800640.0,0.0,0.0,0.0,19800640.0
20260311,920832,齐鲁华信,1272403.0,9103419.0,0.0,0.0,0.0,9103419.0
20260311,920833,美心翼申,1782327.0,16717720.0,0.0,0.0,0.0,16717720.0
20260311,920834,三维装备,330791.0,8597600.0,0.0,0.0,0.0,8597600.0
20260311,920837,华原股份,641925.0,13564541.0,0.0,0.0,0.0,13564541.0
20260311,920839,万通液压,1454816.0,24989665.0,0.0,0.0,0.0,24989665.0
20260311,920855,浙江大农,826826.0,4062655.0,0.0,0.0,0.0,4062655.0
20260311,920856,浩淼科技,136282.0,12354669.0,0.0,0.0,0.0,12354669.0
20260311,920857,泓禧科技,609618.0,5350154.0,0.0,0.0,0.0,5350154.0
20260311,920866,绿亨科技,1783952.0,7085752.0,0.0,0.0,0.0,7085752.0
20260311,920870,恒进感应,2693491.0,13983000.0,0.0,0.0,0.0,13983000.0
20260311,920871,派特尔,630101.0,8322967.0,0.0,0.0,0.0,8322967.0
20260311,920873,中设咨询,59157.0,5449358.0,0.0,0.0,0.0,5449358.0
20260311,920876,慧为智能,3978841.0,10813259.0,0.0,0.0,0.0,10813259.0
20260311,920879,基康技术,1027467.0,23006587.0,0.0,0.0,0.0,23006587.0
20260311,920885,星辰科技,2851233.0,38749260.0,0.0,0.0,0.0,38749260.0
20260311,920892,广咨国际,261358.0,6565180.0,0.0,0.0,0.0,6565180.0
20260311,920895,花溪科技,44363.0,1763457.0,0.0,0.0,0.0,1763457.0
20260311,920896,旺成科技,262358.0,8722375.0,0.0,0.0,0.0,8722375.0
20260311,920906,舜宇精工,789070.0,7967602.0,0.0,0.0,0.0,7967602.0
20260311,920914,远航精密,1549100.0,41002965.0,0.0,0.0,0.0,41002965.0
20260311,920924,广脉科技,1396707.0,20361726.0,0.0,0.0,0.0,20361726.0
20260311,920925,锦好医疗,884648.0,16611004.0,0.0,0.0,0.0,16611004.0
20260311,920926,鸿智科技,632792.0,6189753.0,0.0,0.0,0.0,6189753.0
20260311,920931,无锡鼎邦,1452743.0,5186269.0,0.0,0.0,0.0,5186269.0
20260311,920932,科达自控,288249.0,21691124.0,0.0,0.0,0.0,21691124.0
20260311,920942,恒立钻具,3410107.0,28609243.0,0.0,0.0,0.0,28609243.0
20260311,920943,优机股份,304102.0,22731906.0,0.0,0.0,0.0,22731906.0
20260311,920946,森萱医药,674511.0,23864721.0,0.0,0.0,0.0,23864721.0
20260311,920950,迅安科技,196847.0,2018793.0,0.0,0.0,0.0,2018793.0
20260311,920953,国子软件,1273697.0,43373436.0,0.0,0.0,0.0,43373436.0
20260311,920957,汉维科技,373821.0,1271830.0,0.0,0.0,0.0,1271830.0
20260311,920961,创远信科,2500747.0,50340978.0,0.0,0.0,0.0,50340978.0
20260311,920964,润农节水,653067.0,24024621.0,0.0,0.0,0.0,24024621.0
20260311,920970,大禹生物,39320.0,2021931.0,0.0,0.0,0.0,2021931.0
20260311,920971,天马新材,4440953.0,49978922.0,0.0,0.0,0.0,49978922.0
20260311,920974,凯大催化,130002.0,4470496.0,0.0,0.0,0.0,4470496.0
20260311,920976,视声智能,7626897.0,20818633.0,0.0,0.0,0.0,20818633.0
20260311,920978,开特股份,1893560.0,66425084.0,0.0,0.0,0.0,66425084.0
20260311,920981,晶赛科技,1798273.0,16807467.0,0.0,0.0,0.0,16807467.0
20260311,920982,锦波生物,11231225.0,363576522.0,0.0,0.0,0.0,363576522.0
20260311,920985,海泰新能,2196862.0,22867619.0,0.0,0.0,0.0,22867619.0
20260311,920992,中科美菱,506049.0,8447470.0,0.0,0.0,0.0,8447470.0
20260311,日期：2026-03-11,,,,,,,
20260312,920000,安徽凤凰,498974.0,10693973.0,0.0,0.0,0.0,10693973.0
20260312,920001,纬达光电,8951801.0,22777608.0,0.0,0.0,0.0,22777608.0
20260312,920002,万达轴承,1344806.0,47590447.0,0.0,0.0,0.0,47590447.0
20260312,920003,中诚咨询,0.0,4197686.0,0.0,0.0,0.0,4197686.0
20260312,920005,鼎佳精密,2776408.0,17588454.0,0.0,0.0,0.0,17588454.0
20260312,920006,晟楠科技,239026.0,13093656.0,0.0,0.0,0.0,13093656.0
20260312,920007,酉立智能,1100775.0,11192363.0,0.0,0.0,0.0,11192363.0
20260312,920008,成电光信,1125456.0,18938184.0,0.0,0.0,0.0,18938184.0
20260312,920009,丹娜生物,174071.0,5063513.0,0.0,0.0,0.0,5063513.0
20260312,920010,凯添燃气,10661416.0,47078805.0,0.0,0.0,0.0,47078805.0
20260312,920014,特瑞斯,6802229.0,13767747.0,0.0,0.0,0.0,13767747.0
20260312,920015,锦华新材,2199946.0,34077341.0,0.0,0.0,0.0,34077341.0
20260312,920016,中草香料,221421.0,7462241.0,0.0,0.0,0.0,7462241.0
20260312,920017,星昊医药,1305696.0,46541419.0,0.0,0.0,0.0,46541419.0
20260312,920018,宏远股份,15517765.0,43749707.0,0.0,0.0,0.0,43749707.0
20260312,920019,铜冠矿建,3048620.0,46900177.0,0.0,0.0,0.0,46900177.0
20260312,920020,泰凯英,614381.0,21098248.0,0.0,0.0,0.0,21098248.0
20260312,920021,流金科技,4443361.0,60401812.0,0.0,0.0,0.0,60401812.0
20260312,920022,世昌股份,110482.0,4810874.0,0.0,0.0,0.0,4810874.0
20260312,920023,田野股份,85400.0,7003100.0,0.0,0.0,0.0,7003100.0
20260312,920026,卓兆点胶,140874.0,19122418.0,0.0,0.0,0.0,19122418.0
20260312,920027,交大铁发,145013.0,8402010.0,0.0,0.0,0.0,8402010.0
20260312,920029,开发科技,3887530.0,83914366.0,0.0,0.0,0.0,83914366.0
20260312,920030,德众汽车,409741.0,12245012.0,0.0,0.0,0.0,12245012.0
20260312,920033,康普化学,962375.0,17385896.0,0.0,0.0,0.0,17385896.0
20260312,920035,精创电气,994151.0,6278919.0,0.0,0.0,0.0,6278919.0
20260312,920036,觅睿科技,6065317.0,6106287.0,0.0,0.0,0.0,6106287.0
20260312,920037,广信科技,7089073.0,59925940.0,0.0,0.0,0.0,59925940.0
20260312,920039,国义招标,220392.0,16161592.0,0.0,0.0,0.0,16161592.0
20260312,920045,蘅东光,31926425.0,115830037.0,0.0,0.0,0.0,115830037.0
20260312,920046,亿能电力,9947815.0,25167609.0,0.0,0.0,0.0,25167609.0
20260312,920047,诺思兰德,2701506.0,36259864.0,0.0,13799.0,337248.0,36597112.0
20260312,920050,爱舍伦,562769.0,7865778.0,0.0,0.0,0.0,7865778.0
20260312,920056,能之光,637221.0,17043130.0,0.0,0.0,0.0,17043130.0
20260312,920057,百甲科技,198765.0,4308084.0,0.0,0.0,0.0,4308084.0
20260312,920058,华洋赛车,163918.0,6197904.0,0.0,0.0,0.0,6197904.0
20260312,920060,万源通,10186835.0,81559342.0,0.0,0.0,0.0,81559342.0
20260312,920061,西磁科技,185480.0,11661972.0,0.0,0.0,0.0,11661972.0
20260312,920062,科润智控,5842683.0,52030133.0,0.0,0.0,0.0,52030133.0
20260312,920066,科拜尔,157887.0,10987697.0,0.0,0.0,0.0,10987697.0
20260312,920068,天工股份,4838134.0,39061023.0,0.0,0.0,0.0,39061023.0
20260312,920075,柏星龙,1084361.0,14142560.0,0.0,0.0,0.0,14142560.0
20260312,920076,国亮新材,8124.0,4008025.0,0.0,0.0,0.0,4008025.0
20260312,920077,吉林碳谷,39799376.0,103359977.0,0.0,0.0,0.0,103359977.0
20260312,920080,奥美森,836408.0,11717871.0,0.0,0.0,0.0,11717871.0
20260312,920082,方正阀门,1279501.0,9409079.0,0.0,0.0,0.0,9409079.0
20260312,920086,科马材料,2796786.0,14371063.0,0.0,0.0,0.0,14371063.0
20260312,920087,秋乐种业,6814448.0,27605326.0,0.0,0.0,0.0,27605326.0
20260312,920088,科力股份,29449967.0,114550875.0,0.0,0.0,0.0,114550875.0
20260312,920089,禾昌聚合,2871719.0,45952144.0,0.0,0.0,0.0,45952144.0
20260312,920090,同辉信息,0.0,2914921.0,0.0,0.0,0.0,2914921.0
20260312,920091,大鹏工业,3727878.0,18698904.0,0.0,0.0,0.0,18698904.0
20260312,920092,汉鑫科技,535341.0,19817567.0,0.0,0.0,0.0,19817567.0
20260312,920098,科隆新材,281999.0,29416627.0,0.0,0.0,0.0,29416627.0
20260312,920099,瑞华技术,2107849.0,28437703.0,0.0,0.0,0.0,28437703.0
20260312,920100,三协电机,1395484.0,19853861.0,0.0,0.0,0.0,19853861.0
20260312,920101,志高机械,447227.0,23050582.0,0.0,0.0,0.0,23050582.0
20260312,920106,林泰新材,907132.0,39217884.0,0.0,0.0,0.0,39217884.0
20260312,920108,宏海科技,129639.0,10033626.0,0.0,0.0,0.0,10033626.0
20260312,920110,雷特科技,171582.0,2855148.0,0.0,0.0,0.0,2855148.0
20260312,920111,聚星科技,2665243.0,29596485.0,0.0,0.0,0.0,29596485.0
20260312,920112,巴兰仕,157863.0,9100655.0,0.0,0.0,0.0,9100655.0
20260312,920116,星图测控,6981141.0,153206328.0,0.0,0.0,0.0,153206328.0
20260312,920118,太湖远大,534600.0,8083219.0,0.0,0.0,0.0,8083219.0
20260312,920119,美德乐,2518677.0,18033638.0,0.0,0.0,0.0,18033638.0
20260312,920121,江天科技,591245.0,10314651.0,0.0,0.0,0.0,10314651.0
20260312,920122,中纺标,540831.0,12837738.0,0.0,0.0,0.0,12837738.0
20260312,920123,芭薇股份,1041622.0,10624332.0,0.0,0.0,0.0,10624332.0
20260312,920124,南特科技,556322.0,17297336.0,0.0,0.0,0.0,17297336.0
20260312,920128,胜业电气,391250.0,14046414.0,0.0,0.0,0.0,14046414.0
20260312,920130,立方控股,916533.0,13556305.0,0.0,0.0,0.0,13556305.0
20260312,920132,泰鹏智能,341754.0,2179528.0,0.0,0.0,0.0,2179528.0
20260312,920139,华岭股份,1784390.0,59353819.0,0.0,0.0,0.0,59353819.0
20260312,920145,恒合股份,19878.0,1578267.0,0.0,0.0,0.0,1578267.0
20260312,920146,华阳变速,262078.0,4838830.0,0.0,0.0,0.0,4838830.0
20260312,920149,旭杰科技,199583.0,5019416.0,0.0,0.0,0.0,5019416.0
20260312,920152,昆工科技,571338.0,23184851.0,0.0,0.0,0.0,23184851.0
20260312,920158,长江能科,5781995.0,10242070.0,0.0,0.0,0.0,10242070.0
20260312,920159,农大科技,8556085.0,14027257.0,0.0,0.0,0.0,14027257.0
20260312,920160,北矿检测,3463026.0,17910279.0,0.0,0.0,0.0,17910279.0
20260312,920163,方大新材,299932.0,3441951.0,0.0,0.0,0.0,3441951.0
20260312,920166,海圣医疗,11932.0,2196814.0,0.0,0.0,0.0,2196814.0
20260312,920167,同享科技,5025030.0,23705114.0,0.0,0.0,0.0,23705114.0
20260312,920168,通宝光电,611223.0,6602227.0,0.0,0.0,0.0,6602227.0
20260312,920169,七丰精工,2669531.0,18971824.0,0.0,0.0,0.0,18971824.0
20260312,920171,志晟信息,469011.0,10349473.0,0.0,0.0,0.0,10349473.0
20260312,920174,五新隧装,1776842.0,56968638.0,0.0,0.0,0.0,56968638.0
20260312,920175,东方碳素,545446.0,6018641.0,0.0,0.0,0.0,6018641.0
20260312,920179,凯德石英,8059074.0,127485557.0,0.0,0.0,0.0,127485557.0
20260312,920180,爱得科技,438138.0,6094235.0,0.0,0.0,0.0,6094235.0
20260312,920183,海菲曼,1360489.0,5033611.0,0.0,0.0,0.0,5033611.0
20260312,920184,国源科技,439759.0,26071874.0,0.0,0.0,0.0,26071874.0
20260312,920185,贝特瑞,6503903.0,270892526.0,0.0,0.0,0.0,270892526.0
20260312,920187,通领科技,1177189.0,8383411.0,0.0,0.0,0.0,8383411.0
20260312,920190,雷神科技,1909311.0,51080150.0,0.0,0.0,0.0,51080150.0
20260312,920195,三祥科技,2241552.0,16713007.0,0.0,0.0,0.0,16713007.0
20260312,920198,微创光电,161912.0,6050917.0,0.0,0.0,0.0,6050917.0
20260312,920199,倍益康,4951633.0,26621250.0,0.0,0.0,0.0,26621250.0
20260312,920204,沪江材料,1374107.0,15337383.0,0.0,0.0,0.0,15337383.0
20260312,920207,众诚科技,3019613.0,16638145.0,0.0,0.0,0.0,16638145.0
20260312,920208,青矩技术,445803.0,17821701.0,0.0,0.0,0.0,17821701.0
20260312,920212,智新电子,228475.0,4085756.0,0.0,0.0,0.0,4085756.0
20260312,920221,易实精密,772041.0,7153122.0,0.0,0.0,0.0,7153122.0
20260312,920223,荣亿精密,396015.0,13586938.0,0.0,0.0,0.0,13586938.0
20260312,920225,利通科技,6230074.0,103295871.0,0.0,0.0,0.0,103295871.0
20260312,920227,美登科技,1639896.0,30276750.0,0.0,0.0,0.0,30276750.0
20260312,920230,欧康医药,85360.0,3390911.0,0.0,0.0,0.0,3390911.0
20260312,920237,力佳科技,919888.0,13764725.0,0.0,0.0,0.0,13764725.0
20260312,920239,长虹能源,2124299.0,105007331.0,0.0,0.0,0.0,105007331.0
20260312,920242,建邦科技,510763.0,11608341.0,0.0,0.0,0.0,11608341.0
20260312,920245,威博液压,65002.0,6317318.0,0.0,0.0,0.0,6317318.0
20260312,920247,华密新材,3777516.0,24683891.0,0.0,0.0,0.0,24683891.0
20260312,920249,利尔达,1094371.0,32180552.0,0.0,0.0,0.0,32180552.0
20260312,920252,天宏锂电,6951241.0,32861598.0,0.0,0.0,0.0,32861598.0
20260312,920260,中寰股份,1305511.0,7937665.0,0.0,0.0,0.0,7937665.0
20260312,920261,一诺威,2530630.0,17792085.0,0.0,0.0,0.0,17792085.0
20260312,920262,太湖雪,761465.0,5520826.0,0.0,0.0,0.0,5520826.0
20260312,920263,中航泰达,433855.0,4677896.0,0.0,0.0,0.0,4677896.0
20260312,920266,生物谷,17720.0,6589074.0,0.0,0.0,0.0,6589074.0
20260312,920267,鑫汇科,239941.0,4710681.0,0.0,0.0,0.0,4710681.0
20260312,920270,天铭科技,5838547.0,26027857.0,0.0,0.0,0.0,26027857.0
20260312,920271,邦德股份,412056.0,12112516.0,0.0,0.0,0.0,12112516.0
20260312,920273,一致魔芋,1044518.0,24508395.0,0.0,0.0,0.0,24508395.0
20260312,920274,宏裕包材,955636.0,14023042.0,0.0,0.0,0.0,14023042.0
20260312,920275,驱动力,737617.0,9004889.0,0.0,0.0,0.0,9004889.0
20260312,920278,鹿得医疗,335017.0,10196712.0,0.0,0.0,0.0,10196712.0
20260312,920284,灵鸽科技,2214189.0,35723410.0,0.0,0.0,0.0,35723410.0
20260312,920299,灿能电力,3236659.0,27441366.0,0.0,0.0,0.0,27441366.0
20260312,920300,辰光医疗,275077.0,17369555.0,0.0,0.0,0.0,17369555.0
20260312,920304,迪尔化工,6620202.0,14293051.0,0.0,0.0,0.0,14293051.0
20260312,920339,恒太照明,987349.0,7118640.0,0.0,0.0,0.0,7118640.0
20260312,920344,三元基因,335637.0,16772184.0,0.0,0.0,0.0,16772184.0
20260312,920346,威贸电子,1150415.0,22948584.0,0.0,0.0,0.0,22948584.0
20260312,920351,华光源海,1565837.0,13000765.0,0.0,0.0,0.0,13000765.0
20260312,920357,雅葆轩,605472.0,10917852.0,0.0,0.0,0.0,10917852.0
20260312,920363,莱赛激光,562817.0,12790888.0,0.0,0.0,0.0,12790888.0
20260312,920367,新赣江,498379.0,10497916.0,0.0,0.0,0.0,10497916.0
20260312,920368,连城数控,15842734.0,306851766.0,0.0,0.0,0.0,306851766.0
20260312,920370,新安洁,98419.0,2578464.0,0.0,0.0,0.0,2578464.0
20260312,920371,欧福蛋业,1237773.0,10610069.0,0.0,0.0,0.0,10610069.0
20260312,920374,云里物里,2106566.0,24433975.0,0.0,0.0,0.0,24433975.0
20260312,920375,派诺科技,10435845.0,16538171.0,0.0,0.0,0.0,16538171.0
20260312,920378,泰德股份,121172.0,27197479.0,0.0,0.0,0.0,27197479.0
20260312,920392,佳合科技,71554.0,9502921.0,0.0,0.0,0.0,9502921.0
20260312,920394,民士达,14490260.0,74766904.0,0.0,0.0,0.0,74766904.0
20260312,920395,朗鸿科技,568993.0,26065265.0,0.0,0.0,0.0,26065265.0
20260312,920396,常辅股份,7706531.0,23582616.0,0.0,0.0,0.0,23582616.0
20260312,920402,硅烷科技,3997277.0,66094904.0,0.0,0.0,0.0,66094904.0
20260312,920403,康农种业,4649874.0,13149942.0,0.0,0.0,0.0,13149942.0
20260312,920405,海希通讯,2111458.0,106686207.0,0.0,0.0,0.0,106686207.0
20260312,920407,驰诚股份,1042759.0,8905314.0,0.0,0.0,0.0,8905314.0
20260312,920414,欧普泰,82078.0,5822276.0,0.0,0.0,0.0,5822276.0
20260312,920415,恒拓开源,238330.0,23665826.0,0.0,0.0,0.0,23665826.0
20260312,920418,苏轴股份,1104866.0,63112319.0,0.0,0.0,0.0,63112319.0
20260312,920419,路斯股份,748803.0,18620158.0,0.0,0.0,0.0,18620158.0
20260312,920422,润普食品,1489345.0,8055965.0,0.0,0.0,0.0,8055965.0
20260312,920425,乐创技术,546511.0,17454067.0,0.0,0.0,0.0,17454067.0
20260312,920427,华维设计,190686.0,6231917.0,0.0,0.0,0.0,6231917.0
20260312,920429,康比特,344031.0,18850345.0,0.0,0.0,0.0,18850345.0
20260312,920433,大唐药业,225394.0,8146922.0,0.0,0.0,0.0,8146922.0
20260312,920436,大地电气,153923.0,9448356.0,0.0,0.0,0.0,9448356.0
20260312,920438,戈碧迦,5086330.0,93942444.0,0.0,0.0,0.0,93942444.0
20260312,920445,龙竹科技,1281948.0,27559635.0,0.0,0.0,0.0,27559635.0
20260312,920454,同心传动,351726.0,13497705.0,0.0,0.0,0.0,13497705.0
20260312,920455,汇隆活塞,423671.0,6159032.0,0.0,0.0,0.0,6159032.0
20260312,920469,富恒新材,3757896.0,24516068.0,0.0,0.0,0.0,24516068.0
20260312,920471,美邦科技,1735140.0,6752741.0,0.0,0.0,0.0,6752741.0
20260312,920475,三友科技,582426.0,10225806.0,0.0,0.0,0.0,10225806.0
20260312,920476,海能技术,1448591.0,30279280.0,0.0,0.0,0.0,30279280.0
20260312,920478,峆一药业,1288481.0,9506914.0,0.0,0.0,0.0,9506914.0
20260312,920489,佳先股份,1552420.0,34273562.0,0.0,0.0,0.0,34273562.0
20260312,920491,奥迪威,10265602.0,141010751.0,0.0,0.0,0.0,141010751.0
20260312,920493,并行科技,58301495.0,216772634.0,0.0,0.0,0.0,216772634.0
20260312,920496,许昌智能,3120366.0,31336200.0,0.0,0.0,0.0,31336200.0
20260312,920504,博迅生物,151886.0,1620807.0,0.0,0.0,0.0,1620807.0
20260312,920505,九菱科技,1173243.0,24554337.0,0.0,0.0,0.0,24554337.0
20260312,920508,殷图网联,96858.0,5603504.0,0.0,0.0,0.0,5603504.0
20260312,920509,同惠电子,1708141.0,34853884.0,0.0,0.0,0.0,34853884.0
20260312,920510,丰光精密,721671.0,18862351.0,0.0,0.0,0.0,18862351.0
20260312,920519,万德股份,590749.0,9959321.0,0.0,0.0,0.0,9959321.0
20260312,920522,纳科诺尔,8115374.0,166716939.0,0.0,0.0,0.0,166716939.0
20260312,920523,德瑞锂电,2041248.0,67717039.0,0.0,0.0,0.0,67717039.0
20260312,920526,凯华材料,506942.0,7985904.0,0.0,0.0,0.0,7985904.0
20260312,920527,夜光明,210277.0,4440088.0,0.0,0.0,0.0,4440088.0
20260312,920533,骏创科技,1636462.0,46486577.0,0.0,0.0,0.0,46486577.0
20260312,920541,铁大科技,168937.0,24809129.0,0.0,0.0,0.0,24809129.0
20260312,920547,无锡晶海,344222.0,8083687.0,0.0,0.0,0.0,8083687.0
20260312,920553,凯腾精工,663276.0,5892104.0,0.0,0.0,0.0,5892104.0
20260312,920556,雅达股份,3906189.0,26278308.0,0.0,0.0,0.0,26278308.0
20260312,920564,天润科技,650707.0,13336778.0,0.0,0.0,0.0,13336778.0
20260312,920566,梓橦宫,706888.0,31385086.0,0.0,0.0,0.0,31385086.0
20260312,920570,坤博精工,3167992.0,14866661.0,0.0,0.0,0.0,14866661.0
20260312,920571,国航远洋,13854921.0,58423141.0,0.0,0.0,0.0,58423141.0
20260312,920575,康乐卫士,313212.0,11756190.0,0.0,0.0,0.0,11756190.0
20260312,920576,天力复合,3235474.0,63405871.0,0.0,0.0,0.0,63405871.0
20260312,920578,巨能股份,1124550.0,12230509.0,0.0,0.0,0.0,12230509.0
20260312,920579,机科股份,1182350.0,15756160.0,0.0,0.0,0.0,15756160.0
20260312,920580,科创新材,764863.0,6556559.0,0.0,0.0,0.0,6556559.0
20260312,920592,华信永道,768966.0,33395985.0,0.0,0.0,0.0,33395985.0
20260312,920593,鼎智科技,2143316.0,69617735.0,0.0,0.0,0.0,69617735.0
20260312,920599,同力股份,2798615.0,98165243.0,0.0,0.0,0.0,98165243.0
20260312,920608,丰安股份,119783.0,2827866.0,0.0,0.0,0.0,2827866.0
20260312,920627,力王股份,3170245.0,14302186.0,0.0,0.0,0.0,14302186.0
20260312,920634,新威凌,971175.0,10021939.0,0.0,0.0,0.0,10021939.0
20260312,920639,晨光电缆,1593421.0,31070417.0,0.0,0.0,0.0,31070417.0
20260312,920640,富士达,3943276.0,123908000.0,0.0,0.0,0.0,123908000.0
20260312,920641,格利尔,2390508.0,7791386.0,0.0,0.0,0.0,7791386.0
20260312,920642,通易航天,1071877.0,11280379.0,0.0,0.0,0.0,11280379.0
20260312,920651,天罡股份,290195.0,3218861.0,0.0,0.0,0.0,3218861.0
20260312,920656,海昇药业,373130.0,5534544.0,0.0,0.0,0.0,5534544.0
20260312,920662,方盛股份,1967374.0,13994805.0,0.0,0.0,0.0,13994805.0
20260312,920663,明阳科技,402380.0,10898331.0,0.0,0.0,0.0,10898331.0
20260312,920665,科强股份,736891.0,14336660.0,0.0,0.0,0.0,14336660.0
20260312,920670,数字人,49452.0,9244989.0,0.0,0.0,0.0,9244989.0
20260312,920675,秉扬科技,2169241.0,13786838.0,0.0,0.0,0.0,13786838.0
20260312,920679,前进科技,132093.0,6730130.0,0.0,0.0,0.0,6730130.0
20260312,920682,球冠电缆,2507587.0,27865547.0,0.0,0.0,0.0,27865547.0
20260312,920685,新芝生物,123289.0,5570384.0,0.0,0.0,0.0,5570384.0
20260312,920689,克莱特,5788854.0,25180597.0,0.0,0.0,0.0,25180597.0
20260312,920690,捷众科技,542005.0,22289759.0,0.0,0.0,0.0,22289759.0
20260312,920693,阿为特,1405064.0,23656900.0,0.0,0.0,0.0,23656900.0
20260312,920694,中裕科技,567281.0,13548796.0,0.0,0.0,0.0,13548796.0
20260312,920699,海达尔,1322821.0,63185651.0,0.0,0.0,0.0,63185651.0
20260312,920701,豪声电子,783387.0,27394316.0,0.0,0.0,0.0,27394316.0
20260312,920703,广厦环能,2985380.0,23058111.0,0.0,0.0,0.0,23058111.0
20260312,920706,铁拓机械,1443703.0,21759034.0,0.0,0.0,0.0,21759034.0
20260312,920717,瑞星股份,303592.0,3841774.0,0.0,0.0,0.0,3841774.0
20260312,920718,合肥高科,325628.0,5417935.0,0.0,0.0,0.0,5417935.0
20260312,920719,宁新新材,1180199.0,7041773.0,0.0,0.0,0.0,7041773.0
20260312,920720,吉冈精密,1066520.0,19005459.0,0.0,0.0,0.0,19005459.0
20260312,920725,惠丰钻石,2058720.0,20590704.0,0.0,0.0,0.0,20590704.0
20260312,920726,朱老六,687992.0,12985089.0,0.0,0.0,0.0,12985089.0
20260312,920729,永顺生物,2267977.0,11893035.0,0.0,0.0,0.0,11893035.0
20260312,920735,德源药业,5665481.0,54426265.0,0.0,0.0,0.0,54426265.0
20260312,920748,路桥信息,791788.0,4195480.0,0.0,0.0,0.0,4195480.0
20260312,920751,惠同新材,1490651.0,28889667.0,0.0,0.0,0.0,28889667.0
20260312,920753,天纺标,473320.0,11562201.0,0.0,0.0,0.0,11562201.0
20260312,920765,美之高,1246997.0,6882161.0,0.0,0.0,0.0,6882161.0
20260312,920768,拾比佰,264769.0,10892822.0,0.0,0.0,0.0,10892822.0
20260312,920770,艾能聚,14047175.0,45150182.0,0.0,0.0,0.0,45150182.0
20260312,920779,武汉蓝电,3648510.0,11956452.0,0.0,0.0,0.0,11956452.0
20260312,920781,瑞奇智造,341259.0,8279502.0,0.0,0.0,0.0,8279502.0
20260312,920786,骑士乳业,1358634.0,19426232.0,0.0,0.0,0.0,19426232.0
20260312,920790,联迪信息,172879.0,18901350.0,0.0,0.0,0.0,18901350.0
20260312,920792,东和新材,759832.0,12078066.0,0.0,0.0,0.0,12078066.0
20260312,920799,艾融软件,2626338.0,140649934.0,0.0,0.0,0.0,140649934.0
20260312,920802,保丽洁,147164.0,2392283.0,0.0,0.0,0.0,2392283.0
20260312,920806,云星宇,438203.0,42257164.0,0.0,0.0,0.0,42257164.0
20260312,920807,奔朗新材,307670.0,20655903.0,0.0,0.0,0.0,20655903.0
20260312,920808,曙光数创,10612342.0,280034691.0,0.0,0.0,0.0,280034691.0
20260312,920809,安达科技,2668167.0,46655270.0,0.0,0.0,0.0,46655270.0
20260312,920810,春光智能,227805.0,2129474.0,0.0,0.0,0.0,2129474.0
20260312,920819,颖泰生物,1330494.0,34267361.0,0.0,0.0,0.0,34267361.0
20260312,920821,则成电子,645357.0,19915090.0,0.0,0.0,0.0,19915090.0
20260312,920826,盖世食品,1434106.0,19667995.0,0.0,0.0,0.0,19667995.0
20260312,920832,齐鲁华信,1556373.0,8680619.0,0.0,0.0,0.0,8680619.0
20260312,920833,美心翼申,1632268.0,16844320.0,0.0,0.0,0.0,16844320.0
20260312,920834,三维装备,799538.0,8766019.0,0.0,0.0,0.0,8766019.0
20260312,920837,华原股份,1248801.0,13870874.0,0.0,0.0,0.0,13870874.0
20260312,920839,万通液压,1473249.0,24423994.0,0.0,0.0,0.0,24423994.0
20260312,920855,浙江大农,321049.0,3896649.0,0.0,0.0,0.0,3896649.0
20260312,920856,浩淼科技,313501.0,12364343.0,0.0,0.0,0.0,12364343.0
20260312,920857,泓禧科技,127692.0,5297448.0,0.0,0.0,0.0,5297448.0
20260312,920866,绿亨科技,1379170.0,7708861.0,0.0,0.0,0.0,7708861.0
20260312,920870,恒进感应,1357111.0,13766989.0,0.0,0.0,0.0,13766989.0
20260312,920871,派特尔,2345578.0,10166223.0,0.0,0.0,0.0,10166223.0
20260312,920873,中设咨询,154000.0,5544201.0,0.0,0.0,0.0,5544201.0
20260312,920876,慧为智能,1810481.0,10667184.0,0.0,0.0,0.0,10667184.0
20260312,920879,基康技术,1827734.0,23792313.0,0.0,0.0,0.0,23792313.0
20260312,920885,星辰科技,3282143.0,37557145.0,0.0,0.0,0.0,37557145.0
20260312,920892,广咨国际,807667.0,6479970.0,0.0,0.0,0.0,6479970.0
20260312,920895,花溪科技,146076.0,1793917.0,0.0,0.0,0.0,1793917.0
20260312,920896,旺成科技,526491.0,8536682.0,0.0,0.0,0.0,8536682.0
20260312,920906,舜宇精工,259760.0,8006218.0,0.0,0.0,0.0,8006218.0
20260312,920914,远航精密,2139354.0,41615741.0,0.0,0.0,0.0,41615741.0
20260312,920924,广脉科技,1624387.0,20092714.0,0.0,0.0,0.0,20092714.0
20260312,920925,锦好医疗,335277.0,16426918.0,0.0,0.0,0.0,16426918.0
20260312,920926,鸿智科技,685101.0,6400565.0,0.0,0.0,0.0,6400565.0
20260312,920931,无锡鼎邦,994453.0,5309258.0,0.0,0.0,0.0,5309258.0
20260312,920932,科达自控,747132.0,22127374.0,0.0,0.0,0.0,22127374.0
20260312,920942,恒立钻具,1925122.0,29002053.0,0.0,0.0,0.0,29002053.0
20260312,920943,优机股份,485439.0,19768434.0,0.0,0.0,0.0,19768434.0
20260312,920946,森萱医药,677869.0,23162420.0,0.0,0.0,0.0,23162420.0
20260312,920950,迅安科技,202744.0,2020136.0,0.0,0.0,0.0,2020136.0
20260312,920953,国子软件,870936.0,42316465.0,0.0,0.0,0.0,42316465.0
20260312,920957,汉维科技,330163.0,1020662.0,0.0,0.0,0.0,1020662.0
20260312,920961,创远信科,1470998.0,49179300.0,0.0,0.0,0.0,49179300.0
20260312,920964,润农节水,797061.0,24534387.0,0.0,0.0,0.0,24534387.0
20260312,920970,大禹生物,7740.0,1929933.0,0.0,0.0,0.0,1929933.0
20260312,920971,天马新材,3553039.0,50349611.0,0.0,0.0,0.0,50349611.0
20260312,920974,凯大催化,242181.0,4209615.0,0.0,0.0,0.0,4209615.0
20260312,920976,视声智能,7225792.0,19678605.0,0.0,0.0,0.0,19678605.0
20260312,920978,开特股份,2707304.0,65966247.0,0.0,0.0,0.0,65966247.0
20260312,920981,晶赛科技,789104.0,16048681.0,0.0,0.0,0.0,16048681.0
20260312,920982,锦波生物,6845114.0,362874403.0,0.0,0.0,0.0,362874403.0
20260312,920985,海泰新能,1681354.0,22488664.0,0.0,0.0,0.0,22488664.0
20260312,920992,中科美菱,539526.0,8505500.0,0.0,0.0,0.0,8505500.0
20260312,日期：2026-03-12,,,,,,,
20260313,920000,安徽凤凰,705075.0,10554452.0,0.0,0.0,0.0,10554452.0
20260313,920001,纬达光电,8403441.0,24828752.0,0.0,0.0,0.0,24828752.0
20260313,920002,万达轴承,866297.0,47285113.0,0.0,0.0,0.0,47285113.0
20260313,920003,中诚咨询,240415.0,4384092.0,0.0,0.0,0.0,4384092.0
20260313,920005,鼎佳精密,137068.0,15008573.0,0.0,0.0,0.0,15008573.0
20260313,920006,晟楠科技,176481.0,12003784.0,0.0,0.0,0.0,12003784.0
20260313,920007,酉立智能,592527.0,10634222.0,0.0,0.0,0.0,10634222.0
20260313,920008,成电光信,305219.0,18309629.0,0.0,0.0,0.0,18309629.0
20260313,920009,丹娜生物,28910.0,4921348.0,0.0,0.0,0.0,4921348.0
20260313,920010,凯添燃气,5572961.0,45509569.0,0.0,0.0,0.0,45509569.0
20260313,920014,特瑞斯,4580333.0,15596347.0,0.0,0.0,0.0,15596347.0
20260313,920015,锦华新材,2056171.0,32118146.0,0.0,0.0,0.0,32118146.0
20260313,920016,中草香料,164530.0,7451669.0,0.0,0.0,0.0,7451669.0
20260313,920017,星昊医药,2264918.0,45737483.0,0.0,0.0,0.0,45737483.0
20260313,920018,宏远股份,8933745.0,34901168.0,0.0,0.0,0.0,34901168.0
20260313,920019,铜冠矿建,2426890.0,47144300.0,0.0,0.0,0.0,47144300.0
20260313,920020,泰凯英,214285.0,20626957.0,0.0,0.0,0.0,20626957.0
20260313,920021,流金科技,5656594.0,58204206.0,0.0,0.0,0.0,58204206.0
20260313,920022,世昌股份,487629.0,4050305.0,0.0,0.0,0.0,4050305.0
20260313,920023,田野股份,0.0,6946294.0,0.0,0.0,0.0,6946294.0
20260313,920026,卓兆点胶,276398.0,19162332.0,0.0,0.0,0.0,19162332.0
20260313,920027,交大铁发,750795.0,8993972.0,0.0,0.0,0.0,8993972.0
20260313,920029,开发科技,2120458.0,81184691.0,0.0,0.0,0.0,81184691.0
20260313,920030,德众汽车,1489811.0,12515611.0,0.0,0.0,0.0,12515611.0
20260313,920033,康普化学,1191424.0,17257389.0,0.0,0.0,0.0,17257389.0
20260313,920035,精创电气,339996.0,6171399.0,0.0,0.0,0.0,6171399.0
20260313,920036,觅睿科技,6489930.0,7300321.0,0.0,0.0,0.0,7300321.0
20260313,920037,广信科技,6336718.0,61904441.0,0.0,0.0,0.0,61904441.0
20260313,920039,国义招标,171410.0,16122469.0,0.0,0.0,0.0,16122469.0
20260313,920045,蘅东光,29039636.0,124434420.0,0.0,0.0,0.0,124434420.0
20260313,920046,亿能电力,4587149.0,22176058.0,0.0,0.0,0.0,22176058.0
20260313,920047,诺思兰德,1663988.0,35701647.0,0.0,13799.0,345665.0,36047312.0
20260313,920050,爱舍伦,779204.0,8217695.0,0.0,0.0,0.0,8217695.0
20260313,920056,能之光,445349.0,16979535.0,0.0,0.0,0.0,16979535.0
20260313,920057,百甲科技,354868.0,4396204.0,0.0,0.0,0.0,4396204.0
20260313,920058,华洋赛车,968490.0,6490911.0,0.0,0.0,0.0,6490911.0
20260313,920060,万源通,8871342.0,83455809.0,0.0,0.0,0.0,83455809.0
20260313,920061,西磁科技,600637.0,11961611.0,0.0,0.0,0.0,11961611.0
20260313,920062,科润智控,7086184.0,55053729.0,0.0,0.0,0.0,55053729.0
20260313,920066,科拜尔,1010926.0,11015563.0,0.0,0.0,0.0,11015563.0
20260313,920068,天工股份,3183529.0,40499567.0,0.0,0.0,0.0,40499567.0
20260313,920075,柏星龙,699451.0,13961609.0,0.0,0.0,0.0,13961609.0
20260313,920076,国亮新材,48587.0,3802260.0,0.0,0.0,0.0,3802260.0
20260313,920077,吉林碳谷,30381350.0,113181481.0,0.0,0.0,0.0,113181481.0
20260313,920080,奥美森,222028.0,11779444.0,0.0,0.0,0.0,11779444.0
20260313,920082,方正阀门,1106026.0,9723440.0,0.0,0.0,0.0,9723440.0
20260313,920086,科马材料,2433928.0,15023575.0,0.0,0.0,0.0,15023575.0
20260313,920087,秋乐种业,6872165.0,27990034.0,0.0,0.0,0.0,27990034.0
20260313,920088,科力股份,27389348.0,72082937.0,0.0,0.0,0.0,72082937.0
20260313,920089,禾昌聚合,3188956.0,47700125.0,0.0,0.0,0.0,47700125.0
20260313,920090,同辉信息,0.0,2614868.0,0.0,0.0,0.0,2614868.0
20260313,920091,大鹏工业,3197533.0,19941754.0,0.0,0.0,0.0,19941754.0
20260313,920092,汉鑫科技,1619942.0,19270274.0,0.0,0.0,0.0,19270274.0
20260313,920098,科隆新材,776022.0,29822769.0,0.0,0.0,0.0,29822769.0
20260313,920099,瑞华技术,3032427.0,29532141.0,0.0,0.0,0.0,29532141.0
20260313,920100,三协电机,853740.0,19485419.0,0.0,0.0,0.0,19485419.0
20260313,920101,志高机械,637672.0,22889001.0,0.0,0.0,0.0,22889001.0
20260313,920106,林泰新材,1866103.0,39688377.0,0.0,0.0,0.0,39688377.0
20260313,920108,宏海科技,522109.0,10392295.0,0.0,0.0,0.0,10392295.0
20260313,920110,雷特科技,923958.0,3146775.0,0.0,0.0,0.0,3146775.0
20260313,920111,聚星科技,2047418.0,28880829.0,0.0,0.0,0.0,28880829.0
20260313,920112,巴兰仕,95007.0,9089241.0,0.0,0.0,0.0,9089241.0
20260313,920116,星图测控,5921958.0,148699032.0,0.0,0.0,0.0,148699032.0
20260313,920118,太湖远大,188078.0,7347655.0,0.0,0.0,0.0,7347655.0
20260313,920119,美德乐,1645395.0,17313865.0,0.0,0.0,0.0,17313865.0
20260313,920121,江天科技,176489.0,10094192.0,0.0,0.0,0.0,10094192.0
20260313,920122,中纺标,1553330.0,12557954.0,0.0,0.0,0.0,12557954.0
20260313,920123,芭薇股份,976477.0,10238444.0,0.0,0.0,0.0,10238444.0
20260313,920124,南特科技,543485.0,16901843.0,0.0,0.0,0.0,16901843.0
20260313,920128,胜业电气,289913.0,13994660.0,0.0,0.0,0.0,13994660.0
20260313,920130,立方控股,188261.0,13427869.0,0.0,0.0,0.0,13427869.0
20260313,920132,泰鹏智能,707813.0,2338561.0,0.0,0.0,0.0,2338561.0
20260313,920139,华岭股份,1788734.0,59953163.0,0.0,0.0,0.0,59953163.0
20260313,920145,恒合股份,0.0,1559887.0,0.0,0.0,0.0,1559887.0
20260313,920146,华阳变速,143209.0,4774144.0,0.0,0.0,0.0,4774144.0
20260313,920149,旭杰科技,631303.0,5034785.0,0.0,0.0,0.0,5034785.0
20260313,920152,昆工科技,146364.0,22949216.0,0.0,0.0,0.0,22949216.0
20260313,920158,长江能科,3073313.0,9446193.0,0.0,0.0,0.0,9446193.0
20260313,920159,农大科技,5688321.0,14787390.0,0.0,0.0,0.0,14787390.0
20260313,920160,北矿检测,1233171.0,18262773.0,0.0,0.0,0.0,18262773.0
20260313,920163,方大新材,332021.0,3638076.0,0.0,0.0,0.0,3638076.0
20260313,920166,海圣医疗,142169.0,2300251.0,0.0,0.0,0.0,2300251.0
20260313,920167,同享科技,2097109.0,22789347.0,0.0,0.0,0.0,22789347.0
20260313,920168,通宝光电,397502.0,6724598.0,0.0,0.0,0.0,6724598.0
20260313,920169,七丰精工,964004.0,18052751.0,0.0,0.0,0.0,18052751.0
20260313,920171,志晟信息,769864.0,10435845.0,0.0,0.0,0.0,10435845.0
20260313,920174,五新隧装,2188037.0,56674763.0,0.0,0.0,0.0,56674763.0
20260313,920175,东方碳素,102285.0,5526543.0,0.0,0.0,0.0,5526543.0
20260313,920179,凯德石英,2060929.0,125258638.0,0.0,0.0,0.0,125258638.0
20260313,920180,爱得科技,289565.0,5987719.0,0.0,0.0,0.0,5987719.0
20260313,920183,海菲曼,852330.0,4507514.0,0.0,0.0,0.0,4507514.0
20260313,920184,国源科技,629804.0,26106278.0,0.0,0.0,0.0,26106278.0
20260313,920185,贝特瑞,56164581.0,272884172.0,0.0,0.0,0.0,272884172.0
20260313,920187,通领科技,1155238.0,7830393.0,0.0,0.0,0.0,7830393.0
20260313,920190,雷神科技,2833191.0,51523590.0,0.0,0.0,0.0,51523590.0
20260313,920195,三祥科技,589298.0,16313313.0,0.0,0.0,0.0,16313313.0
20260313,920198,微创光电,656999.0,6624062.0,0.0,0.0,0.0,6624062.0
20260313,920199,倍益康,4736779.0,23699126.0,0.0,0.0,0.0,23699126.0
20260313,920204,沪江材料,1063509.0,15010407.0,0.0,0.0,0.0,15010407.0
20260313,920207,众诚科技,1847495.0,13884013.0,0.0,0.0,0.0,13884013.0
20260313,920208,青矩技术,778013.0,18236372.0,0.0,0.0,0.0,18236372.0
20260313,920212,智新电子,799329.0,4311768.0,0.0,0.0,0.0,4311768.0
20260313,920221,易实精密,686857.0,7382991.0,0.0,0.0,0.0,7382991.0
20260313,920223,荣亿精密,410405.0,13244193.0,0.0,0.0,0.0,13244193.0
20260313,920225,利通科技,3456602.0,105871102.0,0.0,0.0,0.0,105871102.0
20260313,920227,美登科技,1263851.0,30114066.0,0.0,0.0,0.0,30114066.0
20260313,920230,欧康医药,288231.0,3504541.0,0.0,0.0,0.0,3504541.0
20260313,920237,力佳科技,1419111.0,14643733.0,0.0,0.0,0.0,14643733.0
20260313,920239,长虹能源,4372100.0,106103287.0,0.0,0.0,0.0,106103287.0
20260313,920242,建邦科技,463735.0,11793468.0,0.0,0.0,0.0,11793468.0
20260313,920245,威博液压,1126198.0,6743973.0,0.0,0.0,0.0,6743973.0
20260313,920247,华密新材,2174737.0,24426400.0,0.0,0.0,0.0,24426400.0
20260313,920249,利尔达,315565.0,32102086.0,0.0,0.0,0.0,32102086.0
20260313,920252,天宏锂电,5368286.0,30750422.0,0.0,0.0,0.0,30750422.0
20260313,920260,中寰股份,908185.0,8589734.0,0.0,0.0,0.0,8589734.0
20260313,920261,一诺威,2489267.0,17897906.0,0.0,0.0,0.0,17897906.0
20260313,920262,太湖雪,1477893.0,5005881.0,0.0,0.0,0.0,5005881.0
20260313,920263,中航泰达,1017670.0,5311562.0,0.0,0.0,0.0,5311562.0
20260313,920266,生物谷,17820.0,6605931.0,0.0,0.0,0.0,6605931.0
20260313,920267,鑫汇科,270225.0,4610152.0,0.0,0.0,0.0,4610152.0
20260313,920270,天铭科技,4346191.0,28789500.0,0.0,0.0,0.0,28789500.0
20260313,920271,邦德股份,811157.0,12156177.0,0.0,0.0,0.0,12156177.0
20260313,920273,一致魔芋,1162415.0,23942965.0,0.0,0.0,0.0,23942965.0
20260313,920274,宏裕包材,1566155.0,14168270.0,0.0,0.0,0.0,14168270.0
20260313,920275,驱动力,1356178.0,8553902.0,0.0,0.0,0.0,8553902.0
20260313,920278,鹿得医疗,1272365.0,10248859.0,0.0,0.0,0.0,10248859.0
20260313,920284,灵鸽科技,3360074.0,36401680.0,0.0,0.0,0.0,36401680.0
20260313,920299,灿能电力,2686391.0,26036487.0,0.0,0.0,0.0,26036487.0
20260313,920300,辰光医疗,71265.0,17429904.0,0.0,0.0,0.0,17429904.0
20260313,920304,迪尔化工,4728448.0,12753391.0,0.0,0.0,0.0,12753391.0
20260313,920339,恒太照明,750593.0,7283234.0,0.0,0.0,0.0,7283234.0
20260313,920344,三元基因,291575.0,16502827.0,0.0,0.0,0.0,16502827.0
20260313,920346,威贸电子,1519350.0,23663782.0,0.0,0.0,0.0,23663782.0
20260313,920351,华光源海,1350570.0,13688895.0,0.0,0.0,0.0,13688895.0
20260313,920357,雅葆轩,1349149.0,11278308.0,0.0,0.0,0.0,11278308.0
20260313,920363,莱赛激光,323459.0,12521483.0,0.0,0.0,0.0,12521483.0
20260313,920367,新赣江,654158.0,10433471.0,0.0,0.0,0.0,10433471.0
20260313,920368,连城数控,16854541.0,300970038.0,0.0,0.0,0.0,300970038.0
20260313,920370,新安洁,281304.0,2461141.0,0.0,0.0,0.0,2461141.0
20260313,920371,欧福蛋业,1034387.0,10732136.0,0.0,0.0,0.0,10732136.0
20260313,920374,云里物里,155960.0,23994537.0,0.0,0.0,0.0,23994537.0
20260313,920375,派诺科技,6262336.0,15108743.0,0.0,0.0,0.0,15108743.0
20260313,920378,泰德股份,166822.0,27164491.0,0.0,0.0,0.0,27164491.0
20260313,920392,佳合科技,419532.0,9579795.0,0.0,0.0,0.0,9579795.0
20260313,920394,民士达,3120386.0,73565900.0,0.0,0.0,0.0,73565900.0
20260313,920395,朗鸿科技,639541.0,26091003.0,0.0,0.0,0.0,26091003.0
20260313,920396,常辅股份,11388919.0,24366064.0,0.0,0.0,0.0,24366064.0
20260313,920402,硅烷科技,3951090.0,66235369.0,0.0,0.0,0.0,66235369.0
20260313,920403,康农种业,4022437.0,13794713.0,0.0,0.0,0.0,13794713.0
20260313,920405,海希通讯,3850930.0,107363613.0,0.0,0.0,0.0,107363613.0
20260313,920407,驰诚股份,976697.0,9377742.0,0.0,0.0,0.0,9377742.0
20260313,920414,欧普泰,95509.0,5213261.0,0.0,0.0,0.0,5213261.0
20260313,920415,恒拓开源,591447.0,24050075.0,0.0,0.0,0.0,24050075.0
20260313,920418,苏轴股份,2876174.0,64561537.0,0.0,0.0,0.0,64561537.0
20260313,920419,路斯股份,2968664.0,21140622.0,0.0,0.0,0.0,21140622.0
20260313,920422,润普食品,1708382.0,9301875.0,0.0,0.0,0.0,9301875.0
20260313,920425,乐创技术,508368.0,16970193.0,0.0,0.0,0.0,16970193.0
20260313,920427,华维设计,630638.0,6646979.0,0.0,0.0,0.0,6646979.0
20260313,920429,康比特,1588665.0,19465787.0,0.0,0.0,0.0,19465787.0
20260313,920433,大唐药业,90674.0,7916807.0,0.0,0.0,0.0,7916807.0
20260313,920436,大地电气,40158.0,9404085.0,0.0,0.0,0.0,9404085.0
20260313,920438,戈碧迦,2881079.0,92536552.0,0.0,0.0,0.0,92536552.0
20260313,920445,龙竹科技,1525674.0,27541042.0,0.0,0.0,0.0,27541042.0
20260313,920454,同心传动,226627.0,11697834.0,0.0,0.0,0.0,11697834.0
20260313,920455,汇隆活塞,667499.0,6602386.0,0.0,0.0,0.0,6602386.0
20260313,920469,富恒新材,1683743.0,24828264.0,0.0,0.0,0.0,24828264.0
20260313,920471,美邦科技,3441964.0,7350653.0,0.0,0.0,0.0,7350653.0
20260313,920475,三友科技,58728.0,10134757.0,0.0,0.0,0.0,10134757.0
20260313,920476,海能技术,1121042.0,30863985.0,0.0,0.0,0.0,30863985.0
20260313,920478,峆一药业,1247547.0,9877778.0,0.0,0.0,0.0,9877778.0
20260313,920489,佳先股份,850524.0,34271026.0,0.0,0.0,0.0,34271026.0
20260313,920491,奥迪威,4584204.0,142966585.0,0.0,0.0,0.0,142966585.0
20260313,920493,并行科技,15191852.0,216031410.0,0.0,0.0,0.0,216031410.0
20260313,920496,许昌智能,3090346.0,26971565.0,0.0,0.0,0.0,26971565.0
20260313,920504,博迅生物,34305.0,1600872.0,0.0,0.0,0.0,1600872.0
20260313,920505,九菱科技,1998234.0,24767350.0,0.0,0.0,0.0,24767350.0
20260313,920508,殷图网联,217014.0,5727417.0,0.0,0.0,0.0,5727417.0
20260313,920509,同惠电子,1760662.0,32852691.0,0.0,0.0,0.0,32852691.0
20260313,920510,丰光精密,611074.0,19244887.0,0.0,0.0,0.0,19244887.0
20260313,920519,万德股份,1083039.0,9887657.0,0.0,0.0,0.0,9887657.0
20260313,920522,纳科诺尔,5017614.0,159375521.0,0.0,0.0,0.0,159375521.0
20260313,920523,德瑞锂电,1879337.0,67903488.0,0.0,0.0,0.0,67903488.0
20260313,920526,凯华材料,1808639.0,8965562.0,0.0,0.0,0.0,8965562.0
20260313,920527,夜光明,567837.0,4608904.0,0.0,0.0,0.0,4608904.0
20260313,920533,骏创科技,1530887.0,46255427.0,0.0,0.0,0.0,46255427.0
20260313,920541,铁大科技,1378711.0,24468566.0,0.0,0.0,0.0,24468566.0
20260313,920547,无锡晶海,1204953.0,8528270.0,0.0,0.0,0.0,8528270.0
20260313,920553,凯腾精工,868744.0,6019081.0,0.0,0.0,0.0,6019081.0
20260313,920556,雅达股份,1067995.0,24789810.0,0.0,0.0,0.0,24789810.0
20260313,920564,天润科技,375271.0,13207421.0,0.0,0.0,0.0,13207421.0
20260313,920566,梓橦宫,761586.0,31616679.0,0.0,0.0,0.0,31616679.0
20260313,920570,坤博精工,1957361.0,13322749.0,0.0,0.0,0.0,13322749.0
20260313,920571,国航远洋,10066437.0,59773995.0,0.0,0.0,0.0,59773995.0
20260313,920575,康乐卫士,290724.0,11792862.0,0.0,0.0,0.0,11792862.0
20260313,920576,天力复合,3689022.0,62720564.0,0.0,0.0,0.0,62720564.0
20260313,920578,巨能股份,194931.0,12025106.0,0.0,0.0,0.0,12025106.0
20260313,920579,机科股份,1757527.0,16231480.0,0.0,0.0,0.0,16231480.0
20260313,920580,科创新材,1374130.0,6824344.0,0.0,0.0,0.0,6824344.0
20260313,920592,华信永道,696468.0,32710840.0,0.0,0.0,0.0,32710840.0
20260313,920593,鼎智科技,1968896.0,69076678.0,0.0,0.0,0.0,69076678.0
20260313,920599,同力股份,5491246.0,101932555.0,0.0,0.0,0.0,101932555.0
20260313,920608,丰安股份,198915.0,2881576.0,0.0,0.0,0.0,2881576.0
20260313,920627,力王股份,1843931.0,14597562.0,0.0,0.0,0.0,14597562.0
20260313,920634,新威凌,519899.0,9586166.0,0.0,0.0,0.0,9586166.0
20260313,920639,晨光电缆,1974566.0,31796511.0,0.0,0.0,0.0,31796511.0
20260313,920640,富士达,4181974.0,121283393.0,0.0,0.0,0.0,121283393.0
20260313,920641,格利尔,927697.0,6604173.0,0.0,0.0,0.0,6604173.0
20260313,920642,通易航天,330932.0,10891204.0,0.0,0.0,0.0,10891204.0
20260313,920651,天罡股份,253106.0,3252366.0,0.0,0.0,0.0,3252366.0
20260313,920656,海昇药业,96897.0,5269011.0,0.0,0.0,0.0,5269011.0
20260313,920662,方盛股份,1947527.0,14700728.0,0.0,0.0,0.0,14700728.0
20260313,920663,明阳科技,538072.0,10525006.0,0.0,0.0,0.0,10525006.0
20260313,920665,科强股份,618677.0,14581306.0,0.0,0.0,0.0,14581306.0
20260313,920670,数字人,188075.0,9155043.0,0.0,0.0,0.0,9155043.0
20260313,920675,秉扬科技,411730.0,13637442.0,0.0,0.0,0.0,13637442.0
20260313,920679,前进科技,1068282.0,7090381.0,0.0,0.0,0.0,7090381.0
20260313,920682,球冠电缆,1792529.0,29021871.0,0.0,0.0,0.0,29021871.0
20260313,920685,新芝生物,6855875.0,11888516.0,0.0,0.0,0.0,11888516.0
20260313,920689,克莱特,3935172.0,24228850.0,0.0,0.0,0.0,24228850.0
20260313,920690,捷众科技,1457304.0,21991614.0,0.0,0.0,0.0,21991614.0
20260313,920693,阿为特,1649791.0,24566147.0,0.0,0.0,0.0,24566147.0
20260313,920694,中裕科技,1833486.0,13156983.0,0.0,0.0,0.0,13156983.0
20260313,920699,海达尔,825695.0,63433794.0,0.0,0.0,0.0,63433794.0
20260313,920701,豪声电子,1466307.0,27928215.0,0.0,0.0,0.0,27928215.0
20260313,920703,广厦环能,1005013.0,23328892.0,0.0,0.0,0.0,23328892.0
20260313,920706,铁拓机械,2112869.0,20019523.0,0.0,0.0,0.0,20019523.0
20260313,920717,瑞星股份,652490.0,3557844.0,0.0,0.0,0.0,3557844.0
20260313,920718,合肥高科,814195.0,5642721.0,0.0,0.0,0.0,5642721.0
20260313,920719,宁新新材,533755.0,6639596.0,0.0,0.0,0.0,6639596.0
20260313,920720,吉冈精密,254321.0,18894705.0,0.0,0.0,0.0,18894705.0
20260313,920725,惠丰钻石,1300459.0,19159316.0,0.0,0.0,0.0,19159316.0
20260313,920726,朱老六,802492.0,12861241.0,0.0,0.0,0.0,12861241.0
20260313,920729,永顺生物,1382906.0,12682760.0,0.0,0.0,0.0,12682760.0
20260313,920735,德源药业,3193918.0,50580905.0,0.0,0.0,0.0,50580905.0
20260313,920748,路桥信息,241684.0,3802603.0,0.0,0.0,0.0,3802603.0
20260313,920751,惠同新材,598037.0,26004216.0,0.0,0.0,0.0,26004216.0
20260313,920753,天纺标,859520.0,10822017.0,0.0,0.0,0.0,10822017.0
20260313,920765,美之高,666631.0,7034287.0,0.0,0.0,0.0,7034287.0
20260313,920768,拾比佰,1763272.0,11348763.0,0.0,0.0,0.0,11348763.0
20260313,920770,艾能聚,4521767.0,37433811.0,0.0,0.0,0.0,37433811.0
20260313,920779,武汉蓝电,3932205.0,12709504.0,0.0,0.0,0.0,12709504.0
20260313,920781,瑞奇智造,504292.0,7988684.0,0.0,0.0,0.0,7988684.0
20260313,920786,骑士乳业,1138472.0,19739966.0,0.0,0.0,0.0,19739966.0
20260313,920790,联迪信息,851908.0,18413277.0,0.0,0.0,0.0,18413277.0
20260313,920792,东和新材,431551.0,12240598.0,0.0,0.0,0.0,12240598.0
20260313,920799,艾融软件,2610003.0,141160147.0,0.0,0.0,0.0,141160147.0
20260313,920802,保丽洁,39584.0,2421062.0,0.0,0.0,0.0,2421062.0
20260313,920806,云星宇,514203.0,42291890.0,0.0,0.0,0.0,42291890.0
20260313,920807,奔朗新材,1394601.0,21473276.0,0.0,0.0,0.0,21473276.0
20260313,920808,曙光数创,7442740.0,274390412.0,0.0,0.0,0.0,274390412.0
20260313,920809,安达科技,4162321.0,47344680.0,0.0,0.0,0.0,47344680.0
20260313,920810,春光智能,136743.0,2190732.0,0.0,0.0,0.0,2190732.0
20260313,920819,颖泰生物,2204311.0,33489940.0,0.0,0.0,0.0,33489940.0
20260313,920821,则成电子,1876978.0,20171413.0,0.0,0.0,0.0,20171413.0
20260313,920826,盖世食品,1497327.0,18876236.0,0.0,0.0,0.0,18876236.0
20260313,920832,齐鲁华信,2164102.0,9112637.0,0.0,0.0,0.0,9112637.0
20260313,920833,美心翼申,1862527.0,15149243.0,0.0,0.0,0.0,15149243.0
20260313,920834,三维装备,1399639.0,9378985.0,0.0,0.0,0.0,9378985.0
20260313,920837,华原股份,707349.0,13964663.0,0.0,0.0,0.0,13964663.0
20260313,920839,万通液压,1800245.0,24516305.0,0.0,0.0,0.0,24516305.0
20260313,920855,浙江大农,501181.0,3706605.0,0.0,0.0,0.0,3706605.0
20260313,920856,浩淼科技,1492412.0,12986240.0,0.0,0.0,0.0,12986240.0
20260313,920857,泓禧科技,1246824.0,5268152.0,0.0,0.0,0.0,5268152.0
20260313,920866,绿亨科技,2433239.0,6984309.0,0.0,0.0,0.0,6984309.0
20260313,920870,恒进感应,789691.0,13553455.0,0.0,0.0,0.0,13553455.0
20260313,920871,派特尔,795295.0,10301778.0,0.0,0.0,0.0,10301778.0
20260313,920873,中设咨询,241917.0,5786118.0,0.0,0.0,0.0,5786118.0
20260313,920876,慧为智能,994704.0,10629227.0,0.0,0.0,0.0,10629227.0
20260313,920879,基康技术,2877773.0,23429055.0,0.0,0.0,0.0,23429055.0
20260313,920885,星辰科技,2055277.0,36851333.0,0.0,0.0,0.0,36851333.0
20260313,920892,广咨国际,774137.0,5668148.0,0.0,0.0,0.0,5668148.0
20260313,920895,花溪科技,3800.0,1761388.0,0.0,0.0,0.0,1761388.0
20260313,920896,旺成科技,692898.0,7778910.0,0.0,0.0,0.0,7778910.0
20260313,920906,舜宇精工,370397.0,8088898.0,0.0,0.0,0.0,8088898.0
20260313,920914,远航精密,5859527.0,43524268.0,0.0,0.0,0.0,43524268.0
20260313,920924,广脉科技,2031517.0,20355704.0,0.0,0.0,0.0,20355704.0
20260313,920925,锦好医疗,569929.0,16105076.0,0.0,0.0,0.0,16105076.0
20260313,920926,鸿智科技,915360.0,6203550.0,0.0,0.0,0.0,6203550.0
20260313,920931,无锡鼎邦,551871.0,5236632.0,0.0,0.0,0.0,5236632.0
20260313,920932,科达自控,753029.0,22269334.0,0.0,0.0,0.0,22269334.0
20260313,920942,恒立钻具,1903141.0,28471787.0,0.0,0.0,0.0,28471787.0
20260313,920943,优机股份,402931.0,18798953.0,0.0,0.0,0.0,18798953.0
20260313,920946,森萱医药,1725503.0,24515156.0,0.0,0.0,0.0,24515156.0
20260313,920950,迅安科技,671288.0,2423556.0,0.0,0.0,0.0,2423556.0
20260313,920953,国子软件,2871822.0,42936964.0,0.0,0.0,0.0,42936964.0
20260313,920957,汉维科技,560186.0,996347.0,0.0,0.0,0.0,996347.0
20260313,920961,创远信科,429351.0,48658844.0,0.0,0.0,0.0,48658844.0
20260313,920964,润农节水,374285.0,23960908.0,0.0,0.0,0.0,23960908.0
20260313,920970,大禹生物,43472.0,1937443.0,0.0,0.0,0.0,1937443.0
20260313,920971,天马新材,1516852.0,47734488.0,0.0,0.0,0.0,47734488.0
20260313,920974,凯大催化,59212.0,4266155.0,0.0,0.0,0.0,4266155.0
20260313,920976,视声智能,6842141.0,17012089.0,0.0,0.0,0.0,17012089.0
20260313,920978,开特股份,2783790.0,66688867.0,0.0,0.0,0.0,66688867.0
20260313,920981,晶赛科技,933491.0,16409478.0,0.0,0.0,0.0,16409478.0
20260313,920982,锦波生物,4890899.0,361646938.0,0.0,0.0,0.0,361646938.0
20260313,920985,海泰新能,3162041.0,24257366.0,0.0,0.0,0.0,24257366.0
20260313,920992,中科美菱,1583678.0,8538715.0,0.0,0.0,0.0,8538715.0
20260313,日期：2026-03-13,,,,,,,
20260316,920000,安徽凤凰,493937.0,10431781.0,0.0,0.0,0.0,10431781.0
20260316,920001,纬达光电,4597268.0,27487654.0,0.0,0.0,0.0,27487654.0
20260316,920002,万达轴承,720351.0,46938020.0,0.0,0.0,0.0,46938020.0
20260316,920003,中诚咨询,30370.0,4031949.0,0.0,0.0,0.0,4031949.0
20260316,920005,鼎佳精密,2396099.0,16850984.0,0.0,0.0,0.0,16850984.0
20260316,920006,晟楠科技,231326.0,11602492.0,0.0,0.0,0.0,11602492.0
20260316,920007,酉立智能,832063.0,11301383.0,0.0,0.0,0.0,11301383.0
20260316,920008,成电光信,1295081.0,19076916.0,0.0,0.0,0.0,19076916.0
20260316,920009,丹娜生物,44482.0,4847732.0,0.0,0.0,0.0,4847732.0
20260316,920010,凯添燃气,7552221.0,48658058.0,0.0,0.0,0.0,48658058.0
20260316,920014,特瑞斯,3667046.0,15833225.0,0.0,0.0,0.0,15833225.0
20260316,920015,锦华新材,1291145.0,32305400.0,0.0,0.0,0.0,32305400.0
20260316,920016,中草香料,420564.0,7560459.0,0.0,0.0,0.0,7560459.0
20260316,920017,星昊医药,2401247.0,46048923.0,0.0,0.0,0.0,46048923.0
20260316,920018,宏远股份,7725223.0,39584570.0,0.0,0.0,0.0,39584570.0
20260316,920019,铜冠矿建,2072990.0,46282885.0,0.0,0.0,0.0,46282885.0
20260316,920020,泰凯英,291719.0,20789776.0,0.0,0.0,0.0,20789776.0
20260316,920021,流金科技,6213175.0,58278110.0,0.0,0.0,0.0,58278110.0
20260316,920022,世昌股份,136948.0,3992822.0,0.0,0.0,0.0,3992822.0
20260316,920023,田野股份,0.0,6946294.0,0.0,0.0,0.0,6946294.0
20260316,920026,卓兆点胶,168281.0,19048897.0,0.0,0.0,0.0,19048897.0
20260316,920027,交大铁发,139672.0,8729101.0,0.0,0.0,0.0,8729101.0
20260316,920029,开发科技,3282099.0,83052369.0,0.0,0.0,0.0,83052369.0
20260316,920030,德众汽车,822576.0,12397593.0,0.0,0.0,0.0,12397593.0
20260316,920033,康普化学,1078261.0,17262728.0,0.0,0.0,0.0,17262728.0
20260316,920035,精创电气,402287.0,6513071.0,0.0,0.0,0.0,6513071.0
20260316,920036,觅睿科技,1927566.0,5723893.0,0.0,0.0,0.0,5723893.0
20260316,920037,广信科技,6068091.0,59995652.0,0.0,0.0,0.0,59995652.0
20260316,920039,国义招标,635351.0,16559293.0,0.0,0.0,0.0,16559293.0
20260316,920045,蘅东光,6848875.0,119959883.0,0.0,0.0,0.0,119959883.0
20260316,920046,亿能电力,4627299.0,20992598.0,0.0,0.0,0.0,20992598.0
20260316,920047,诺思兰德,306874.0,35918385.0,0.0,13799.0,338489.0,36256874.0
20260316,920050,爱舍伦,390898.0,8525813.0,0.0,0.0,0.0,8525813.0
20260316,920056,能之光,482263.0,16696018.0,0.0,0.0,0.0,16696018.0
20260316,920057,百甲科技,149283.0,4246253.0,0.0,0.0,0.0,4246253.0
20260316,920058,华洋赛车,914222.0,7313067.0,0.0,0.0,0.0,7313067.0
20260316,920060,万源通,11120791.0,82702048.0,0.0,0.0,0.0,82702048.0
20260316,920061,西磁科技,86033.0,11841814.0,0.0,0.0,0.0,11841814.0
20260316,920062,科润智控,3334911.0,54590724.0,0.0,0.0,0.0,54590724.0
20260316,920066,科拜尔,1083183.0,11431183.0,0.0,0.0,0.0,11431183.0
20260316,920068,天工股份,2776277.0,38703493.0,0.0,0.0,0.0,38703493.0
20260316,920075,柏星龙,1178058.0,14363583.0,0.0,0.0,0.0,14363583.0
20260316,920076,国亮新材,122416.0,3794018.0,0.0,0.0,0.0,3794018.0
20260316,920077,吉林碳谷,21651021.0,111081283.0,0.0,0.0,0.0,111081283.0
20260316,920080,奥美森,668040.0,12334522.0,0.0,0.0,0.0,12334522.0
20260316,920082,方正阀门,297843.0,9860758.0,0.0,0.0,0.0,9860758.0
20260316,920086,科马材料,1878211.0,12958791.0,0.0,0.0,0.0,12958791.0
20260316,920087,秋乐种业,9645653.0,25739358.0,0.0,0.0,0.0,25739358.0
20260316,920088,科力股份,20873614.0,73679140.0,0.0,0.0,0.0,73679140.0
20260316,920089,禾昌聚合,1330302.0,47895427.0,0.0,0.0,0.0,47895427.0
20260316,920090,同辉信息,1104087.0,3718955.0,0.0,0.0,0.0,3718955.0
20260316,920091,大鹏工业,2298310.0,19264078.0,0.0,0.0,0.0,19264078.0
20260316,920092,汉鑫科技,1725220.0,19381118.0,0.0,0.0,0.0,19381118.0
20260316,920098,科隆新材,104537.0,29630251.0,0.0,0.0,0.0,29630251.0
20260316,920099,瑞华技术,1978683.0,29263707.0,0.0,0.0,0.0,29263707.0
20260316,920100,三协电机,78400.0,18963284.0,0.0,0.0,0.0,18963284.0
20260316,920101,志高机械,380566.0,22418225.0,0.0,0.0,0.0,22418225.0
20260316,920106,林泰新材,1096984.0,39568099.0,0.0,0.0,0.0,39568099.0
20260316,920108,宏海科技,245440.0,10531045.0,0.0,0.0,0.0,10531045.0
20260316,920110,雷特科技,393523.0,3006918.0,0.0,0.0,0.0,3006918.0
20260316,920111,聚星科技,3501129.0,29599122.0,0.0,0.0,0.0,29599122.0
20260316,920112,巴兰仕,172649.0,8720315.0,0.0,0.0,0.0,8720315.0
20260316,920116,星图测控,5801747.0,148558248.0,0.0,0.0,0.0,148558248.0
20260316,920118,太湖远大,1347899.0,8187485.0,0.0,0.0,0.0,8187485.0
20260316,920119,美德乐,1372912.0,17827144.0,0.0,0.0,0.0,17827144.0
20260316,920121,江天科技,271889.0,10214485.0,0.0,0.0,0.0,10214485.0
20260316,920122,中纺标,550071.0,12365850.0,0.0,0.0,0.0,12365850.0
20260316,920123,芭薇股份,1263026.0,10975848.0,0.0,0.0,0.0,10975848.0
20260316,920124,南特科技,324722.0,16934816.0,0.0,0.0,0.0,16934816.0
20260316,920128,胜业电气,2765014.0,15647869.0,0.0,0.0,0.0,15647869.0
20260316,920130,立方控股,181763.0,13235452.0,0.0,0.0,0.0,13235452.0
20260316,920132,泰鹏智能,1059031.0,2306309.0,0.0,0.0,0.0,2306309.0
20260316,920139,华岭股份,3260052.0,59730993.0,0.0,0.0,0.0,59730993.0
20260316,920145,恒合股份,53410.0,1567677.0,0.0,0.0,0.0,1567677.0
20260316,920146,华阳变速,187598.0,4837776.0,0.0,0.0,0.0,4837776.0
20260316,920149,旭杰科技,582130.0,4813368.0,0.0,0.0,0.0,4813368.0
20260316,920152,昆工科技,245523.0,22996183.0,0.0,0.0,0.0,22996183.0
20260316,920158,长江能科,2579318.0,9874260.0,0.0,0.0,0.0,9874260.0
20260316,920159,农大科技,7751690.0,17480053.0,0.0,0.0,0.0,17480053.0
20260316,920160,北矿检测,1220078.0,19109007.0,0.0,0.0,0.0,19109007.0
20260316,920163,方大新材,104996.0,3563174.0,0.0,0.0,0.0,3563174.0
20260316,920166,海圣医疗,332230.0,2605451.0,0.0,0.0,0.0,2605451.0
20260316,920167,同享科技,2858290.0,22663850.0,0.0,0.0,0.0,22663850.0
20260316,920168,通宝光电,659294.0,7139866.0,0.0,0.0,0.0,7139866.0
20260316,920169,七丰精工,650674.0,18216724.0,0.0,0.0,0.0,18216724.0
20260316,920171,志晟信息,57182.0,10385487.0,0.0,0.0,0.0,10385487.0
20260316,920174,五新隧装,1297352.0,56926171.0,0.0,0.0,0.0,56926171.0
20260316,920175,东方碳素,263840.0,5654628.0,0.0,0.0,0.0,5654628.0
20260316,920179,凯德石英,5109302.0,125924454.0,0.0,0.0,0.0,125924454.0
20260316,920180,爱得科技,224014.0,5924586.0,0.0,0.0,0.0,5924586.0
20260316,920183,海菲曼,482667.0,4679352.0,0.0,0.0,0.0,4679352.0
20260316,920184,国源科技,318307.0,25633263.0,0.0,0.0,0.0,25633263.0
20260316,920185,贝特瑞,49208415.0,293247078.0,0.0,0.0,0.0,293247078.0
20260316,920187,通领科技,652434.0,8255221.0,0.0,0.0,0.0,8255221.0
20260316,920190,雷神科技,1392944.0,51688334.0,0.0,0.0,0.0,51688334.0
20260316,920195,三祥科技,1173414.0,16577342.0,0.0,0.0,0.0,16577342.0
20260316,920198,微创光电,213881.0,6624383.0,0.0,0.0,0.0,6624383.0
20260316,920199,倍益康,9612117.0,27528043.0,0.0,0.0,0.0,27528043.0
20260316,920204,沪江材料,2518105.0,16441878.0,0.0,0.0,0.0,16441878.0
20260316,920207,XD众诚科,1216914.0,13272328.0,0.0,0.0,0.0,13272328.0
20260316,920208,青矩技术,652028.0,17861669.0,0.0,0.0,0.0,17861669.0
20260316,920212,智新电子,390284.0,4297778.0,0.0,0.0,0.0,4297778.0
20260316,920221,易实精密,1469754.0,8379413.0,0.0,0.0,0.0,8379413.0
20260316,920223,荣亿精密,326099.0,13180284.0,0.0,0.0,0.0,13180284.0
20260316,920225,利通科技,1187126.0,100982366.0,0.0,0.0,0.0,100982366.0
20260316,920227,美登科技,1648127.0,30941647.0,0.0,0.0,0.0,30941647.0
20260316,920230,欧康医药,802981.0,3951912.0,0.0,0.0,0.0,3951912.0
20260316,920237,力佳科技,339299.0,13816352.0,0.0,0.0,0.0,13816352.0
20260316,920239,长虹能源,2984759.0,105617563.0,0.0,0.0,0.0,105617563.0
20260316,920242,建邦科技,212186.0,11829179.0,0.0,0.0,0.0,11829179.0
20260316,920245,威博液压,83576.0,6780129.0,0.0,0.0,0.0,6780129.0
20260316,920247,华密新材,551327.0,23930189.0,0.0,0.0,0.0,23930189.0
20260316,920249,利尔达,4056295.0,27027173.0,0.0,0.0,0.0,27027173.0
20260316,920252,天宏锂电,1663005.0,30781937.0,0.0,0.0,0.0,30781937.0
20260316,920260,中寰股份,185141.0,8032657.0,0.0,0.0,0.0,8032657.0
20260316,920261,一诺威,362425.0,16221251.0,0.0,0.0,0.0,16221251.0
20260316,920262,太湖雪,697716.0,5263532.0,0.0,0.0,0.0,5263532.0
20260316,920263,中航泰达,1132888.0,4796543.0,0.0,0.0,0.0,4796543.0
20260316,920266,生物谷,13240.0,6493215.0,0.0,0.0,0.0,6493215.0
20260316,920267,鑫汇科,807217.0,4746816.0,0.0,0.0,0.0,4746816.0
20260316,920270,天铭科技,256998.0,26740890.0,0.0,0.0,0.0,26740890.0
20260316,920271,邦德股份,626309.0,12106283.0,0.0,0.0,0.0,12106283.0
20260316,920273,一致魔芋,1532362.0,25003071.0,0.0,0.0,0.0,25003071.0
20260316,920274,宏裕包材,1634335.0,14169370.0,0.0,0.0,0.0,14169370.0
20260316,920275,驱动力,683500.0,8524977.0,0.0,0.0,0.0,8524977.0
20260316,920278,鹿得医疗,398254.0,10312308.0,0.0,0.0,0.0,10312308.0
20260316,920284,灵鸽科技,338748.0,35981677.0,0.0,0.0,0.0,35981677.0
20260316,920299,灿能电力,3353436.0,24422397.0,0.0,0.0,0.0,24422397.0
20260316,920300,辰光医疗,158271.0,17533622.0,0.0,0.0,0.0,17533622.0
20260316,920304,迪尔化工,6501512.0,15097590.0,0.0,0.0,0.0,15097590.0
20260316,920339,恒太照明,189658.0,7243939.0,0.0,0.0,0.0,7243939.0
20260316,920344,三元基因,189021.0,16440645.0,0.0,0.0,0.0,16440645.0
20260316,920346,威贸电子,880731.0,23341060.0,0.0,0.0,0.0,23341060.0
20260316,920351,华光源海,2606397.0,14422360.0,0.0,0.0,0.0,14422360.0
20260316,920357,雅葆轩,2644836.0,13084550.0,0.0,0.0,0.0,13084550.0
20260316,920363,莱赛激光,234713.0,12345675.0,0.0,0.0,0.0,12345675.0
20260316,920367,新赣江,374774.0,10501209.0,0.0,0.0,0.0,10501209.0
20260316,920368,连城数控,13357473.0,296138144.0,0.0,0.0,0.0,296138144.0
20260316,920370,新安洁,105648.0,2499990.0,0.0,0.0,0.0,2499990.0
20260316,920371,欧福蛋业,791474.0,10499473.0,0.0,0.0,0.0,10499473.0
20260316,920374,云里物里,181778.0,24017089.0,0.0,0.0,0.0,24017089.0
20260316,920375,派诺科技,4931690.0,15180900.0,0.0,0.0,0.0,15180900.0
20260316,920378,泰德股份,361384.0,27271896.0,0.0,0.0,0.0,27271896.0
20260316,920392,佳合科技,563042.0,9674929.0,0.0,0.0,0.0,9674929.0
20260316,920394,民士达,2572014.0,73811745.0,0.0,0.0,0.0,73811745.0
20260316,920395,朗鸿科技,955124.0,26382472.0,0.0,0.0,0.0,26382472.0
20260316,920396,常辅股份,5988480.0,21648530.0,0.0,0.0,0.0,21648530.0
20260316,920402,硅烷科技,3207177.0,68150505.0,0.0,0.0,0.0,68150505.0
20260316,920403,康农种业,4344566.0,11387807.0,0.0,0.0,0.0,11387807.0
20260316,920405,海希通讯,3153233.0,106810843.0,0.0,0.0,0.0,106810843.0
20260316,920407,驰诚股份,593365.0,8529674.0,0.0,0.0,0.0,8529674.0
20260316,920414,欧普泰,79370.0,5040575.0,0.0,0.0,0.0,5040575.0
20260316,920415,恒拓开源,477854.0,24161440.0,0.0,0.0,0.0,24161440.0
20260316,920418,苏轴股份,3625822.0,65161788.0,0.0,0.0,0.0,65161788.0
20260316,920419,路斯股份,416268.0,20772358.0,0.0,0.0,0.0,20772358.0
20260316,920422,润普食品,279072.0,8924883.0,0.0,0.0,0.0,8924883.0
20260316,920425,乐创技术,439562.0,16253732.0,0.0,0.0,0.0,16253732.0
20260316,920427,华维设计,142601.0,6224098.0,0.0,0.0,0.0,6224098.0
20260316,920429,康比特,2792176.0,20954547.0,0.0,0.0,0.0,20954547.0
20260316,920433,大唐药业,212254.0,8061675.0,0.0,0.0,0.0,8061675.0
20260316,920436,大地电气,251130.0,9214934.0,0.0,0.0,0.0,9214934.0
20260316,920438,戈碧迦,2609257.0,92333316.0,0.0,0.0,0.0,92333316.0
20260316,920445,龙竹科技,1378317.0,28158479.0,0.0,0.0,0.0,28158479.0
20260316,920454,同心传动,355715.0,11714584.0,0.0,0.0,0.0,11714584.0
20260316,920455,汇隆活塞,412395.0,6301808.0,0.0,0.0,0.0,6301808.0
20260316,920469,富恒新材,707375.0,24588257.0,0.0,0.0,0.0,24588257.0
20260316,920471,美邦科技,2053931.0,8186572.0,0.0,0.0,0.0,8186572.0
20260316,920475,三友科技,184560.0,10218013.0,0.0,0.0,0.0,10218013.0
20260316,920476,海能技术,1810575.0,30936185.0,0.0,0.0,0.0,30936185.0
20260316,920478,峆一药业,1374590.0,10488833.0,0.0,0.0,0.0,10488833.0
20260316,920489,佳先股份,365869.0,32715937.0,0.0,0.0,0.0,32715937.0
20260316,920491,奥迪威,3575197.0,143371896.0,0.0,0.0,0.0,143371896.0
20260316,920493,并行科技,9704156.0,207231901.0,0.0,0.0,0.0,207231901.0
20260316,920496,许昌智能,2804831.0,28784873.0,0.0,0.0,0.0,28784873.0
20260316,920504,博迅生物,59514.0,1615151.0,0.0,0.0,0.0,1615151.0
20260316,920505,九菱科技,1374468.0,24398984.0,0.0,0.0,0.0,24398984.0
20260316,920508,殷图网联,122160.0,5598809.0,0.0,0.0,0.0,5598809.0
20260316,920509,同惠电子,5607296.0,33629580.0,0.0,0.0,0.0,33629580.0
20260316,920510,丰光精密,157681.0,19102515.0,0.0,0.0,0.0,19102515.0
20260316,920519,万德股份,1373055.0,10264587.0,0.0,0.0,0.0,10264587.0
20260316,920522,纳科诺尔,3973634.0,155986546.0,0.0,0.0,0.0,155986546.0
20260316,920523,德瑞锂电,1405481.0,67195916.0,0.0,0.0,0.0,67195916.0
20260316,920526,凯华材料,365234.0,8504574.0,0.0,0.0,0.0,8504574.0
20260316,920527,夜光明,227101.0,4468707.0,0.0,0.0,0.0,4468707.0
20260316,920533,骏创科技,1977468.0,47443492.0,0.0,0.0,0.0,47443492.0
20260316,920541,铁大科技,637077.0,24589527.0,0.0,0.0,0.0,24589527.0
20260316,920547,无锡晶海,116419.0,7991723.0,0.0,0.0,0.0,7991723.0
20260316,920553,凯腾精工,526817.0,5930664.0,0.0,0.0,0.0,5930664.0
20260316,920556,雅达股份,2723202.0,27008165.0,0.0,0.0,0.0,27008165.0
20260316,920564,天润科技,309534.0,13054865.0,0.0,0.0,0.0,13054865.0
20260316,920566,梓橦宫,1025014.0,31936653.0,0.0,0.0,0.0,31936653.0
20260316,920570,坤博精工,2662831.0,14160249.0,0.0,0.0,0.0,14160249.0
20260316,920571,国航远洋,15267778.0,56728758.0,0.0,0.0,0.0,56728758.0
20260316,920575,康乐卫士,158000.0,11948150.0,0.0,0.0,0.0,11948150.0
20260316,920576,天力复合,2729934.0,62066874.0,0.0,0.0,0.0,62066874.0
20260316,920578,巨能股份,176970.0,11955141.0,0.0,0.0,0.0,11955141.0
20260316,920579,机科股份,1422964.0,17467992.0,0.0,0.0,0.0,17467992.0
20260316,920580,科创新材,1143246.0,7590025.0,0.0,0.0,0.0,7590025.0
20260316,920592,华信永道,638079.0,32808588.0,0.0,0.0,0.0,32808588.0
20260316,920593,鼎智科技,2278191.0,68213842.0,0.0,0.0,0.0,68213842.0
20260316,920599,同力股份,2689453.0,101668850.0,0.0,0.0,0.0,101668850.0
20260316,920608,丰安股份,122480.0,2853051.0,0.0,0.0,0.0,2853051.0
20260316,920627,力王股份,2517793.0,14345912.0,0.0,0.0,0.0,14345912.0
20260316,920634,新威凌,558114.0,9538916.0,0.0,0.0,0.0,9538916.0
20260316,920639,晨光电缆,905350.0,31873112.0,0.0,0.0,0.0,31873112.0
20260316,920640,富士达,5345846.0,121346567.0,0.0,0.0,0.0,121346567.0
20260316,920641,格利尔,2568133.0,8774486.0,0.0,0.0,0.0,8774486.0
20260316,920642,通易航天,858152.0,10929651.0,0.0,0.0,0.0,10929651.0
20260316,920651,天罡股份,133453.0,3235324.0,0.0,0.0,0.0,3235324.0
20260316,920656,海昇药业,953320.0,6071988.0,0.0,0.0,0.0,6071988.0
20260316,920662,方盛股份,1169903.0,13824601.0,0.0,0.0,0.0,13824601.0
20260316,920663,明阳科技,639551.0,10614309.0,0.0,0.0,0.0,10614309.0
20260316,920665,科强股份,237564.0,14496625.0,0.0,0.0,0.0,14496625.0
20260316,920670,数字人,127673.0,8886941.0,0.0,0.0,0.0,8886941.0
20260316,920675,秉扬科技,1969856.0,15136704.0,0.0,0.0,0.0,15136704.0
20260316,920679,前进科技,455827.0,7011955.0,0.0,0.0,0.0,7011955.0
20260316,920682,球冠电缆,2021651.0,30359287.0,0.0,0.0,0.0,30359287.0
20260316,920685,新芝生物,309711.0,11277012.0,0.0,0.0,0.0,11277012.0
20260316,920689,克莱特,6131839.0,24483107.0,0.0,0.0,0.0,24483107.0
20260316,920690,捷众科技,778344.0,21519602.0,0.0,0.0,0.0,21519602.0
20260316,920693,阿为特,1346659.0,24641529.0,0.0,0.0,0.0,24641529.0
20260316,920694,中裕科技,749432.0,13204958.0,0.0,0.0,0.0,13204958.0
20260316,920699,海达尔,279032.0,63131230.0,0.0,0.0,0.0,63131230.0
20260316,920701,豪声电子,786109.0,28043673.0,0.0,0.0,0.0,28043673.0
20260316,920703,广厦环能,1003251.0,23822638.0,0.0,0.0,0.0,23822638.0
20260316,920706,铁拓机械,2285938.0,17687769.0,0.0,0.0,0.0,17687769.0
20260316,920717,瑞星股份,741024.0,3631677.0,0.0,0.0,0.0,3631677.0
20260316,920718,合肥高科,669122.0,5561181.0,0.0,0.0,0.0,5561181.0
20260316,920719,宁新新材,383062.0,6604412.0,0.0,0.0,0.0,6604412.0
20260316,920720,吉冈精密,1714297.0,20031935.0,0.0,0.0,0.0,20031935.0
20260316,920725,惠丰钻石,883979.0,18739267.0,0.0,0.0,0.0,18739267.0
20260316,920726,朱老六,744137.0,13285486.0,0.0,0.0,0.0,13285486.0
20260316,920729,永顺生物,1960113.0,13960253.0,0.0,0.0,0.0,13960253.0
20260316,920735,德源药业,3053373.0,51948298.0,0.0,0.0,0.0,51948298.0
20260316,920748,路桥信息,94810.0,3870262.0,0.0,0.0,0.0,3870262.0
20260316,920751,惠同新材,326010.0,25953253.0,0.0,0.0,0.0,25953253.0
20260316,920753,天纺标,452873.0,11131049.0,0.0,0.0,0.0,11131049.0
20260316,920765,美之高,872329.0,7280577.0,0.0,0.0,0.0,7280577.0
20260316,920768,拾比佰,136845.0,11114143.0,0.0,0.0,0.0,11114143.0
20260316,920770,艾能聚,2873980.0,36894935.0,0.0,0.0,0.0,36894935.0
20260316,920779,武汉蓝电,4777372.0,14296768.0,0.0,0.0,0.0,14296768.0
20260316,920781,瑞奇智造,419074.0,8261307.0,0.0,0.0,0.0,8261307.0
20260316,920786,骑士乳业,576642.0,19275677.0,0.0,0.0,0.0,19275677.0
20260316,920790,联迪信息,1436795.0,19528361.0,0.0,0.0,0.0,19528361.0
20260316,920792,东和新材,1139056.0,12352348.0,0.0,0.0,0.0,12352348.0
20260316,920799,艾融软件,5845803.0,142055025.0,0.0,0.0,0.0,142055025.0
20260316,920802,保丽洁,94569.0,2474907.0,0.0,0.0,0.0,2474907.0
20260316,920806,云星宇,1217068.0,43119021.0,0.0,0.0,0.0,43119021.0
20260316,920807,奔朗新材,1859419.0,22729422.0,0.0,0.0,0.0,22729422.0
20260316,920808,曙光数创,6039359.0,271950976.0,0.0,0.0,0.0,271950976.0
20260316,920809,安达科技,3092421.0,45572020.0,0.0,0.0,0.0,45572020.0
20260316,920810,春光智能,142749.0,2250210.0,0.0,0.0,0.0,2250210.0
20260316,920819,颖泰生物,547697.0,33473576.0,0.0,0.0,0.0,33473576.0
20260316,920821,则成电子,2336054.0,21279602.0,0.0,0.0,0.0,21279602.0
20260316,920826,盖世食品,1925600.0,19914259.0,0.0,0.0,0.0,19914259.0
20260316,920832,齐鲁华信,1066886.0,9051072.0,0.0,0.0,0.0,9051072.0
20260316,920833,美心翼申,3104499.0,15814320.0,0.0,0.0,0.0,15814320.0
20260316,920834,三维装备,1312993.0,9381405.0,0.0,0.0,0.0,9381405.0
20260316,920837,华原股份,1009312.0,14091476.0,0.0,0.0,0.0,14091476.0
20260316,920839,万通液压,1687133.0,25215885.0,0.0,0.0,0.0,25215885.0
20260316,920855,浙江大农,506240.0,3835725.0,0.0,0.0,0.0,3835725.0
20260316,920856,浩淼科技,504499.0,12555728.0,0.0,0.0,0.0,12555728.0
20260316,920857,泓禧科技,1298007.0,6255108.0,0.0,0.0,0.0,6255108.0
20260316,920866,绿亨科技,3352995.0,8291338.0,0.0,0.0,0.0,8291338.0
20260316,920870,恒进感应,244121.0,12656372.0,0.0,0.0,0.0,12656372.0
20260316,920871,派特尔,340845.0,8694987.0,0.0,0.0,0.0,8694987.0
20260316,920873,中设咨询,0.0,5361935.0,0.0,0.0,0.0,5361935.0
20260316,920876,慧为智能,677430.0,10571533.0,0.0,0.0,0.0,10571533.0
20260316,920879,基康技术,2536816.0,23309791.0,0.0,0.0,0.0,23309791.0
20260316,920885,星辰科技,1130272.0,36167091.0,0.0,0.0,0.0,36167091.0
20260316,920892,广咨国际,298781.0,5043413.0,0.0,0.0,0.0,5043413.0
20260316,920895,花溪科技,25900.0,1787288.0,0.0,0.0,0.0,1787288.0
20260316,920896,旺成科技,1020562.0,7455027.0,0.0,0.0,0.0,7455027.0
20260316,920906,舜宇精工,43152.0,8081129.0,0.0,0.0,0.0,8081129.0
20260316,920914,远航精密,1733772.0,40844989.0,0.0,0.0,0.0,40844989.0
20260316,920924,广脉科技,1175687.0,20836226.0,0.0,0.0,0.0,20836226.0
20260316,920925,锦好医疗,626827.0,16148692.0,0.0,0.0,0.0,16148692.0
20260316,920926,鸿智科技,3208061.0,8854204.0,0.0,0.0,0.0,8854204.0
20260316,920931,无锡鼎邦,554920.0,5382634.0,0.0,0.0,0.0,5382634.0
20260316,920932,科达自控,684819.0,22476827.0,0.0,0.0,0.0,22476827.0
20260316,920942,恒立钻具,1024587.0,28441073.0,0.0,0.0,0.0,28441073.0
20260316,920943,优机股份,102720.0,18206042.0,0.0,0.0,0.0,18206042.0
20260316,920946,森萱医药,538935.0,24596759.0,0.0,0.0,0.0,24596759.0
20260316,920950,迅安科技,455100.0,2071924.0,0.0,0.0,0.0,2071924.0
20260316,920953,国子软件,3285132.0,43193790.0,0.0,0.0,0.0,43193790.0
20260316,920957,汉维科技,446439.0,1111231.0,0.0,0.0,0.0,1111231.0
20260316,920961,创远信科,1130598.0,49247407.0,0.0,0.0,0.0,49247407.0
20260316,920964,润农节水,126512.0,23766786.0,0.0,0.0,0.0,23766786.0
20260316,920970,大禹生物,19890.0,1957333.0,0.0,0.0,0.0,1957333.0
20260316,920971,天马新材,2864743.0,48972879.0,0.0,0.0,0.0,48972879.0
20260316,920974,凯大催化,156696.0,4407037.0,0.0,0.0,0.0,4407037.0
20260316,920976,视声智能,7842638.0,22749927.0,0.0,0.0,0.0,22749927.0
20260316,920978,开特股份,760234.0,66176257.0,0.0,0.0,0.0,66176257.0
20260316,920981,晶赛科技,1692437.0,17202443.0,0.0,0.0,0.0,17202443.0
20260316,920982,锦波生物,6295360.0,361784004.0,0.0,0.0,0.0,361784004.0
20260316,920985,海泰新能,987877.0,23254203.0,0.0,0.0,0.0,23254203.0
20260316,920992,中科美菱,648970.0,8568538.0,0.0,0.0,0.0,8568538.0
20260316,日期：2026-03-16,,,,,,,
20260317,920000,安徽凤凰,717099.0,10555457.0,0.0,0.0,0.0,10555457.0
20260317,920001,纬达光电,3110852.0,25957928.0,0.0,0.0,0.0,25957928.0
20260317,920002,万达轴承,1013173.0,46814908.0,0.0,0.0,0.0,46814908.0
20260317,920003,中诚咨询,129792.0,4116940.0,0.0,0.0,0.0,4116940.0
20260317,920005,鼎佳精密,233274.0,16097140.0,0.0,0.0,0.0,16097140.0
20260317,920006,晟楠科技,312488.0,11756920.0,0.0,0.0,0.0,11756920.0
20260317,920007,酉立智能,271460.0,10817487.0,0.0,0.0,0.0,10817487.0
20260317,920008,成电光信,554899.0,18601727.0,0.0,0.0,0.0,18601727.0
20260317,920009,丹娜生物,156523.0,4797806.0,0.0,0.0,0.0,4797806.0
20260317,920010,凯添燃气,7313838.0,47504893.0,0.0,0.0,0.0,47504893.0
20260317,920014,特瑞斯,2777264.0,14801969.0,0.0,0.0,0.0,14801969.0
20260317,920015,锦华新材,1535075.0,32503434.0,0.0,0.0,0.0,32503434.0
20260317,920016,中草香料,1325617.0,8385936.0,0.0,0.0,0.0,8385936.0
20260317,920017,星昊医药,1381611.0,44131997.0,0.0,0.0,0.0,44131997.0
20260317,920018,宏远股份,5778746.0,43291703.0,0.0,0.0,0.0,43291703.0
20260317,920019,铜冠矿建,2849412.0,47219180.0,0.0,0.0,0.0,47219180.0
20260317,920020,泰凯英,1032057.0,21270895.0,0.0,0.0,0.0,21270895.0
20260317,920021,流金科技,5785863.0,58881501.0,0.0,0.0,0.0,58881501.0
20260317,920022,世昌股份,2156990.0,4308497.0,0.0,0.0,0.0,4308497.0
20260317,920023,田野股份,79990.0,7026284.0,0.0,0.0,0.0,7026284.0
20260317,920026,卓兆点胶,313414.0,19229302.0,0.0,0.0,0.0,19229302.0
20260317,920027,交大铁发,323334.0,8868500.0,0.0,0.0,0.0,8868500.0
20260317,920029,开发科技,2708954.0,82868005.0,0.0,0.0,0.0,82868005.0
20260317,920030,德众汽车,1032845.0,12060484.0,0.0,0.0,0.0,12060484.0
20260317,920033,康普化学,766654.0,17292482.0,0.0,0.0,0.0,17292482.0
20260317,920035,精创电气,907071.0,7071045.0,0.0,0.0,0.0,7071045.0
20260317,920036,觅睿科技,6107783.0,5276124.0,0.0,0.0,0.0,5276124.0
20260317,920037,广信科技,3588827.0,56770720.0,0.0,0.0,0.0,56770720.0
20260317,920039,国义招标,798357.0,16233887.0,0.0,0.0,0.0,16233887.0
20260317,920045,蘅东光,30192826.0,123963223.0,0.0,0.0,0.0,123963223.0
20260317,920046,亿能电力,4875666.0,22342386.0,0.0,0.0,0.0,22342386.0
20260317,920047,诺思兰德,1229997.0,36514528.0,0.0,13799.0,340145.0,36854673.0
20260317,920050,爱舍伦,1497266.0,7894030.0,0.0,0.0,0.0,7894030.0
20260317,920056,能之光,399731.0,16811936.0,0.0,0.0,0.0,16811936.0
20260317,920057,百甲科技,110603.0,4206408.0,0.0,0.0,0.0,4206408.0
20260317,920058,华洋赛车,291279.0,6812013.0,0.0,0.0,0.0,6812013.0
20260317,920060,万源通,8431332.0,83291032.0,0.0,0.0,0.0,83291032.0
20260317,920061,西磁科技,186567.0,11237524.0,0.0,0.0,0.0,11237524.0
20260317,920062,科润智控,3979675.0,54934572.0,0.0,0.0,0.0,54934572.0
20260317,920066,科拜尔,716870.0,11514313.0,0.0,0.0,0.0,11514313.0
20260317,920068,天工股份,4605544.0,37060549.0,0.0,0.0,0.0,37060549.0
20260317,920075,柏星龙,755139.0,14208600.0,0.0,0.0,0.0,14208600.0
20260317,920076,国亮新材,932208.0,4116365.0,0.0,0.0,0.0,4116365.0
20260317,920077,吉林碳谷,34947505.0,106394847.0,0.0,0.0,0.0,106394847.0
20260317,920080,奥美森,550993.0,11708728.0,0.0,0.0,0.0,11708728.0
20260317,920082,方正阀门,401362.0,9814638.0,0.0,0.0,0.0,9814638.0
20260317,920086,科马材料,5756980.0,14120752.0,0.0,0.0,0.0,14120752.0
20260317,920087,秋乐种业,4784791.0,25487973.0,0.0,0.0,0.0,25487973.0
20260317,920088,科力股份,30766379.0,74029236.0,0.0,0.0,0.0,74029236.0
20260317,920089,禾昌聚合,1650210.0,48761713.0,0.0,0.0,0.0,48761713.0
20260317,920090,同辉信息,0.0,3448283.0,0.0,0.0,0.0,3448283.0
20260317,920091,大鹏工业,3513454.0,17796250.0,0.0,0.0,0.0,17796250.0
20260317,920092,汉鑫科技,2701801.0,19647935.0,0.0,0.0,0.0,19647935.0
20260317,920098,科隆新材,97079.0,29246945.0,0.0,0.0,0.0,29246945.0
20260317,920099,瑞华技术,1542125.0,25098626.0,0.0,0.0,0.0,25098626.0
20260317,920100,三协电机,556103.0,19340200.0,0.0,0.0,0.0,19340200.0
20260317,920101,志高机械,754010.0,22028145.0,0.0,0.0,0.0,22028145.0
20260317,920106,林泰新材,1693226.0,39477762.0,0.0,0.0,0.0,39477762.0
20260317,920108,宏海科技,468454.0,10177756.0,0.0,0.0,0.0,10177756.0
20260317,920110,雷特科技,668029.0,2950885.0,0.0,0.0,0.0,2950885.0
20260317,920111,聚星科技,1383079.0,27758719.0,0.0,0.0,0.0,27758719.0
20260317,920112,巴兰仕,142389.0,7077595.0,0.0,0.0,0.0,7077595.0
20260317,920116,星图测控,8305485.0,147753036.0,0.0,0.0,0.0,147753036.0
20260317,920118,太湖远大,417875.0,6770125.0,0.0,0.0,0.0,6770125.0
20260317,920119,美德乐,1256557.0,17511007.0,0.0,0.0,0.0,17511007.0
20260317,920121,江天科技,2072163.0,11287219.0,0.0,0.0,0.0,11287219.0
20260317,920122,中纺标,685759.0,12625831.0,0.0,0.0,0.0,12625831.0
20260317,920123,芭薇股份,1431346.0,10880631.0,0.0,0.0,0.0,10880631.0
20260317,920124,南特科技,1344818.0,17076272.0,0.0,0.0,0.0,17076272.0
20260317,920128,胜业电气,727402.0,14114395.0,0.0,0.0,0.0,14114395.0
20260317,920130,立方控股,215242.0,13293740.0,0.0,0.0,0.0,13293740.0
20260317,920132,泰鹏智能,917872.0,2004071.0,0.0,0.0,0.0,2004071.0
20260317,920139,华岭股份,1406122.0,59506650.0,0.0,0.0,0.0,59506650.0
20260317,920145,恒合股份,600086.0,1624316.0,0.0,0.0,0.0,1624316.0
20260317,920146,华阳变速,51406.0,4778686.0,0.0,0.0,0.0,4778686.0
20260317,920149,旭杰科技,495182.0,4895399.0,0.0,0.0,0.0,4895399.0
20260317,920152,昆工科技,1591083.0,24389584.0,0.0,0.0,0.0,24389584.0
20260317,920158,长江能科,4192740.0,10606702.0,0.0,0.0,0.0,10606702.0
20260317,920159,农大科技,6493144.0,17070569.0,0.0,0.0,0.0,17070569.0
20260317,920160,北矿检测,331241.0,18044836.0,0.0,0.0,0.0,18044836.0
20260317,920163,方大新材,159631.0,3353557.0,0.0,0.0,0.0,3353557.0
20260317,920166,海圣医疗,580443.0,2531882.0,0.0,0.0,0.0,2531882.0
20260317,920167,同享科技,2047951.0,22794733.0,0.0,0.0,0.0,22794733.0
20260317,920168,通宝光电,1069543.0,4220556.0,0.0,0.0,0.0,4220556.0
20260317,920169,七丰精工,818919.0,18210962.0,0.0,0.0,0.0,18210962.0
20260317,920171,志晟信息,1009200.0,10947826.0,0.0,0.0,0.0,10947826.0
20260317,920174,五新隧装,1336251.0,57170001.0,0.0,0.0,0.0,57170001.0
20260317,920175,东方碳素,297343.0,5879525.0,0.0,0.0,0.0,5879525.0
20260317,920179,凯德石英,7231937.0,128706547.0,0.0,0.0,0.0,128706547.0
20260317,920180,爱得科技,1292244.0,6260455.0,0.0,0.0,0.0,6260455.0
20260317,920183,海菲曼,1723345.0,4510013.0,0.0,0.0,0.0,4510013.0
20260317,920184,国源科技,1108649.0,25584754.0,0.0,0.0,0.0,25584754.0
20260317,920185,贝特瑞,21139827.0,298482449.0,0.0,0.0,0.0,298482449.0
20260317,920187,通领科技,2300510.0,9431468.0,0.0,0.0,0.0,9431468.0
20260317,920190,雷神科技,2561946.0,52091926.0,0.0,0.0,0.0,52091926.0
20260317,920195,三祥科技,562874.0,16349277.0,0.0,0.0,0.0,16349277.0
20260317,920198,微创光电,338661.0,6837845.0,0.0,0.0,0.0,6837845.0
20260317,920199,倍益康,4677768.0,28736582.0,0.0,0.0,0.0,28736582.0
20260317,920204,沪江材料,760637.0,14984878.0,0.0,0.0,0.0,14984878.0
20260317,920207,众诚科技,1605439.0,13346265.0,0.0,0.0,0.0,13346265.0
20260317,920208,青矩技术,655195.0,16592484.0,0.0,0.0,0.0,16592484.0
20260317,920212,智新电子,300302.0,4135912.0,0.0,0.0,0.0,4135912.0
20260317,920221,易实精密,193834.0,7477205.0,0.0,0.0,0.0,7477205.0
20260317,920223,荣亿精密,314975.0,13142689.0,0.0,0.0,0.0,13142689.0
20260317,920225,利通科技,726643.0,100910489.0,0.0,0.0,0.0,100910489.0
20260317,920227,美登科技,1843752.0,31312025.0,0.0,0.0,0.0,31312025.0
20260317,920230,欧康医药,274862.0,3336943.0,0.0,0.0,0.0,3336943.0
20260317,920237,力佳科技,744939.0,13994700.0,0.0,0.0,0.0,13994700.0
20260317,920239,长虹能源,13118297.0,116102606.0,0.0,0.0,0.0,116102606.0
20260317,920242,建邦科技,259367.0,11607087.0,0.0,0.0,0.0,11607087.0
20260317,920245,威博液压,73006.0,6661716.0,0.0,0.0,0.0,6661716.0
20260317,920247,华密新材,733919.0,23370644.0,0.0,0.0,0.0,23370644.0
20260317,920249,利尔达,371770.0,26562435.0,0.0,0.0,0.0,26562435.0
20260317,920252,天宏锂电,740201.0,30383934.0,0.0,0.0,0.0,30383934.0
20260317,920260,中寰股份,195462.0,7840464.0,0.0,0.0,0.0,7840464.0
20260317,920261,一诺威,1127899.0,16875101.0,0.0,0.0,0.0,16875101.0
20260317,920262,太湖雪,805856.0,4940522.0,0.0,0.0,0.0,4940522.0
20260317,920263,中航泰达,2404207.0,6029966.0,0.0,0.0,0.0,6029966.0
20260317,920266,生物谷,427850.0,5964086.0,0.0,0.0,0.0,5964086.0
20260317,920267,鑫汇科,267264.0,4612468.0,0.0,0.0,0.0,4612468.0
20260317,920270,天铭科技,750753.0,23474690.0,0.0,0.0,0.0,23474690.0
20260317,920271,邦德股份,625514.0,12277879.0,0.0,0.0,0.0,12277879.0
20260317,920273,一致魔芋,3114574.0,24655368.0,0.0,0.0,0.0,24655368.0
20260317,920274,宏裕包材,1816310.0,13844676.0,0.0,0.0,0.0,13844676.0
20260317,920275,驱动力,1092284.0,8414200.0,0.0,0.0,0.0,8414200.0
20260317,920278,鹿得医疗,659083.0,10157466.0,0.0,0.0,0.0,10157466.0
20260317,920284,灵鸽科技,1101995.0,37006833.0,0.0,0.0,0.0,37006833.0
20260317,920299,灿能电力,2860066.0,24753643.0,0.0,0.0,0.0,24753643.0
20260317,920300,辰光医疗,62308.0,17482931.0,0.0,0.0,0.0,17482931.0
20260317,920304,迪尔化工,4976822.0,14588590.0,0.0,0.0,0.0,14588590.0
20260317,920339,恒太照明,366044.0,7446152.0,0.0,0.0,0.0,7446152.0
20260317,920344,三元基因,156926.0,15717235.0,0.0,0.0,0.0,15717235.0
20260317,920346,威贸电子,944293.0,22228412.0,0.0,0.0,0.0,22228412.0
20260317,920351,华光源海,2447998.0,14491506.0,0.0,0.0,0.0,14491506.0
20260317,920357,雅葆轩,1401610.0,11161426.0,0.0,0.0,0.0,11161426.0
20260317,920363,莱赛激光,365861.0,12212535.0,0.0,0.0,0.0,12212535.0
20260317,920367,新赣江,533166.0,10549122.0,0.0,0.0,0.0,10549122.0
20260317,920368,连城数控,15250211.0,295790308.0,0.0,0.0,0.0,295790308.0
20260317,920370,新安洁,109251.0,2536932.0,0.0,0.0,0.0,2536932.0
20260317,920371,欧福蛋业,1471646.0,10933357.0,0.0,0.0,0.0,10933357.0
20260317,920374,云里物里,248657.0,23992284.0,0.0,0.0,0.0,23992284.0
20260317,920375,派诺科技,4540224.0,13034683.0,0.0,0.0,0.0,13034683.0
20260317,920378,泰德股份,855697.0,27998723.0,0.0,0.0,0.0,27998723.0
20260317,920392,佳合科技,712561.0,9597199.0,0.0,0.0,0.0,9597199.0
20260317,920394,民士达,1737603.0,70195393.0,0.0,0.0,0.0,70195393.0
20260317,920395,朗鸿科技,1373903.0,24892175.0,0.0,0.0,0.0,24892175.0
20260317,920396,常辅股份,4731193.0,23859754.0,0.0,0.0,0.0,23859754.0
20260317,920402,硅烷科技,1943380.0,66645363.0,0.0,0.0,0.0,66645363.0
20260317,920403,康农种业,4057081.0,10650966.0,0.0,0.0,0.0,10650966.0
20260317,920405,海希通讯,1877736.0,106954056.0,0.0,0.0,0.0,106954056.0
20260317,920407,驰诚股份,417478.0,8323213.0,0.0,0.0,0.0,8323213.0
20260317,920414,欧普泰,147597.0,5061676.0,0.0,0.0,0.0,5061676.0
20260317,920415,恒拓开源,691973.0,23990657.0,0.0,0.0,0.0,23990657.0
20260317,920418,苏轴股份,1950607.0,62214334.0,0.0,0.0,0.0,62214334.0
20260317,920419,路斯股份,218749.0,20632522.0,0.0,0.0,0.0,20632522.0
20260317,920422,润普食品,633914.0,8696535.0,0.0,0.0,0.0,8696535.0
20260317,920425,乐创技术,406790.0,16231035.0,0.0,0.0,0.0,16231035.0
20260317,920427,华维设计,925878.0,6648452.0,0.0,0.0,0.0,6648452.0
20260317,920429,康比特,4047976.0,21273324.0,0.0,0.0,0.0,21273324.0
20260317,920433,大唐药业,32265.0,7990004.0,0.0,0.0,0.0,7990004.0
20260317,920436,大地电气,114953.0,8922707.0,0.0,0.0,0.0,8922707.0
20260317,920438,戈碧迦,16228239.0,104286016.0,0.0,0.0,0.0,104286016.0
20260317,920445,龙竹科技,1982116.0,28808586.0,0.0,0.0,0.0,28808586.0
20260317,920454,同心传动,884199.0,12195092.0,0.0,0.0,0.0,12195092.0
20260317,920455,汇隆活塞,348271.0,6326605.0,0.0,0.0,0.0,6326605.0
20260317,920469,富恒新材,793726.0,23925323.0,0.0,0.0,0.0,23925323.0
20260317,920471,美邦科技,2445342.0,7345224.0,0.0,0.0,0.0,7345224.0
20260317,920475,三友科技,487847.0,10526628.0,0.0,0.0,0.0,10526628.0
20260317,920476,海能技术,2463496.0,27848186.0,0.0,0.0,0.0,27848186.0
20260317,920478,峆一药业,906174.0,9976862.0,0.0,0.0,0.0,9976862.0
20260317,920489,佳先股份,559181.0,32789155.0,0.0,0.0,0.0,32789155.0
20260317,920491,奥迪威,817989.0,143072946.0,0.0,0.0,0.0,143072946.0
20260317,920493,并行科技,9420234.0,206508584.0,0.0,0.0,0.0,206508584.0
20260317,920496,许昌智能,1558353.0,28215621.0,0.0,0.0,0.0,28215621.0
20260317,920504,博迅生物,54837.0,1625932.0,0.0,0.0,0.0,1625932.0
20260317,920505,九菱科技,1569171.0,24927061.0,0.0,0.0,0.0,24927061.0
20260317,920508,殷图网联,436115.0,5879021.0,0.0,0.0,0.0,5879021.0
20260317,920509,同惠电子,1071902.0,32191930.0,0.0,0.0,0.0,32191930.0
20260317,920510,丰光精密,190802.0,19012840.0,0.0,0.0,0.0,19012840.0
20260317,920519,万德股份,770080.0,9169587.0,0.0,0.0,0.0,9169587.0
20260317,920522,纳科诺尔,8434150.0,160165723.0,0.0,0.0,0.0,160165723.0
20260317,920523,德瑞锂电,2433631.0,69178209.0,0.0,0.0,0.0,69178209.0
20260317,920526,凯华材料,152434.0,8455599.0,0.0,0.0,0.0,8455599.0
20260317,920527,夜光明,157218.0,4397812.0,0.0,0.0,0.0,4397812.0
20260317,920533,骏创科技,1878146.0,47334556.0,0.0,0.0,0.0,47334556.0
20260317,920541,铁大科技,635603.0,23988087.0,0.0,0.0,0.0,23988087.0
20260317,920547,无锡晶海,771835.0,8265751.0,0.0,0.0,0.0,8265751.0
20260317,920553,凯腾精工,1768080.0,5965661.0,0.0,0.0,0.0,5965661.0
20260317,920556,雅达股份,1947056.0,24369168.0,0.0,0.0,0.0,24369168.0
20260317,920564,天润科技,423458.0,13292713.0,0.0,0.0,0.0,13292713.0
20260317,920566,梓橦宫,706161.0,31039074.0,0.0,0.0,0.0,31039074.0
20260317,920570,坤博精工,1934254.0,13242964.0,0.0,0.0,0.0,13242964.0
20260317,920571,国航远洋,12560117.0,56818620.0,0.0,0.0,0.0,56818620.0
20260317,920575,康乐卫士,321232.0,12162428.0,0.0,0.0,0.0,12162428.0
20260317,920576,天力复合,5353858.0,64216226.0,0.0,0.0,0.0,64216226.0
20260317,920578,巨能股份,152005.0,11993383.0,0.0,0.0,0.0,11993383.0
20260317,920579,机科股份,1357664.0,17774014.0,0.0,0.0,0.0,17774014.0
20260317,920580,科创新材,650776.0,6660565.0,0.0,0.0,0.0,6660565.0
20260317,920592,华信永道,8027963.0,36527017.0,0.0,0.0,0.0,36527017.0
20260317,920593,鼎智科技,1972693.0,67629703.0,0.0,0.0,0.0,67629703.0
20260317,920599,同力股份,5970651.0,105789829.0,0.0,0.0,0.0,105789829.0
20260317,920608,丰安股份,383447.0,2964051.0,0.0,0.0,0.0,2964051.0
20260317,920627,力王股份,1074293.0,13125744.0,0.0,0.0,0.0,13125744.0
20260317,920634,新威凌,633364.0,9889258.0,0.0,0.0,0.0,9889258.0
20260317,920639,晨光电缆,1672185.0,30505704.0,0.0,0.0,0.0,30505704.0
20260317,920640,富士达,2608443.0,121256398.0,0.0,0.0,0.0,121256398.0
20260317,920641,格利尔,2116012.0,8537961.0,0.0,0.0,0.0,8537961.0
20260317,920642,通易航天,517822.0,11086408.0,0.0,0.0,0.0,11086408.0
20260317,920651,天罡股份,95820.0,3265271.0,0.0,0.0,0.0,3265271.0
20260317,920656,海昇药业,119583.0,6076998.0,0.0,0.0,0.0,6076998.0
20260317,920662,方盛股份,3354456.0,14996857.0,0.0,0.0,0.0,14996857.0
20260317,920663,明阳科技,112531.0,10426404.0,0.0,0.0,0.0,10426404.0
20260317,920665,科强股份,439911.0,14274181.0,0.0,0.0,0.0,14274181.0
20260317,920670,数字人,551627.0,9305848.0,0.0,0.0,0.0,9305848.0
20260317,920675,秉扬科技,2125007.0,15438127.0,0.0,0.0,0.0,15438127.0
20260317,920679,前进科技,945903.0,6947772.0,0.0,0.0,0.0,6947772.0
20260317,920682,球冠电缆,2417209.0,28149116.0,0.0,0.0,0.0,28149116.0
20260317,920685,新芝生物,273331.0,11087091.0,0.0,0.0,0.0,11087091.0
20260317,920689,克莱特,5893433.0,25700496.0,0.0,0.0,0.0,25700496.0
20260317,920690,捷众科技,305740.0,21560936.0,0.0,0.0,0.0,21560936.0
20260317,920693,阿为特,685015.0,24212748.0,0.0,0.0,0.0,24212748.0
20260317,920694,中裕科技,499083.0,12671176.0,0.0,0.0,0.0,12671176.0
20260317,920699,海达尔,141629.0,62944624.0,0.0,0.0,0.0,62944624.0
20260317,920701,豪声电子,1155700.0,27428388.0,0.0,0.0,0.0,27428388.0
20260317,920703,广厦环能,683420.0,23107072.0,0.0,0.0,0.0,23107072.0
20260317,920706,铁拓机械,1435894.0,17897643.0,0.0,0.0,0.0,17897643.0
20260317,920717,瑞星股份,177454.0,3051860.0,0.0,0.0,0.0,3051860.0
20260317,920718,合肥高科,468625.0,5656650.0,0.0,0.0,0.0,5656650.0
20260317,920719,宁新新材,334899.0,6628500.0,0.0,0.0,0.0,6628500.0
20260317,920720,吉冈精密,1840985.0,19018633.0,0.0,0.0,0.0,19018633.0
20260317,920725,惠丰钻石,2063628.0,18994281.0,0.0,0.0,0.0,18994281.0
20260317,920726,朱老六,643164.0,12908517.0,0.0,0.0,0.0,12908517.0
20260317,920729,永顺生物,1923912.0,15474683.0,0.0,0.0,0.0,15474683.0
20260317,920735,德源药业,3212709.0,51169503.0,0.0,0.0,0.0,51169503.0
20260317,920748,路桥信息,175507.0,3910890.0,0.0,0.0,0.0,3910890.0
20260317,920751,惠同新材,1710456.0,26418742.0,0.0,0.0,0.0,26418742.0
20260317,920753,天纺标,1167504.0,11574275.0,0.0,0.0,0.0,11574275.0
20260317,920765,美之高,1926977.0,7131471.0,0.0,0.0,0.0,7131471.0
20260317,920768,拾比佰,124060.0,10306438.0,0.0,0.0,0.0,10306438.0
20260317,920770,艾能聚,2728759.0,37082376.0,0.0,0.0,0.0,37082376.0
20260317,920779,武汉蓝电,2719738.0,12502242.0,0.0,0.0,0.0,12502242.0
20260317,920781,瑞奇智造,860247.0,8680990.0,0.0,0.0,0.0,8680990.0
20260317,920786,骑士乳业,1704596.0,19848704.0,0.0,0.0,0.0,19848704.0
20260317,920790,联迪信息,208667.0,17936566.0,0.0,0.0,0.0,17936566.0
20260317,920792,东和新材,314275.0,11588570.0,0.0,0.0,0.0,11588570.0
20260317,920799,艾融软件,6891907.0,142280269.0,0.0,0.0,0.0,142280269.0
20260317,920802,保丽洁,34707.0,2474907.0,0.0,0.0,0.0,2474907.0
20260317,920806,云星宇,1351637.0,42628458.0,0.0,0.0,0.0,42628458.0
20260317,920807,奔朗新材,1766163.0,21242650.0,0.0,0.0,0.0,21242650.0
20260317,920808,曙光数创,11825869.0,276678199.0,0.0,0.0,0.0,276678199.0
20260317,920809,安达科技,2435175.0,45592560.0,0.0,0.0,0.0,45592560.0
20260317,920810,春光智能,69703.0,2205614.0,0.0,0.0,0.0,2205614.0
20260317,920819,颖泰生物,508782.0,33367649.0,0.0,0.0,0.0,33367649.0
20260317,920821,则成电子,1368030.0,20272171.0,0.0,0.0,0.0,20272171.0
20260317,920826,盖世食品,1151732.0,19700531.0,0.0,0.0,0.0,19700531.0
20260317,920832,齐鲁华信,592797.0,8913739.0,0.0,0.0,0.0,8913739.0
20260317,920833,美心翼申,4917536.0,18723856.0,0.0,0.0,0.0,18723856.0
20260317,920834,三维装备,597603.0,8270533.0,0.0,0.0,0.0,8270533.0
20260317,920837,华原股份,395465.0,13792276.0,0.0,0.0,0.0,13792276.0
20260317,920839,万通液压,2095075.0,24572894.0,0.0,0.0,0.0,24572894.0
20260317,920855,浙江大农,616732.0,3475523.0,0.0,0.0,0.0,3475523.0
20260317,920856,浩淼科技,697198.0,12665636.0,0.0,0.0,0.0,12665636.0
20260317,920857,泓禧科技,625695.0,5228165.0,0.0,0.0,0.0,5228165.0
20260317,920866,绿亨科技,4207590.0,9441879.0,0.0,0.0,0.0,9441879.0
20260317,920870,恒进感应,707863.0,12788378.0,0.0,0.0,0.0,12788378.0
20260317,920871,派特尔,259874.0,8573811.0,0.0,0.0,0.0,8573811.0
20260317,920873,中设咨询,0.0,5361935.0,0.0,0.0,0.0,5361935.0
20260317,920876,慧为智能,882513.0,10679110.0,0.0,0.0,0.0,10679110.0
20260317,920879,基康技术,406957.0,22712426.0,0.0,0.0,0.0,22712426.0
20260317,920885,星辰科技,1682098.0,35997108.0,0.0,0.0,0.0,35997108.0
20260317,920892,广咨国际,1229174.0,4880333.0,0.0,0.0,0.0,4880333.0
20260317,920895,花溪科技,87972.0,1875260.0,0.0,0.0,0.0,1875260.0
20260317,920896,旺成科技,447527.0,7395372.0,0.0,0.0,0.0,7395372.0
20260317,920906,舜宇精工,84666.0,8074134.0,0.0,0.0,0.0,8074134.0
20260317,920914,远航精密,1429147.0,41290739.0,0.0,0.0,0.0,41290739.0
20260317,920924,广脉科技,946872.0,20508595.0,0.0,0.0,0.0,20508595.0
20260317,920925,锦好医疗,875242.0,16134163.0,0.0,0.0,0.0,16134163.0
20260317,920926,鸿智科技,430800.0,7987785.0,0.0,0.0,0.0,7987785.0
20260317,920931,无锡鼎邦,330855.0,4982130.0,0.0,0.0,0.0,4982130.0
20260317,920932,科达自控,627431.0,22578039.0,0.0,0.0,0.0,22578039.0
20260317,920942,恒立钻具,1271981.0,28334239.0,0.0,0.0,0.0,28334239.0
20260317,920943,优机股份,177159.0,17942419.0,0.0,0.0,0.0,17942419.0
20260317,920946,森萱医药,1877906.0,24925862.0,0.0,0.0,0.0,24925862.0
20260317,920950,迅安科技,67047.0,2015156.0,0.0,0.0,0.0,2015156.0
20260317,920953,国子软件,2236777.0,42844692.0,0.0,0.0,0.0,42844692.0
20260317,920957,汉维科技,293181.0,914803.0,0.0,0.0,0.0,914803.0
20260317,920961,创远信科,785285.0,49149125.0,0.0,0.0,0.0,49149125.0
20260317,920964,润农节水,753492.0,24359472.0,0.0,0.0,0.0,24359472.0
20260317,920970,大禹生物,0.0,1957333.0,0.0,0.0,0.0,1957333.0
20260317,920971,天马新材,3268910.0,48175667.0,0.0,0.0,0.0,48175667.0
20260317,920974,凯大催化,505547.0,4888369.0,0.0,0.0,0.0,4888369.0
20260317,920976,视声智能,8816812.0,29066723.0,0.0,0.0,0.0,29066723.0
20260317,920978,开特股份,3598653.0,67568925.0,0.0,0.0,0.0,67568925.0
20260317,920981,晶赛科技,1396460.0,17067067.0,0.0,0.0,0.0,17067067.0
20260317,920982,锦波生物,5884023.0,361262786.0,0.0,0.0,0.0,361262786.0
20260317,920985,海泰新能,1558186.0,23518986.0,0.0,0.0,0.0,23518986.0
20260317,920992,中科美菱,237425.0,8554853.0,0.0,0.0,0.0,8554853.0
20260317,日期：2026-03-17,,,,,,,
20260318,920000,安徽凤凰,1094896.0,10776022.0,0.0,0.0,0.0,10776022.0
20260318,920001,纬达光电,2682231.0,24786665.0,0.0,0.0,0.0,24786665.0
20260318,920002,万达轴承,569557.0,44229086.0,0.0,0.0,0.0,44229086.0
20260318,920003,中诚咨询,185740.0,4272556.0,0.0,0.0,0.0,4272556.0
20260318,920005,鼎佳精密,271922.0,15101908.0,0.0,0.0,0.0,15101908.0
20260318,920006,晟楠科技,608122.0,12178621.0,0.0,0.0,0.0,12178621.0
20260318,920007,酉立智能,1220324.0,11739502.0,0.0,0.0,0.0,11739502.0
20260318,920008,成电光信,502953.0,17562382.0,0.0,0.0,0.0,17562382.0
20260318,920009,丹娜生物,99131.0,4833561.0,0.0,0.0,0.0,4833561.0
20260318,920010,凯添燃气,4586144.0,44543109.0,0.0,0.0,0.0,44543109.0
20260318,920014,特瑞斯,3016725.0,12985951.0,0.0,0.0,0.0,12985951.0
20260318,920015,锦华新材,2096878.0,31310330.0,0.0,0.0,0.0,31310330.0
20260318,920016,中草香料,236359.0,8433233.0,0.0,0.0,0.0,8433233.0
20260318,920017,星昊医药,1823550.0,44284404.0,0.0,0.0,0.0,44284404.0
20260318,920018,宏远股份,1518480.0,36551734.0,0.0,0.0,0.0,36551734.0
20260318,920019,铜冠矿建,1426441.0,47100022.0,0.0,0.0,0.0,47100022.0
20260318,920020,泰凯英,80040.0,21272183.0,0.0,0.0,0.0,21272183.0
20260318,920021,流金科技,3382803.0,57597231.0,0.0,0.0,0.0,57597231.0
20260318,920022,世昌股份,1685595.0,4856381.0,0.0,0.0,0.0,4856381.0
20260318,920023,田野股份,16476.0,7042513.0,0.0,0.0,0.0,7042513.0
20260318,920026,卓兆点胶,174067.0,18206514.0,0.0,0.0,0.0,18206514.0
20260318,920027,交大铁发,228536.0,8021731.0,0.0,0.0,0.0,8021731.0
20260318,920029,开发科技,2336206.0,79404720.0,0.0,0.0,0.0,79404720.0
20260318,920030,德众汽车,758249.0,12057095.0,0.0,0.0,0.0,12057095.0
20260318,920033,康普化学,893121.0,17693374.0,0.0,0.0,0.0,17693374.0
20260318,920035,精创电气,586005.0,7359612.0,0.0,0.0,0.0,7359612.0
20260318,920036,觅睿科技,5222533.0,6622508.0,0.0,0.0,0.0,6622508.0
20260318,920037,广信科技,1349294.0,55091845.0,0.0,0.0,0.0,55091845.0
20260318,920039,国义招标,1075157.0,16453961.0,0.0,0.0,0.0,16453961.0
20260318,920045,蘅东光,24386525.0,125738355.0,0.0,0.0,0.0,125738355.0
20260318,920046,亿能电力,5820408.0,21376946.0,0.0,0.0,0.0,21376946.0
20260318,920047,诺思兰德,426905.0,36555179.0,0.0,5000.0,124250.0,36679429.0
20260318,920050,爱舍伦,841577.0,6834307.0,0.0,0.0,0.0,6834307.0
20260318,920056,能之光,319252.0,16387086.0,0.0,0.0,0.0,16387086.0
20260318,920057,百甲科技,137986.0,4230025.0,0.0,0.0,0.0,4230025.0
20260318,920058,华洋赛车,833923.0,6775723.0,0.0,0.0,0.0,6775723.0
20260318,920060,万源通,9487882.0,81785897.0,0.0,0.0,0.0,81785897.0
20260318,920061,西磁科技,239893.0,11248281.0,0.0,0.0,0.0,11248281.0
20260318,920062,科润智控,4794796.0,53066076.0,0.0,0.0,0.0,53066076.0
20260318,920066,科拜尔,1043031.0,11517206.0,0.0,0.0,0.0,11517206.0
20260318,920068,天工股份,11500393.0,39966285.0,0.0,0.0,0.0,39966285.0
20260318,920075,柏星龙,1002905.0,13455391.0,0.0,0.0,0.0,13455391.0
20260318,920076,国亮新材,361965.0,4126117.0,0.0,0.0,0.0,4126117.0
20260318,920077,吉林碳谷,24456065.0,115997358.0,0.0,0.0,0.0,115997358.0
20260318,920078,N族兴,8961131.0,7660469.0,0.0,0.0,0.0,7660469.0
20260318,920080,奥美森,746573.0,12155252.0,0.0,0.0,0.0,12155252.0
20260318,920082,方正阀门,246274.0,9395570.0,0.0,0.0,0.0,9395570.0
20260318,920086,科马材料,9837817.0,14214475.0,0.0,0.0,0.0,14214475.0
20260318,920087,秋乐种业,7140282.0,28114197.0,0.0,0.0,0.0,28114197.0
20260318,920088,科力股份,16495164.0,68026699.0,0.0,0.0,0.0,68026699.0
20260318,920089,禾昌聚合,6929581.0,52719930.0,0.0,0.0,0.0,52719930.0
20260318,920090,同辉信息,0.0,3448049.0,0.0,0.0,0.0,3448049.0
20260318,920091,大鹏工业,3962896.0,19540517.0,0.0,0.0,0.0,19540517.0
20260318,920092,汉鑫科技,1764611.0,19212390.0,0.0,0.0,0.0,19212390.0
20260318,920098,科隆新材,629926.0,29020821.0,0.0,0.0,0.0,29020821.0
20260318,920099,瑞华技术,4140544.0,25636484.0,0.0,0.0,0.0,25636484.0
20260318,920100,三协电机,1225565.0,19695897.0,0.0,0.0,0.0,19695897.0
20260318,920101,志高机械,1699531.0,21244104.0,0.0,0.0,0.0,21244104.0
20260318,920106,林泰新材,995087.0,39522693.0,0.0,0.0,0.0,39522693.0
20260318,920108,宏海科技,998979.0,10244406.0,0.0,0.0,0.0,10244406.0
20260318,920110,雷特科技,984777.0,2956027.0,0.0,0.0,0.0,2956027.0
20260318,920111,聚星科技,2280155.0,27741542.0,0.0,0.0,0.0,27741542.0
20260318,920112,巴兰仕,70085.0,7052419.0,0.0,0.0,0.0,7052419.0
20260318,920116,星图测控,7588067.0,144160328.0,0.0,0.0,0.0,144160328.0
20260318,920118,太湖远大,422476.0,6919934.0,0.0,0.0,0.0,6919934.0
20260318,920119,美德乐,1529351.0,17947154.0,0.0,0.0,0.0,17947154.0
20260318,920121,江天科技,170226.0,9727411.0,0.0,0.0,0.0,9727411.0
20260318,920122,中纺标,660599.0,12772774.0,0.0,0.0,0.0,12772774.0
20260318,920123,芭薇股份,1358311.0,10690097.0,0.0,0.0,0.0,10690097.0
20260318,920124,南特科技,674034.0,17367786.0,0.0,0.0,0.0,17367786.0
20260318,920128,胜业电气,2207408.0,15320404.0,0.0,0.0,0.0,15320404.0
20260318,920130,立方控股,283586.0,13196023.0,0.0,0.0,0.0,13196023.0
20260318,920132,泰鹏智能,975326.0,2143688.0,0.0,0.0,0.0,2143688.0
20260318,920139,华岭股份,2301565.0,59431189.0,0.0,0.0,0.0,59431189.0
20260318,920145,恒合股份,835952.0,1618671.0,0.0,0.0,0.0,1618671.0
20260318,920146,华阳变速,25256.0,4762346.0,0.0,0.0,0.0,4762346.0
20260318,920149,旭杰科技,198403.0,4707340.0,0.0,0.0,0.0,4707340.0
20260318,920152,昆工科技,82798.0,24270038.0,0.0,0.0,0.0,24270038.0
20260318,920158,长江能科,3852810.0,11594500.0,0.0,0.0,0.0,11594500.0
20260318,920159,农大科技,5665057.0,17391151.0,0.0,0.0,0.0,17391151.0
20260318,920160,北矿检测,894839.0,18808264.0,0.0,0.0,0.0,18808264.0
20260318,920163,方大新材,142127.0,3384433.0,0.0,0.0,0.0,3384433.0
20260318,920166,海圣医疗,303633.0,2414538.0,0.0,0.0,0.0,2414538.0
20260318,920167,同享科技,2426986.0,23208739.0,0.0,0.0,0.0,23208739.0
20260318,920168,通宝光电,1146417.0,4741018.0,0.0,0.0,0.0,4741018.0
20260318,920169,七丰精工,248108.0,17543378.0,0.0,0.0,0.0,17543378.0
20260318,920171,志晟信息,271378.0,10909045.0,0.0,0.0,0.0,10909045.0
20260318,920174,五新隧装,1595416.0,56059443.0,0.0,0.0,0.0,56059443.0
20260318,920175,东方碳素,253688.0,5403709.0,0.0,0.0,0.0,5403709.0
20260318,920179,凯德石英,1310217.0,125709810.0,0.0,0.0,0.0,125709810.0
20260318,920180,爱得科技,1835918.0,6035437.0,0.0,0.0,0.0,6035437.0
20260318,920183,海菲曼,757576.0,4162927.0,0.0,0.0,0.0,4162927.0
20260318,920184,国源科技,510501.0,25355049.0,0.0,0.0,0.0,25355049.0
20260318,920185,贝特瑞,9694965.0,291350565.0,0.0,0.0,0.0,291350565.0
20260318,920187,通领科技,2193114.0,10894077.0,0.0,0.0,0.0,10894077.0
20260318,920190,雷神科技,1166007.0,49310791.0,0.0,0.0,0.0,49310791.0
20260318,920195,三祥科技,1309319.0,16795919.0,0.0,0.0,0.0,16795919.0
20260318,920198,微创光电,190646.0,6719465.0,0.0,0.0,0.0,6719465.0
20260318,920199,倍益康,2295776.0,27978810.0,0.0,0.0,0.0,27978810.0
20260318,920204,沪江材料,1517542.0,15928728.0,0.0,0.0,0.0,15928728.0
20260318,920207,众诚科技,1331561.0,12934108.0,0.0,0.0,0.0,12934108.0
20260318,920208,青矩技术,2563684.0,18191528.0,0.0,0.0,0.0,18191528.0
20260318,920212,智新电子,836933.0,4385784.0,0.0,0.0,0.0,4385784.0
20260318,920221,易实精密,791138.0,7342808.0,0.0,0.0,0.0,7342808.0
20260318,920223,荣亿精密,1078996.0,13284303.0,0.0,0.0,0.0,13284303.0
20260318,920225,利通科技,772218.0,100767971.0,0.0,0.0,0.0,100767971.0
20260318,920227,美登科技,1454088.0,30282456.0,0.0,0.0,0.0,30282456.0
20260318,920230,欧康医药,651067.0,3056521.0,0.0,0.0,0.0,3056521.0
20260318,920237,力佳科技,1598542.0,14860438.0,0.0,0.0,0.0,14860438.0
20260318,920239,长虹能源,9901289.0,123519284.0,0.0,0.0,0.0,123519284.0
20260318,920242,建邦科技,417503.0,11340480.0,0.0,0.0,0.0,11340480.0
20260318,920245,威博液压,686737.0,6925293.0,0.0,0.0,0.0,6925293.0
20260318,920247,华密新材,1083429.0,22590553.0,0.0,0.0,0.0,22590553.0
20260318,920249,利尔达,682097.0,26080489.0,0.0,0.0,0.0,26080489.0
20260318,920252,天宏锂电,1528622.0,31028287.0,0.0,0.0,0.0,31028287.0
20260318,920260,中寰股份,485820.0,7881196.0,0.0,0.0,0.0,7881196.0
20260318,920261,一诺威,778556.0,16751043.0,0.0,0.0,0.0,16751043.0
20260318,920262,太湖雪,1204560.0,4890242.0,0.0,0.0,0.0,4890242.0
20260318,920263,中航泰达,812027.0,6135787.0,0.0,0.0,0.0,6135787.0
20260318,920266,生物谷,4260.0,5966806.0,0.0,0.0,0.0,5966806.0
20260318,920267,鑫汇科,1089602.0,4542572.0,0.0,0.0,0.0,4542572.0
20260318,920270,天铭科技,1127138.0,23295163.0,0.0,0.0,0.0,23295163.0
20260318,920271,邦德股份,409086.0,11609853.0,0.0,0.0,0.0,11609853.0
20260318,920273,一致魔芋,942147.0,23962145.0,0.0,0.0,0.0,23962145.0
20260318,920274,宏裕包材,1456314.0,14051474.0,0.0,0.0,0.0,14051474.0
20260318,920275,驱动力,1207088.0,8698475.0,0.0,0.0,0.0,8698475.0
20260318,920278,鹿得医疗,930592.0,10770250.0,0.0,0.0,0.0,10770250.0
20260318,920284,灵鸽科技,899526.0,34466541.0,0.0,0.0,0.0,34466541.0
20260318,920299,灿能电力,1743288.0,22631237.0,0.0,0.0,0.0,22631237.0
20260318,920300,辰光医疗,117387.0,17535871.0,0.0,0.0,0.0,17535871.0
20260318,920304,迪尔化工,2733523.0,12968202.0,0.0,0.0,0.0,12968202.0
20260318,920339,恒太照明,363951.0,7580795.0,0.0,0.0,0.0,7580795.0
20260318,920344,三元基因,386719.0,15856474.0,0.0,0.0,0.0,15856474.0
20260318,920346,威贸电子,1283693.0,22526765.0,0.0,0.0,0.0,22526765.0
20260318,920351,华光源海,1389129.0,13503544.0,0.0,0.0,0.0,13503544.0
20260318,920357,雅葆轩,963366.0,11369459.0,0.0,0.0,0.0,11369459.0
20260318,920363,莱赛激光,54359.0,12148338.0,0.0,0.0,0.0,12148338.0
20260318,920367,新赣江,156992.0,10424921.0,0.0,0.0,0.0,10424921.0
20260318,920368,连城数控,15061725.0,293895039.0,0.0,0.0,0.0,293895039.0
20260318,920370,新安洁,17723.0,2458062.0,0.0,0.0,0.0,2458062.0
20260318,920371,欧福蛋业,702446.0,10983057.0,0.0,0.0,0.0,10983057.0
20260318,920374,云里物里,67302.0,23679204.0,0.0,0.0,0.0,23679204.0
20260318,920375,派诺科技,4679746.0,12190460.0,0.0,0.0,0.0,12190460.0
20260318,920378,泰德股份,259035.0,28013416.0,0.0,0.0,0.0,28013416.0
20260318,920392,佳合科技,337497.0,9648099.0,0.0,0.0,0.0,9648099.0
20260318,920394,民士达,2404118.0,71688868.0,0.0,0.0,0.0,71688868.0
20260318,920395,朗鸿科技,752467.0,24947348.0,0.0,0.0,0.0,24947348.0
20260318,920396,常辅股份,2265447.0,21792999.0,0.0,0.0,0.0,21792999.0
20260318,920402,硅烷科技,1071720.0,63128425.0,0.0,0.0,0.0,63128425.0
20260318,920403,康农种业,2245507.0,10867347.0,0.0,0.0,0.0,10867347.0
20260318,920405,海希通讯,1588350.0,106699700.0,0.0,0.0,0.0,106699700.0
20260318,920407,驰诚股份,383083.0,8279664.0,0.0,0.0,0.0,8279664.0
20260318,920414,欧普泰,27764.0,4489066.0,0.0,0.0,0.0,4489066.0
20260318,920415,恒拓开源,443652.0,24152855.0,0.0,0.0,0.0,24152855.0
20260318,920418,苏轴股份,2054861.0,61984298.0,0.0,0.0,0.0,61984298.0
20260318,920419,路斯股份,1105705.0,21371828.0,0.0,0.0,0.0,21371828.0
20260318,920422,润普食品,880592.0,8597461.0,0.0,0.0,0.0,8597461.0
20260318,920425,乐创技术,102517.0,15966860.0,0.0,0.0,0.0,15966860.0
20260318,920427,华维设计,513092.0,6508999.0,0.0,0.0,0.0,6508999.0
20260318,920429,康比特,1853595.0,21461463.0,0.0,0.0,0.0,21461463.0
20260318,920433,大唐药业,242831.0,8085270.0,0.0,0.0,0.0,8085270.0
20260318,920436,大地电气,186205.0,8770479.0,0.0,0.0,0.0,8770479.0
20260318,920438,戈碧迦,4460833.0,93970711.0,0.0,0.0,0.0,93970711.0
20260318,920445,龙竹科技,1049008.0,26861134.0,0.0,0.0,0.0,26861134.0
20260318,920454,同心传动,466017.0,12396675.0,0.0,0.0,0.0,12396675.0
20260318,920455,汇隆活塞,890780.0,6531820.0,0.0,0.0,0.0,6531820.0
20260318,920469,富恒新材,1227810.0,23889370.0,0.0,0.0,0.0,23889370.0
20260318,920471,美邦科技,895782.0,7071401.0,0.0,0.0,0.0,7071401.0
20260318,920475,三友科技,114264.0,9983372.0,0.0,0.0,0.0,9983372.0
20260318,920476,海能技术,512481.0,27193665.0,0.0,0.0,0.0,27193665.0
20260318,920478,峆一药业,882706.0,10325811.0,0.0,0.0,0.0,10325811.0
20260318,920489,佳先股份,3164921.0,35584827.0,0.0,0.0,0.0,35584827.0
20260318,920491,奥迪威,867573.0,143204775.0,0.0,0.0,0.0,143204775.0
20260318,920493,并行科技,26267607.0,216861710.0,0.0,0.0,0.0,216861710.0
20260318,920496,许昌智能,1367254.0,27672950.0,0.0,0.0,0.0,27672950.0
20260318,920504,博迅生物,39192.0,1627934.0,0.0,0.0,0.0,1627934.0
20260318,920505,九菱科技,2360879.0,24584854.0,0.0,0.0,0.0,24584854.0
20260318,920508,殷图网联,26722.0,5857597.0,0.0,0.0,0.0,5857597.0
20260318,920509,同惠电子,1054493.0,31456151.0,0.0,0.0,0.0,31456151.0
20260318,920510,丰光精密,250015.0,18973466.0,0.0,0.0,0.0,18973466.0
20260318,920519,万德股份,1118012.0,9358680.0,0.0,0.0,0.0,9358680.0
20260318,920522,纳科诺尔,9079618.0,162363714.0,0.0,0.0,0.0,162363714.0
20260318,920523,德瑞锂电,722960.0,68910977.0,0.0,0.0,0.0,68910977.0
20260318,920526,凯华材料,516837.0,8685576.0,0.0,0.0,0.0,8685576.0
20260318,920527,夜光明,246903.0,4470704.0,0.0,0.0,0.0,4470704.0
20260318,920533,骏创科技,1706743.0,46569321.0,0.0,0.0,0.0,46569321.0
20260318,920541,铁大科技,988148.0,24104150.0,0.0,0.0,0.0,24104150.0
20260318,920547,无锡晶海,649264.0,8334153.0,0.0,0.0,0.0,8334153.0
20260318,920553,凯腾精工,891605.0,6237600.0,0.0,0.0,0.0,6237600.0
20260318,920556,雅达股份,1167557.0,23683628.0,0.0,0.0,0.0,23683628.0
20260318,920564,天润科技,211486.0,12935899.0,0.0,0.0,0.0,12935899.0
20260318,920566,梓橦宫,1408492.0,31177064.0,0.0,0.0,0.0,31177064.0
20260318,920570,坤博精工,1838688.0,13458052.0,0.0,0.0,0.0,13458052.0
20260318,920571,国航远洋,14037880.0,58349566.0,0.0,0.0,0.0,58349566.0
20260318,920575,康乐卫士,199506.0,12253564.0,0.0,0.0,0.0,12253564.0
20260318,920576,天力复合,4543652.0,62035643.0,0.0,0.0,0.0,62035643.0
20260318,920578,巨能股份,305603.0,11980216.0,0.0,0.0,0.0,11980216.0
20260318,920579,机科股份,1156157.0,18289687.0,0.0,0.0,0.0,18289687.0
20260318,920580,科创新材,1466219.0,7033266.0,0.0,0.0,0.0,7033266.0
20260318,920592,华信永道,2597764.0,35222041.0,0.0,0.0,0.0,35222041.0
20260318,920593,鼎智科技,3274117.0,68275173.0,0.0,0.0,0.0,68275173.0
20260318,920599,同力股份,2077698.0,105517877.0,0.0,0.0,0.0,105517877.0
20260318,920608,丰安股份,367690.0,3032027.0,0.0,0.0,0.0,3032027.0
20260318,920627,力王股份,1156646.0,13173542.0,0.0,0.0,0.0,13173542.0
20260318,920634,新威凌,712155.0,10420478.0,0.0,0.0,0.0,10420478.0
20260318,920639,晨光电缆,787281.0,30697452.0,0.0,0.0,0.0,30697452.0
20260318,920640,富士达,5500997.0,121845646.0,0.0,0.0,0.0,121845646.0
20260318,920641,格利尔,2125375.0,8298232.0,0.0,0.0,0.0,8298232.0
20260318,920642,通易航天,144211.0,11072440.0,0.0,0.0,0.0,11072440.0
20260318,920651,天罡股份,126926.0,3171821.0,0.0,0.0,0.0,3171821.0
20260318,920656,海昇药业,112705.0,6109558.0,0.0,0.0,0.0,6109558.0
20260318,920662,方盛股份,3859799.0,13188111.0,0.0,0.0,0.0,13188111.0
20260318,920663,明阳科技,516560.0,9774252.0,0.0,0.0,0.0,9774252.0
20260318,920665,科强股份,607355.0,13790550.0,0.0,0.0,0.0,13790550.0
20260318,920670,数字人,169514.0,9222285.0,0.0,0.0,0.0,9222285.0
20260318,920675,秉扬科技,1369437.0,13996431.0,0.0,0.0,0.0,13996431.0
20260318,920679,前进科技,242264.0,6987992.0,0.0,0.0,0.0,6987992.0
20260318,920682,球冠电缆,2889710.0,29250939.0,0.0,0.0,0.0,29250939.0
20260318,920685,新芝生物,877181.0,11366840.0,0.0,0.0,0.0,11366840.0
20260318,920689,克莱特,6348201.0,26986596.0,0.0,0.0,0.0,26986596.0
20260318,920690,捷众科技,342183.0,21348903.0,0.0,0.0,0.0,21348903.0
20260318,920693,阿为特,1001198.0,24662475.0,0.0,0.0,0.0,24662475.0
20260318,920694,中裕科技,1142450.0,12278957.0,0.0,0.0,0.0,12278957.0
20260318,920699,海达尔,700136.0,62932000.0,0.0,0.0,0.0,62932000.0
20260318,920701,豪声电子,1007738.0,27063465.0,0.0,0.0,0.0,27063465.0
20260318,920703,广厦环能,852060.0,22669784.0,0.0,0.0,0.0,22669784.0
20260318,920706,铁拓机械,2968011.0,18425674.0,0.0,0.0,0.0,18425674.0
20260318,920717,瑞星股份,424117.0,2933127.0,0.0,0.0,0.0,2933127.0
20260318,920718,合肥高科,744765.0,5706354.0,0.0,0.0,0.0,5706354.0
20260318,920719,宁新新材,319470.0,6585974.0,0.0,0.0,0.0,6585974.0
20260318,920720,吉冈精密,981439.0,19054699.0,0.0,0.0,0.0,19054699.0
20260318,920725,惠丰钻石,720120.0,17706450.0,0.0,0.0,0.0,17706450.0
20260318,920726,朱老六,692271.0,13144955.0,0.0,0.0,0.0,13144955.0
20260318,920729,永顺生物,2664605.0,17619024.0,0.0,0.0,0.0,17619024.0
20260318,920735,德源药业,1852533.0,50385997.0,0.0,0.0,0.0,50385997.0
20260318,920748,路桥信息,7912.0,3887259.0,0.0,0.0,0.0,3887259.0
20260318,920751,惠同新材,941155.0,26247472.0,0.0,0.0,0.0,26247472.0
20260318,920753,天纺标,959374.0,10359897.0,0.0,0.0,0.0,10359897.0
20260318,920765,美之高,1235881.0,7234399.0,0.0,0.0,0.0,7234399.0
20260318,920768,拾比佰,218697.0,10285403.0,0.0,0.0,0.0,10285403.0
20260318,920770,艾能聚,3278794.0,37605530.0,0.0,0.0,0.0,37605530.0
20260318,920779,武汉蓝电,2162442.0,11102101.0,0.0,0.0,0.0,11102101.0
20260318,920781,瑞奇智造,651169.0,8770562.0,0.0,0.0,0.0,8770562.0
20260318,920786,骑士乳业,433764.0,19651586.0,0.0,0.0,0.0,19651586.0
20260318,920790,联迪信息,143066.0,17808178.0,0.0,0.0,0.0,17808178.0
20260318,920792,东和新材,1918931.0,12096935.0,0.0,0.0,0.0,12096935.0
20260318,920799,艾融软件,2929145.0,141378350.0,0.0,0.0,0.0,141378350.0
20260318,920802,保丽洁,63204.0,2523062.0,0.0,0.0,0.0,2523062.0
20260318,920806,云星宇,2081559.0,42851410.0,0.0,0.0,0.0,42851410.0
20260318,920807,奔朗新材,1882324.0,21702010.0,0.0,0.0,0.0,21702010.0
20260318,920808,曙光数创,9758366.0,274811556.0,0.0,0.0,0.0,274811556.0
20260318,920809,安达科技,1447533.0,44542784.0,0.0,0.0,0.0,44542784.0
20260318,920810,春光智能,54726.0,2205431.0,0.0,0.0,0.0,2205431.0
20260318,920819,颖泰生物,241874.0,33071359.0,0.0,0.0,0.0,33071359.0
20260318,920821,则成电子,1699486.0,21014852.0,0.0,0.0,0.0,21014852.0
20260318,920826,盖世食品,2012787.0,20044684.0,0.0,0.0,0.0,20044684.0
20260318,920832,齐鲁华信,1273778.0,9827463.0,0.0,0.0,0.0,9827463.0
20260318,920833,美心翼申,1866012.0,18772585.0,0.0,0.0,0.0,18772585.0
20260318,920834,三维装备,680142.0,8286971.0,0.0,0.0,0.0,8286971.0
20260318,920837,华原股份,1376861.0,14093072.0,0.0,0.0,0.0,14093072.0
20260318,920839,万通液压,3105053.0,26240148.0,0.0,0.0,0.0,26240148.0
20260318,920855,浙江大农,695738.0,3652072.0,0.0,0.0,0.0,3652072.0
20260318,920856,浩淼科技,781244.0,12069102.0,0.0,0.0,0.0,12069102.0
20260318,920857,泓禧科技,801794.0,5228031.0,0.0,0.0,0.0,5228031.0
20260318,920866,绿亨科技,1782293.0,9078566.0,0.0,0.0,0.0,9078566.0
20260318,920870,恒进感应,114084.0,12694619.0,0.0,0.0,0.0,12694619.0
20260318,920871,派特尔,121271.0,8565989.0,0.0,0.0,0.0,8565989.0
20260318,920873,中设咨询,0.0,5361935.0,0.0,0.0,0.0,5361935.0
20260318,920876,慧为智能,110121.0,10272745.0,0.0,0.0,0.0,10272745.0
20260318,920879,基康技术,979114.0,23375799.0,0.0,0.0,0.0,23375799.0
20260318,920885,星辰科技,734812.0,35533053.0,0.0,0.0,0.0,35533053.0
20260318,920892,广咨国际,606801.0,4667971.0,0.0,0.0,0.0,4667971.0
20260318,920895,花溪科技,101594.0,1861541.0,0.0,0.0,0.0,1861541.0
20260318,920896,旺成科技,1007885.0,7506834.0,0.0,0.0,0.0,7506834.0
20260318,920906,舜宇精工,50687.0,7917979.0,0.0,0.0,0.0,7917979.0
20260318,920914,远航精密,998464.0,41177337.0,0.0,0.0,0.0,41177337.0
20260318,920924,广脉科技,1644474.0,20512161.0,0.0,0.0,0.0,20512161.0
20260318,920925,锦好医疗,475040.0,15806456.0,0.0,0.0,0.0,15806456.0
20260318,920926,鸿智科技,898737.0,7953285.0,0.0,0.0,0.0,7953285.0
20260318,920931,无锡鼎邦,251378.0,5004230.0,0.0,0.0,0.0,5004230.0
20260318,920932,科达自控,489411.0,22669617.0,0.0,0.0,0.0,22669617.0
20260318,920942,恒立钻具,1617745.0,27948112.0,0.0,0.0,0.0,27948112.0
20260318,920943,优机股份,223176.0,17241016.0,0.0,0.0,0.0,17241016.0
20260318,920946,森萱医药,318534.0,24441857.0,6150.0,6150.0,63345.0,24505202.0
20260318,920950,迅安科技,282744.0,2026570.0,0.0,0.0,0.0,2026570.0
20260318,920953,国子软件,1860902.0,41513301.0,0.0,0.0,0.0,41513301.0
20260318,920957,汉维科技,579123.0,1214713.0,0.0,0.0,0.0,1214713.0
20260318,920961,创远信科,1245354.0,49038782.0,0.0,0.0,0.0,49038782.0
20260318,920964,润农节水,422610.0,24477511.0,0.0,0.0,0.0,24477511.0
20260318,920970,大禹生物,14630.0,1952073.0,0.0,0.0,0.0,1952073.0
20260318,920971,天马新材,1168223.0,47536312.0,0.0,0.0,0.0,47536312.0
20260318,920974,凯大催化,9239.0,4777865.0,0.0,0.0,0.0,4777865.0
20260318,920976,视声智能,4320641.0,29427755.0,0.0,0.0,0.0,29427755.0
20260318,920978,开特股份,2047083.0,67023001.0,0.0,0.0,0.0,67023001.0
20260318,920981,晶赛科技,1322031.0,17515196.0,0.0,0.0,0.0,17515196.0
20260318,920982,锦波生物,8304626.0,363595875.0,0.0,0.0,0.0,363595875.0
20260318,920985,海泰新能,1198858.0,23484363.0,0.0,0.0,0.0,23484363.0
20260318,920992,中科美菱,276687.0,8564506.0,0.0,0.0,0.0,8564506.0
20260318,日期：2026-03-18,,,,,,,
20260319,920000,安徽凤凰,857059.0,10701077.0,0.0,0.0,0.0,10701077.0
20260319,920001,纬达光电,3108942.0,24055703.0,0.0,0.0,0.0,24055703.0
20260319,920002,万达轴承,1251996.0,44360105.0,0.0,0.0,0.0,44360105.0
20260319,920003,中诚咨询,137296.0,4241349.0,0.0,0.0,0.0,4241349.0
20260319,920005,鼎佳精密,506616.0,15088246.0,0.0,0.0,0.0,15088246.0
20260319,920006,晟楠科技,931485.0,12317374.0,0.0,0.0,0.0,12317374.0
20260319,920007,酉立智能,935676.0,12066888.0,0.0,0.0,0.0,12066888.0
20260319,920008,成电光信,207808.0,17188138.0,0.0,0.0,0.0,17188138.0
20260319,920009,丹娜生物,442678.0,5074607.0,0.0,0.0,0.0,5074607.0
20260319,920010,凯添燃气,26627951.0,41414177.0,0.0,0.0,0.0,41414177.0
20260319,920014,特瑞斯,5534826.0,11259886.0,0.0,0.0,0.0,11259886.0
20260319,920015,锦华新材,4175704.0,31752333.0,0.0,0.0,0.0,31752333.0
20260319,920016,中草香料,233499.0,8126669.0,0.0,0.0,0.0,8126669.0
20260319,920017,星昊医药,2483195.0,45169125.0,0.0,0.0,0.0,45169125.0
20260319,920018,宏远股份,2088315.0,37345925.0,0.0,0.0,0.0,37345925.0
20260319,920019,铜冠矿建,2287317.0,46203793.0,0.0,0.0,0.0,46203793.0
20260319,920020,泰凯英,691513.0,21728072.0,0.0,0.0,0.0,21728072.0
20260319,920021,流金科技,3528064.0,57311687.0,0.0,0.0,0.0,57311687.0
20260319,920022,世昌股份,424802.0,4276158.0,0.0,0.0,0.0,4276158.0
20260319,920023,田野股份,541690.0,7545645.0,0.0,0.0,0.0,7545645.0
20260319,920026,卓兆点胶,91838.0,18003639.0,0.0,0.0,0.0,18003639.0
20260319,920027,交大铁发,572497.0,8503471.0,0.0,0.0,0.0,8503471.0
20260319,920029,开发科技,4242451.0,80914111.0,0.0,0.0,0.0,80914111.0
20260319,920030,德众汽车,646514.0,12171203.0,0.0,0.0,0.0,12171203.0
20260319,920033,康普化学,1458825.0,17377733.0,0.0,0.0,0.0,17377733.0
20260319,920035,精创电气,261506.0,7254657.0,0.0,0.0,0.0,7254657.0
20260319,920036,觅睿科技,1728336.0,6341232.0,0.0,0.0,0.0,6341232.0
20260319,920037,广信科技,4525061.0,56297842.0,0.0,0.0,0.0,56297842.0
20260319,920039,国义招标,1616260.0,16799841.0,0.0,0.0,0.0,16799841.0
20260319,920045,蘅东光,12830781.0,120604678.0,0.0,0.0,0.0,120604678.0
20260319,920046,亿能电力,6911598.0,23083443.0,0.0,0.0,0.0,23083443.0
20260319,920047,诺思兰德,800880.0,35931692.0,500.0,5500.0,135410.0,36067102.0
20260319,920050,爱舍伦,411152.0,6614937.0,0.0,0.0,0.0,6614937.0
20260319,920056,能之光,283440.0,16461855.0,0.0,0.0,0.0,16461855.0
20260319,920057,百甲科技,24896.0,4244661.0,0.0,0.0,0.0,4244661.0
20260319,920058,华洋赛车,331814.0,6820001.0,0.0,0.0,0.0,6820001.0
20260319,920060,万源通,8342915.0,81982163.0,0.0,0.0,0.0,81982163.0
20260319,920061,西磁科技,198251.0,10948179.0,0.0,0.0,0.0,10948179.0
20260319,920062,科润智控,3764277.0,53035212.0,0.0,0.0,0.0,53035212.0
20260319,920066,科拜尔,287459.0,11332838.0,0.0,0.0,0.0,11332838.0
20260319,920068,天工股份,6661918.0,42738380.0,0.0,0.0,0.0,42738380.0
20260319,920075,柏星龙,1590471.0,14063117.0,0.0,0.0,0.0,14063117.0
20260319,920076,国亮新材,100304.0,3974011.0,0.0,0.0,0.0,3974011.0
20260319,920077,吉林碳谷,19420556.0,123691364.0,0.0,0.0,0.0,123691364.0
20260319,920078,族兴新材,4107302.0,4448711.0,0.0,0.0,0.0,4448711.0
20260319,920080,奥美森,201029.0,12189035.0,0.0,0.0,0.0,12189035.0
20260319,920082,方正阀门,768340.0,9968594.0,0.0,0.0,0.0,9968594.0
20260319,920086,科马材料,4459112.0,13583119.0,0.0,0.0,0.0,13583119.0
20260319,920087,秋乐种业,8275179.0,27112895.0,0.0,0.0,0.0,27112895.0
20260319,920088,科力股份,32547842.0,69993407.0,0.0,0.0,0.0,69993407.0
20260319,920089,禾昌聚合,2048977.0,53208865.0,0.0,0.0,0.0,53208865.0
20260319,920090,同辉信息,0.0,3448049.0,0.0,0.0,0.0,3448049.0
20260319,920091,大鹏工业,1608690.0,20060322.0,0.0,0.0,0.0,20060322.0
20260319,920092,汉鑫科技,1547990.0,18298622.0,0.0,0.0,0.0,18298622.0
20260319,920098,科隆新材,1080190.0,29957177.0,0.0,0.0,0.0,29957177.0
20260319,920099,瑞华技术,2100279.0,25047063.0,0.0,0.0,0.0,25047063.0
20260319,920100,三协电机,2492658.0,20018912.0,0.0,0.0,0.0,20018912.0
20260319,920101,志高机械,2209134.0,22807402.0,0.0,0.0,0.0,22807402.0
20260319,920106,林泰新材,3135868.0,41008022.0,0.0,0.0,0.0,41008022.0
20260319,920108,宏海科技,1228958.0,10648826.0,0.0,0.0,0.0,10648826.0
20260319,920110,雷特科技,65964.0,2987215.0,0.0,0.0,0.0,2987215.0
20260319,920111,聚星科技,2188872.0,27973564.0,0.0,0.0,0.0,27973564.0
20260319,920112,巴兰仕,753656.0,7363744.0,0.0,0.0,0.0,7363744.0
20260319,920116,星图测控,5909532.0,141626846.0,0.0,0.0,0.0,141626846.0
20260319,920118,太湖远大,188363.0,6841759.0,0.0,0.0,0.0,6841759.0
20260319,920119,美德乐,2029887.0,18613371.0,0.0,0.0,0.0,18613371.0
20260319,920121,江天科技,68757.0,9681711.0,0.0,0.0,0.0,9681711.0
20260319,920122,中纺标,67634.0,12637577.0,0.0,0.0,0.0,12637577.0
20260319,920123,芭薇股份,1521431.0,10823608.0,0.0,0.0,0.0,10823608.0
20260319,920124,南特科技,1252267.0,18262564.0,0.0,0.0,0.0,18262564.0
20260319,920128,胜业电气,1251689.0,14123622.0,0.0,0.0,0.0,14123622.0
20260319,920130,立方控股,417176.0,13391020.0,0.0,0.0,0.0,13391020.0
20260319,920132,泰鹏智能,829505.0,2066653.0,0.0,0.0,0.0,2066653.0
20260319,920139,华岭股份,3042121.0,58434418.0,0.0,0.0,0.0,58434418.0
20260319,920145,恒合股份,32655.0,1651326.0,0.0,0.0,0.0,1651326.0
20260319,920146,华阳变速,29669.0,4787689.0,0.0,0.0,0.0,4787689.0
20260319,920149,旭杰科技,265399.0,4768232.0,0.0,0.0,0.0,4768232.0
20260319,920152,昆工科技,38783.0,24229480.0,0.0,0.0,0.0,24229480.0
20260319,920158,长江能科,8822074.0,12465457.0,0.0,0.0,0.0,12465457.0
20260319,920159,农大科技,2913852.0,16422418.0,0.0,0.0,0.0,16422418.0
20260319,920160,北矿检测,1384636.0,20166233.0,0.0,0.0,0.0,20166233.0
20260319,920163,方大新材,586100.0,3803942.0,0.0,0.0,0.0,3803942.0
20260319,920166,海圣医疗,615565.0,2879731.0,0.0,0.0,0.0,2879731.0
20260319,920167,同享科技,2260525.0,22180300.0,0.0,0.0,0.0,22180300.0
20260319,920168,通宝光电,1950830.0,5790699.0,0.0,0.0,0.0,5790699.0
20260319,920169,七丰精工,877189.0,17384722.0,0.0,0.0,0.0,17384722.0
20260319,920171,志晟信息,815344.0,10638173.0,0.0,0.0,0.0,10638173.0
20260319,920174,五新隧装,1778716.0,56752507.0,0.0,0.0,0.0,56752507.0
20260319,920175,东方碳素,55449.0,5327613.0,0.0,0.0,0.0,5327613.0
20260319,920179,凯德石英,3244387.0,123058326.0,0.0,0.0,0.0,123058326.0
20260319,920180,爱得科技,1040031.0,6353060.0,0.0,0.0,0.0,6353060.0
20260319,920183,海菲曼,1137688.0,4359055.0,0.0,0.0,0.0,4359055.0
20260319,920184,国源科技,459070.0,24863671.0,0.0,0.0,0.0,24863671.0
20260319,920185,贝特瑞,20582840.0,279739462.0,0.0,0.0,0.0,279739462.0
20260319,920187,通领科技,2206333.0,11563809.0,0.0,0.0,0.0,11563809.0
20260319,920190,雷神科技,2292864.0,49606499.0,0.0,0.0,0.0,49606499.0
20260319,920195,三祥科技,548047.0,16373938.0,0.0,0.0,0.0,16373938.0
20260319,920198,微创光电,587713.0,6107830.0,0.0,0.0,0.0,6107830.0
20260319,920199,倍益康,2545670.0,27932360.0,0.0,0.0,0.0,27932360.0
20260319,920204,沪江材料,683423.0,15010281.0,0.0,0.0,0.0,15010281.0
20260319,920207,众诚科技,810996.0,12551821.0,0.0,0.0,0.0,12551821.0
20260319,920208,青矩技术,1226935.0,17900343.0,0.0,0.0,0.0,17900343.0
20260319,920212,智新电子,750097.0,4241745.0,0.0,0.0,0.0,4241745.0
20260319,920221,易实精密,911171.0,7188821.0,0.0,0.0,0.0,7188821.0
20260319,920223,荣亿精密,336967.0,13467077.0,0.0,0.0,0.0,13467077.0
20260319,920225,利通科技,1233353.0,99840319.0,0.0,0.0,0.0,99840319.0
20260319,920227,美登科技,1968012.0,30636367.0,0.0,0.0,0.0,30636367.0
20260319,920230,欧康医药,379840.0,3227955.0,0.0,0.0,0.0,3227955.0
20260319,920237,力佳科技,582575.0,13699417.0,0.0,0.0,0.0,13699417.0
20260319,920239,长虹能源,16104164.0,136351914.0,0.0,0.0,0.0,136351914.0
20260319,920242,建邦科技,743898.0,11404700.0,0.0,0.0,0.0,11404700.0
20260319,920245,威博液压,434163.0,7288432.0,0.0,0.0,0.0,7288432.0
20260319,920247,华密新材,1405347.0,23480787.0,0.0,0.0,0.0,23480787.0
20260319,920249,利尔达,434238.0,26161648.0,0.0,0.0,0.0,26161648.0
20260319,920252,天宏锂电,556893.0,30884470.0,0.0,0.0,0.0,30884470.0
20260319,920260,中寰股份,2127045.0,9330886.0,0.0,0.0,0.0,9330886.0
20260319,920261,一诺威,426409.0,16962504.0,0.0,0.0,0.0,16962504.0
20260319,920262,太湖雪,941970.0,4776464.0,0.0,0.0,0.0,4776464.0
20260319,920263,中航泰达,1567954.0,7013500.0,0.0,0.0,0.0,7013500.0
20260319,920266,生物谷,0.0,5939432.0,0.0,0.0,0.0,5939432.0
20260319,920267,鑫汇科,444856.0,4664326.0,0.0,0.0,0.0,4664326.0
20260319,920270,天铭科技,709026.0,23009269.0,0.0,0.0,0.0,23009269.0
20260319,920271,邦德股份,944825.0,11763288.0,0.0,0.0,0.0,11763288.0
20260319,920273,一致魔芋,2529650.0,23035699.0,0.0,0.0,0.0,23035699.0
20260319,920274,宏裕包材,1640515.0,14142221.0,0.0,0.0,0.0,14142221.0
20260319,920275,驱动力,970619.0,7518889.0,0.0,0.0,0.0,7518889.0
20260319,920278,鹿得医疗,1318128.0,10654099.0,0.0,0.0,0.0,10654099.0
20260319,920284,灵鸽科技,115348.0,34402724.0,0.0,0.0,0.0,34402724.0
20260319,920299,灿能电力,2483037.0,21494817.0,0.0,0.0,0.0,21494817.0
20260319,920300,辰光医疗,91278.0,17535608.0,0.0,0.0,0.0,17535608.0
20260319,920304,迪尔化工,2942594.0,13259445.0,0.0,0.0,0.0,13259445.0
20260319,920339,恒太照明,783754.0,7749889.0,0.0,0.0,0.0,7749889.0
20260319,920344,三元基因,40653.0,15657188.0,0.0,0.0,0.0,15657188.0
20260319,920346,威贸电子,937669.0,21496507.0,0.0,0.0,0.0,21496507.0
20260319,920351,华光源海,2553808.0,13776384.0,0.0,0.0,0.0,13776384.0
20260319,920357,雅葆轩,450409.0,11239327.0,0.0,0.0,0.0,11239327.0
20260319,920363,莱赛激光,220257.0,11951233.0,0.0,0.0,0.0,11951233.0
20260319,920367,新赣江,486058.0,9416224.0,0.0,0.0,0.0,9416224.0
20260319,920368,连城数控,14167401.0,288169699.0,0.0,0.0,0.0,288169699.0
20260319,920370,新安洁,67596.0,2391727.0,0.0,0.0,0.0,2391727.0
20260319,920371,欧福蛋业,667955.0,10601849.0,0.0,0.0,0.0,10601849.0
20260319,920374,云里物里,239488.0,23749752.0,0.0,0.0,0.0,23749752.0
20260319,920375,派诺科技,3513118.0,13148396.0,0.0,0.0,0.0,13148396.0
20260319,920378,泰德股份,56272.0,28024929.0,0.0,0.0,0.0,28024929.0
20260319,920392,佳合科技,584924.0,10097247.0,0.0,0.0,0.0,10097247.0
20260319,920394,民士达,1522540.0,68581252.0,0.0,0.0,0.0,68581252.0
20260319,920395,朗鸿科技,938847.0,25066105.0,0.0,0.0,0.0,25066105.0
20260319,920396,常辅股份,2874905.0,22479632.0,0.0,0.0,0.0,22479632.0
20260319,920402,硅烷科技,1516705.0,63461378.0,0.0,0.0,0.0,63461378.0
20260319,920403,康农种业,3509968.0,12776003.0,0.0,0.0,0.0,12776003.0
20260319,920405,海希通讯,1453000.0,107030471.0,0.0,0.0,0.0,107030471.0
20260319,920407,驰诚股份,888315.0,8800820.0,0.0,0.0,0.0,8800820.0
20260319,920414,欧普泰,764445.0,5062641.0,0.0,0.0,0.0,5062641.0
20260319,920415,恒拓开源,825928.0,23625003.0,0.0,0.0,0.0,23625003.0
20260319,920418,苏轴股份,2904376.0,61893586.0,0.0,0.0,0.0,61893586.0
20260319,920419,路斯股份,712417.0,21099757.0,0.0,0.0,0.0,21099757.0
20260319,920422,润普食品,224490.0,8031075.0,0.0,0.0,0.0,8031075.0
20260319,920425,乐创技术,529216.0,15727616.0,0.0,0.0,0.0,15727616.0
20260319,920427,华维设计,111126.0,6212317.0,0.0,0.0,0.0,6212317.0
20260319,920429,康比特,741449.0,21472352.0,0.0,0.0,0.0,21472352.0
20260319,920433,大唐药业,18194.0,7925927.0,0.0,0.0,0.0,7925927.0
20260319,920436,大地电气,229689.0,8902064.0,0.0,0.0,0.0,8902064.0
20260319,920438,戈碧迦,2799762.0,95169069.0,0.0,0.0,0.0,95169069.0
20260319,920445,龙竹科技,1401920.0,27099646.0,0.0,0.0,0.0,27099646.0
20260319,920454,同心传动,49499.0,12329174.0,0.0,0.0,0.0,12329174.0
20260319,920455,汇隆活塞,455620.0,6403068.0,0.0,0.0,0.0,6403068.0
20260319,920469,富恒新材,1155718.0,23974038.0,0.0,0.0,0.0,23974038.0
20260319,920471,美邦科技,1005192.0,6816969.0,0.0,0.0,0.0,6816969.0
20260319,920475,三友科技,103590.0,9498689.0,0.0,0.0,0.0,9498689.0
20260319,920476,海能技术,2922565.0,25771523.0,0.0,0.0,0.0,25771523.0
20260319,920478,峆一药业,1616010.0,9862110.0,0.0,0.0,0.0,9862110.0
20260319,920489,佳先股份,203985.0,35093495.0,0.0,0.0,0.0,35093495.0
20260319,920491,奥迪威,2198932.0,142924784.0,0.0,0.0,0.0,142924784.0
20260319,920493,并行科技,68721098.0,243360422.0,0.0,0.0,0.0,243360422.0
20260319,920496,许昌智能,1708319.0,27680390.0,0.0,0.0,0.0,27680390.0
20260319,920504,博迅生物,157488.0,1783142.0,0.0,0.0,0.0,1783142.0
20260319,920505,九菱科技,2698613.0,25218944.0,0.0,0.0,0.0,25218944.0
20260319,920508,殷图网联,774605.0,6477005.0,0.0,0.0,0.0,6477005.0
20260319,920509,同惠电子,1204538.0,31433541.0,0.0,0.0,0.0,31433541.0
20260319,920510,丰光精密,525712.0,19221231.0,0.0,0.0,0.0,19221231.0
20260319,920519,万德股份,181120.0,9279581.0,0.0,0.0,0.0,9279581.0
20260319,920522,纳科诺尔,8950450.0,165582496.0,0.0,0.0,0.0,165582496.0
20260319,920523,德瑞锂电,710264.0,69042512.0,0.0,0.0,0.0,69042512.0
20260319,920526,凯华材料,385860.0,8543262.0,0.0,0.0,0.0,8543262.0
20260319,920527,夜光明,101995.0,4486540.0,0.0,0.0,0.0,4486540.0
20260319,920533,骏创科技,1108163.0,46242988.0,0.0,0.0,0.0,46242988.0
20260319,920541,铁大科技,1228516.0,23851544.0,0.0,0.0,0.0,23851544.0
20260319,920547,无锡晶海,490654.0,8368735.0,0.0,0.0,0.0,8368735.0
20260319,920553,凯腾精工,451269.0,5941340.0,0.0,0.0,0.0,5941340.0
20260319,920556,雅达股份,1120254.0,23233809.0,0.0,0.0,0.0,23233809.0
20260319,920564,天润科技,97671.0,12834197.0,0.0,0.0,0.0,12834197.0
20260319,920566,梓橦宫,462029.0,31285712.0,0.0,0.0,0.0,31285712.0
20260319,920570,坤博精工,1522800.0,12487312.0,0.0,0.0,0.0,12487312.0
20260319,920571,国航远洋,14132795.0,59925071.0,0.0,0.0,0.0,59925071.0
20260319,920575,康乐卫士,160788.0,12191761.0,0.0,0.0,0.0,12191761.0
20260319,920576,天力复合,3791973.0,61837777.0,0.0,0.0,0.0,61837777.0
20260319,920578,巨能股份,18150.0,11760329.0,0.0,0.0,0.0,11760329.0
20260319,920579,机科股份,884012.0,18026049.0,0.0,0.0,0.0,18026049.0
20260319,920580,科创新材,1619104.0,6638795.0,0.0,0.0,0.0,6638795.0
20260319,920592,华信永道,2938597.0,33624038.0,0.0,0.0,0.0,33624038.0
20260319,920593,鼎智科技,1862471.0,64526472.0,0.0,0.0,0.0,64526472.0
20260319,920599,同力股份,4014892.0,107102130.0,0.0,0.0,0.0,107102130.0
20260319,920608,丰安股份,205944.0,3023328.0,0.0,0.0,0.0,3023328.0
20260319,920627,力王股份,1778416.0,13613553.0,0.0,0.0,0.0,13613553.0
20260319,920634,新威凌,556203.0,9458167.0,0.0,0.0,0.0,9458167.0
20260319,920639,晨光电缆,538591.0,30553676.0,0.0,0.0,0.0,30553676.0
20260319,920640,富士达,3404438.0,120989180.0,0.0,0.0,0.0,120989180.0
20260319,920641,格利尔,848597.0,7479655.0,0.0,0.0,0.0,7479655.0
20260319,920642,通易航天,50995.0,10867159.0,0.0,0.0,0.0,10867159.0
20260319,920651,天罡股份,1059581.0,4079895.0,0.0,0.0,0.0,4079895.0
20260319,920656,海昇药业,173411.0,6153989.0,0.0,0.0,0.0,6153989.0
20260319,920662,方盛股份,2431235.0,12925724.0,0.0,0.0,0.0,12925724.0
20260319,920663,明阳科技,60139.0,9749842.0,0.0,0.0,0.0,9749842.0
20260319,920665,科强股份,415323.0,13719594.0,0.0,0.0,0.0,13719594.0
20260319,920670,数字人,93052.0,9297532.0,0.0,0.0,0.0,9297532.0
20260319,920675,秉扬科技,2237244.0,12589909.0,0.0,0.0,0.0,12589909.0
20260319,920679,前进科技,332865.0,7016573.0,0.0,0.0,0.0,7016573.0
20260319,920682,球冠电缆,2386817.0,28359919.0,0.0,0.0,0.0,28359919.0
20260319,920685,新芝生物,1058213.0,11840169.0,0.0,0.0,0.0,11840169.0
20260319,920689,克莱特,1974856.0,27436146.0,0.0,0.0,0.0,27436146.0
20260319,920690,捷众科技,605049.0,21188519.0,0.0,0.0,0.0,21188519.0
20260319,920693,阿为特,299557.0,24578172.0,0.0,0.0,0.0,24578172.0
20260319,920694,中裕科技,1114894.0,11989903.0,0.0,0.0,0.0,11989903.0
20260319,920699,海达尔,270253.0,62886626.0,0.0,0.0,0.0,62886626.0
20260319,920701,豪声电子,1341418.0,26295596.0,0.0,0.0,0.0,26295596.0
20260319,920703,广厦环能,443370.0,22808658.0,0.0,0.0,0.0,22808658.0
20260319,920706,铁拓机械,2683340.0,19434120.0,0.0,0.0,0.0,19434120.0
20260319,920717,瑞星股份,1224462.0,2977575.0,0.0,0.0,0.0,2977575.0
20260319,920718,合肥高科,114546.0,5570754.0,0.0,0.0,0.0,5570754.0
20260319,920719,宁新新材,29086.0,6448149.0,0.0,0.0,0.0,6448149.0
20260319,920720,吉冈精密,2981571.0,21164274.0,0.0,0.0,0.0,21164274.0
20260319,920725,惠丰钻石,873451.0,18223976.0,0.0,0.0,0.0,18223976.0
20260319,920726,朱老六,482485.0,12183795.0,0.0,0.0,0.0,12183795.0
20260319,920729,永顺生物,984289.0,18155959.0,0.0,0.0,0.0,18155959.0
20260319,920735,德源药业,1950540.0,50446831.0,0.0,0.0,0.0,50446831.0
20260319,920748,路桥信息,0.0,3886965.0,0.0,0.0,0.0,3886965.0
20260319,920751,惠同新材,683943.0,26635962.0,0.0,0.0,0.0,26635962.0
20260319,920753,天纺标,1745503.0,10525635.0,0.0,0.0,0.0,10525635.0
20260319,920765,美之高,1368441.0,7542096.0,0.0,0.0,0.0,7542096.0
20260319,920768,拾比佰,281456.0,10367899.0,0.0,0.0,0.0,10367899.0
20260319,920770,艾能聚,3793706.0,37628054.0,0.0,0.0,0.0,37628054.0
20260319,920779,武汉蓝电,2633096.0,11671402.0,0.0,0.0,0.0,11671402.0
20260319,920781,瑞奇智造,1722366.0,9384653.0,0.0,0.0,0.0,9384653.0
20260319,920786,骑士乳业,1723995.0,20874494.0,0.0,0.0,0.0,20874494.0
20260319,920790,联迪信息,297142.0,18054828.0,0.0,0.0,0.0,18054828.0
20260319,920792,东和新材,1220743.0,11195649.0,0.0,0.0,0.0,11195649.0
20260319,920799,艾融软件,4630672.0,142580840.0,0.0,0.0,0.0,142580840.0
20260319,920802,保丽洁,148475.0,2620153.0,0.0,0.0,0.0,2620153.0
20260319,920806,云星宇,1045232.0,42406718.0,0.0,0.0,0.0,42406718.0
20260319,920807,奔朗新材,1940617.0,21350801.0,0.0,0.0,0.0,21350801.0
20260319,920808,曙光数创,5848483.0,270042635.0,0.0,0.0,0.0,270042635.0
20260319,920809,安达科技,1565467.0,44418096.0,0.0,0.0,0.0,44418096.0
20260319,920810,春光智能,2491.0,2185002.0,0.0,0.0,0.0,2185002.0
20260319,920819,颖泰生物,503279.0,32112554.0,0.0,0.0,0.0,32112554.0
20260319,920821,则成电子,1443518.0,20286859.0,0.0,0.0,0.0,20286859.0
20260319,920826,盖世食品,810270.0,19417891.0,0.0,0.0,0.0,19417891.0
20260319,920832,齐鲁华信,0.0,9701945.0,0.0,0.0,0.0,9701945.0
20260319,920833,美心翼申,1478920.0,15622488.0,0.0,0.0,0.0,15622488.0
20260319,920834,三维装备,1598888.0,7439090.0,0.0,0.0,0.0,7439090.0
20260319,920837,华原股份,1604136.0,14536317.0,0.0,0.0,0.0,14536317.0
20260319,920839,万通液压,3379590.0,27261470.0,0.0,0.0,0.0,27261470.0
20260319,920855,浙江大农,338368.0,3500278.0,0.0,0.0,0.0,3500278.0
20260319,920856,浩淼科技,491034.0,11586533.0,0.0,0.0,0.0,11586533.0
20260319,920857,泓禧科技,697767.0,5377345.0,0.0,0.0,0.0,5377345.0
20260319,920866,绿亨科技,800417.0,8914739.0,0.0,0.0,0.0,8914739.0
20260319,920870,恒进感应,213612.0,12633061.0,0.0,0.0,0.0,12633061.0
20260319,920871,派特尔,16766.0,8555497.0,0.0,0.0,0.0,8555497.0
20260319,920873,中设咨询,0.0,5298843.0,0.0,0.0,0.0,5298843.0
20260319,920876,慧为智能,666686.0,10116363.0,0.0,0.0,0.0,10116363.0
20260319,920879,基康技术,1376349.0,23397698.0,0.0,0.0,0.0,23397698.0
20260319,920885,星辰科技,1634759.0,35232650.0,0.0,0.0,0.0,35232650.0
20260319,920892,广咨国际,258242.0,4481266.0,0.0,0.0,0.0,4481266.0
20260319,920895,花溪科技,171671.0,1915205.0,0.0,0.0,0.0,1915205.0
20260319,920896,旺成科技,906128.0,7483694.0,0.0,0.0,0.0,7483694.0
20260319,920906,舜宇精工,158594.0,7953260.0,0.0,0.0,0.0,7953260.0
20260319,920914,远航精密,402833.0,41277358.0,0.0,0.0,0.0,41277358.0
20260319,920924,广脉科技,1606855.0,20322141.0,0.0,0.0,0.0,20322141.0
20260319,920925,锦好医疗,414585.0,15783716.0,0.0,0.0,0.0,15783716.0
20260319,920926,鸿智科技,450211.0,8026813.0,0.0,0.0,0.0,8026813.0
20260319,920931,无锡鼎邦,773757.0,5423778.0,0.0,0.0,0.0,5423778.0
20260319,920932,科达自控,364585.0,22406368.0,0.0,0.0,0.0,22406368.0
20260319,920942,恒立钻具,1015886.0,26792050.0,0.0,0.0,0.0,26792050.0
20260319,920943,优机股份,169806.0,17256822.0,0.0,0.0,0.0,17256822.0
20260319,920946,森萱医药,446324.0,23663974.0,1000.0,7150.0,72430.0,23736404.0
20260319,920950,迅安科技,544267.0,2108251.0,0.0,0.0,0.0,2108251.0
20260319,920953,国子软件,2280949.0,41378710.0,0.0,0.0,0.0,41378710.0
20260319,920957,汉维科技,95673.0,1053933.0,0.0,0.0,0.0,1053933.0
20260319,920961,创远信科,1423317.0,48214415.0,0.0,0.0,0.0,48214415.0
20260319,920964,润农节水,489342.0,24745626.0,0.0,0.0,0.0,24745626.0
20260319,920970,大禹生物,14150.0,1966223.0,0.0,0.0,0.0,1966223.0
20260319,920971,天马新材,2720351.0,46852837.0,0.0,0.0,0.0,46852837.0
20260319,920974,凯大催化,68614.0,4605208.0,0.0,0.0,0.0,4605208.0
20260319,920976,视声智能,725767.0,28481849.0,0.0,0.0,0.0,28481849.0
20260319,920978,开特股份,3467592.0,68991598.0,0.0,0.0,0.0,68991598.0
20260319,920981,晶赛科技,1342182.0,15449929.0,0.0,0.0,0.0,15449929.0
20260319,920982,锦波生物,12916989.0,361922724.0,0.0,0.0,0.0,361922724.0
20260319,920985,海泰新能,1698155.0,23360256.0,0.0,0.0,0.0,23360256.0
20260319,920992,中科美菱,340018.0,8508846.0,0.0,0.0,0.0,8508846.0
20260319,日期：2026-03-19,,,,,,,
20260302,920000,安徽凤凰,968518.0,10239129.0,0.0,0.0,0.0,10239129.0
20260302,920001,纬达光电,286754.0,16980549.0,0.0,0.0,0.0,16980549.0
20260302,920002,万达轴承,5413585.0,53178646.0,0.0,0.0,0.0,53178646.0
20260302,920003,中诚咨询,44182.0,4345424.0,0.0,0.0,0.0,4345424.0
20260302,920005,鼎佳精密,1474517.0,14860521.0,0.0,0.0,0.0,14860521.0
20260302,920006,晟楠科技,3418046.0,14362973.0,0.0,0.0,0.0,14362973.0
20260302,920007,酉立智能,1372645.0,10978563.0,0.0,0.0,0.0,10978563.0
20260302,920008,成电光信,8046015.0,21603957.0,0.0,0.0,0.0,21603957.0
20260302,920009,丹娜生物,353747.0,6049789.0,0.0,0.0,0.0,6049789.0
20260302,920010,凯添燃气,12590805.0,29365270.0,0.0,0.0,0.0,29365270.0
20260302,920014,特瑞斯,4649300.0,8889374.0,0.0,0.0,0.0,8889374.0
20260302,920015,锦华新材,3090243.0,36921089.0,0.0,0.0,0.0,36921089.0
20260302,920016,中草香料,840124.0,7090040.0,0.0,0.0,0.0,7090040.0
20260302,920017,星昊医药,1376912.0,43556025.0,0.0,0.0,0.0,43556025.0
20260302,920018,宏远股份,3037330.0,34787625.0,0.0,0.0,0.0,34787625.0
20260302,920019,铜冠矿建,10926578.0,43650468.0,0.0,0.0,0.0,43650468.0
20260302,920020,泰凯英,447379.0,20655248.0,0.0,0.0,0.0,20655248.0
20260302,920021,流金科技,12387497.0,64856007.0,0.0,0.0,0.0,64856007.0
20260302,920022,世昌股份,772194.0,3429552.0,0.0,0.0,0.0,3429552.0
20260302,920023,田野股份,73631.0,7605936.0,0.0,0.0,0.0,7605936.0
20260302,920026,卓兆点胶,374978.0,12550559.0,0.0,0.0,0.0,12550559.0
20260302,920027,交大铁发,224635.0,7682145.0,0.0,0.0,0.0,7682145.0
20260302,920029,开发科技,5401309.0,85047124.0,0.0,0.0,0.0,85047124.0
20260302,920030,德众汽车,1443375.0,13972251.0,0.0,0.0,0.0,13972251.0
20260302,920033,康普化学,2155792.0,17984444.0,0.0,0.0,0.0,17984444.0
20260302,920035,精创电气,524026.0,7042963.0,0.0,0.0,0.0,7042963.0
20260302,920037,广信科技,7466619.0,55393040.0,0.0,0.0,0.0,55393040.0
20260302,920039,国义招标,494276.0,15990259.0,0.0,0.0,0.0,15990259.0
20260302,920045,蘅东光,30119889.0,135267140.0,0.0,0.0,0.0,135267140.0
20260302,920046,亿能电力,8130173.0,19681793.0,0.0,0.0,0.0,19681793.0
20260302,920047,诺思兰德,924501.0,35876712.0,7764.0,8264.0,183461.0,36060173.0
20260302,920050,爱舍伦,846779.0,5773012.0,0.0,0.0,0.0,5773012.0
20260302,920056,能之光,1255446.0,18612418.0,0.0,0.0,0.0,18612418.0
20260302,920057,百甲科技,1004513.0,4452886.0,0.0,0.0,0.0,4452886.0
20260302,920058,华洋赛车,710508.0,7008207.0,0.0,0.0,0.0,7008207.0
20260302,920060,万源通,8364894.0,71504163.0,0.0,0.0,0.0,71504163.0
20260302,920061,西磁科技,1778860.0,12474468.0,0.0,0.0,0.0,12474468.0
20260302,920062,科润智控,4127046.0,38964377.0,0.0,0.0,0.0,38964377.0
20260302,920066,科拜尔,1156889.0,12058314.0,0.0,0.0,0.0,12058314.0
20260302,920068,天工股份,3401495.0,32932470.0,0.0,0.0,0.0,32932470.0
20260302,920075,柏星龙,1844924.0,14619835.0,0.0,0.0,0.0,14619835.0
20260302,920076,国亮新材,1540911.0,5905276.0,0.0,0.0,0.0,5905276.0
20260302,920077,吉林碳谷,8523435.0,109085982.0,0.0,0.0,0.0,109085982.0
20260302,920080,奥美森,1389029.0,11519652.0,0.0,0.0,0.0,11519652.0
20260302,920082,方正阀门,743354.0,9365919.0,0.0,0.0,0.0,9365919.0
20260302,920086,科马材料,2016935.0,13843608.0,0.0,0.0,0.0,13843608.0
20260302,920087,秋乐种业,10989645.0,25098572.0,0.0,0.0,0.0,25098572.0
20260302,920088,科力股份,21232654.0,51314571.0,0.0,0.0,0.0,51314571.0
20260302,920089,禾昌聚合,2214332.0,43737846.0,0.0,0.0,0.0,43737846.0
20260302,920090,同辉信息,339054.0,4196140.0,0.0,0.0,0.0,4196140.0
20260302,920091,大鹏工业,1698995.0,20372439.0,0.0,0.0,0.0,20372439.0
20260302,920092,汉鑫科技,2896356.0,23344249.0,0.0,0.0,0.0,23344249.0
20260302,920098,科隆新材,2014318.0,32702958.0,0.0,0.0,0.0,32702958.0
20260302,920099,瑞华技术,6099324.0,20890404.0,0.0,0.0,0.0,20890404.0
20260302,920100,三协电机,2200570.0,20956686.0,0.0,0.0,0.0,20956686.0
20260302,920101,志高机械,3315204.0,24104869.0,0.0,0.0,0.0,24104869.0
20260302,920106,林泰新材,2279457.0,36496022.0,0.0,0.0,0.0,36496022.0
20260302,920108,宏海科技,502839.0,9320450.0,0.0,0.0,0.0,9320450.0
20260302,920110,雷特科技,68383.0,2450558.0,0.0,0.0,0.0,2450558.0
20260302,920111,聚星科技,492093.0,29096954.0,0.0,0.0,0.0,29096954.0
20260302,920112,巴兰仕,442699.0,8409643.0,0.0,0.0,0.0,8409643.0
20260302,920116,星图测控,35103191.0,161457748.0,0.0,0.0,0.0,161457748.0
20260302,920118,太湖远大,1021864.0,6716141.0,0.0,0.0,0.0,6716141.0
20260302,920119,美德乐,3501321.0,18247702.0,0.0,0.0,0.0,18247702.0
20260302,920121,江天科技,5621103.0,10407167.0,0.0,0.0,0.0,10407167.0
20260302,920122,中纺标,2105794.0,12260633.0,0.0,0.0,0.0,12260633.0
20260302,920123,芭薇股份,1949480.0,10761270.0,0.0,0.0,0.0,10761270.0
20260302,920124,南特科技,884052.0,16864561.0,0.0,0.0,0.0,16864561.0
20260302,920128,胜业电气,1041979.0,16121039.0,0.0,0.0,0.0,16121039.0
20260302,920130,立方控股,789908.0,14546108.0,0.0,0.0,0.0,14546108.0
20260302,920132,泰鹏智能,1915084.0,2482010.0,0.0,0.0,0.0,2482010.0
20260302,920139,华岭股份,2825469.0,61197410.0,0.0,0.0,0.0,61197410.0
20260302,920145,恒合股份,210007.0,2170803.0,0.0,0.0,0.0,2170803.0
20260302,920146,华阳变速,296875.0,5085363.0,0.0,0.0,0.0,5085363.0
20260302,920149,旭杰科技,1057453.0,5463843.0,0.0,0.0,0.0,5463843.0
20260302,920152,昆工科技,790410.0,23030857.0,0.0,0.0,0.0,23030857.0
20260302,920158,长江能科,3477132.0,4805197.0,0.0,0.0,0.0,4805197.0
20260302,920159,农大科技,1120165.0,5777418.0,0.0,0.0,0.0,5777418.0
20260302,920160,北矿检测,2239770.0,15436786.0,0.0,0.0,0.0,15436786.0
20260302,920163,方大新材,467710.0,3953041.0,0.0,0.0,0.0,3953041.0
20260302,920166,海圣医疗,1484652.0,1680103.0,0.0,0.0,0.0,1680103.0
20260302,920167,同享科技,4001388.0,22650265.0,0.0,0.0,0.0,22650265.0
20260302,920168,通宝光电,4366134.0,7649924.0,0.0,0.0,0.0,7649924.0
20260302,920169,七丰精工,4855966.0,17591538.0,0.0,0.0,0.0,17591538.0
20260302,920171,志晟信息,861753.0,11353140.0,0.0,0.0,0.0,11353140.0
20260302,920174,五新隧装,2481599.0,55348579.0,0.0,0.0,0.0,55348579.0
20260302,920175,东方碳素,113440.0,5559547.0,0.0,0.0,0.0,5559547.0
20260302,920179,凯德石英,12263606.0,120833550.0,0.0,0.0,0.0,120833550.0
20260302,920180,爱得科技,985885.0,7201294.0,0.0,0.0,0.0,7201294.0
20260302,920184,国源科技,1372303.0,26147889.0,0.0,0.0,0.0,26147889.0
20260302,920185,贝特瑞,9910899.0,292300387.0,0.0,0.0,0.0,292300387.0
20260302,920190,雷神科技,5352548.0,52117505.0,0.0,0.0,0.0,52117505.0
20260302,920195,三祥科技,1212731.0,15258725.0,0.0,0.0,0.0,15258725.0
20260302,920198,微创光电,182878.0,5602808.0,0.0,0.0,0.0,5602808.0
20260302,920199,倍益康,2923450.0,22867353.0,0.0,0.0,0.0,22867353.0
20260302,920204,沪江材料,2667720.0,14903881.0,0.0,0.0,0.0,14903881.0
20260302,920207,众诚科技,3241267.0,13178059.0,0.0,0.0,0.0,13178059.0
20260302,920208,青矩技术,1025930.0,20447902.0,0.0,0.0,0.0,20447902.0
20260302,920212,智新电子,1213837.0,4473320.0,0.0,0.0,0.0,4473320.0
20260302,920221,易实精密,1593714.0,7429023.0,0.0,0.0,0.0,7429023.0
20260302,920223,荣亿精密,628675.0,14433380.0,0.0,0.0,0.0,14433380.0
20260302,920225,利通科技,9095604.0,83053320.0,0.0,0.0,0.0,83053320.0
20260302,920227,美登科技,1374709.0,31452760.0,0.0,0.0,0.0,31452760.0
20260302,920230,欧康医药,1136146.0,4572073.0,0.0,0.0,0.0,4572073.0
20260302,920237,力佳科技,2539015.0,13104664.0,0.0,0.0,0.0,13104664.0
20260302,920239,长虹能源,11256252.0,86074983.0,0.0,0.0,0.0,86074983.0
20260302,920242,建邦科技,2379574.0,12132241.0,0.0,0.0,0.0,12132241.0
20260302,920245,威博液压,108172.0,7143977.0,0.0,0.0,0.0,7143977.0
20260302,920247,华密新材,5627979.0,26641723.0,0.0,0.0,0.0,26641723.0
20260302,920249,利尔达,2609450.0,33044117.0,0.0,0.0,0.0,33044117.0
20260302,920252,天宏锂电,1620792.0,31010468.0,0.0,0.0,0.0,31010468.0
20260302,920260,中寰股份,1877489.0,10288657.0,0.0,0.0,0.0,10288657.0
20260302,920261,一诺威,1790550.0,23150640.0,0.0,0.0,0.0,23150640.0
20260302,920262,太湖雪,575442.0,5143535.0,0.0,0.0,0.0,5143535.0
20260302,920263,中航泰达,877893.0,10424468.0,0.0,0.0,0.0,10424468.0
20260302,920266,生物谷,153189.0,6600364.0,0.0,0.0,0.0,6600364.0
20260302,920267,鑫汇科,1334693.0,5026711.0,0.0,0.0,0.0,5026711.0
20260302,920270,天铭科技,7508489.0,19281551.0,0.0,0.0,0.0,19281551.0
20260302,920271,邦德股份,918033.0,12838947.0,0.0,0.0,0.0,12838947.0
20260302,920273,一致魔芋,2286589.0,24489540.0,0.0,0.0,0.0,24489540.0
20260302,920274,宏裕包材,2070861.0,14926113.0,0.0,0.0,0.0,14926113.0
20260302,920275,驱动力,1103712.0,9288750.0,0.0,0.0,0.0,9288750.0
20260302,920278,鹿得医疗,1207442.0,16634068.0,0.0,0.0,0.0,16634068.0
20260302,920284,灵鸽科技,2375237.0,31829306.0,0.0,0.0,0.0,31829306.0
20260302,920299,灿能电力,6267138.0,18432814.0,0.0,0.0,0.0,18432814.0
20260302,920300,辰光医疗,140231.0,18061604.0,0.0,0.0,0.0,18061604.0
20260302,920304,迪尔化工,2319623.0,12960140.0,0.0,0.0,0.0,12960140.0
20260302,920339,恒太照明,1055822.0,7275148.0,0.0,0.0,0.0,7275148.0
20260302,920344,三元基因,825553.0,16058618.0,0.0,0.0,0.0,16058618.0
20260302,920346,威贸电子,1089136.0,22854563.0,0.0,0.0,0.0,22854563.0
20260302,920351,华光源海,5085256.0,10257696.0,0.0,0.0,0.0,10257696.0
20260302,920357,雅葆轩,1699753.0,11163002.0,0.0,0.0,0.0,11163002.0
20260302,920363,莱赛激光,1050027.0,10794185.0,0.0,0.0,0.0,10794185.0
20260302,920367,新赣江,504242.0,10893745.0,0.0,0.0,0.0,10893745.0
20260302,920368,连城数控,105505864.0,337503303.0,0.0,3200.0,162272.0,337665575.0
20260302,920370,新安洁,1309900.0,2971351.0,0.0,0.0,0.0,2971351.0
20260302,920371,欧福蛋业,813661.0,11407397.0,0.0,0.0,0.0,11407397.0
20260302,920374,云里物里,538789.0,22177349.0,0.0,0.0,0.0,22177349.0
20260302,920375,派诺科技,2063589.0,12172866.0,0.0,0.0,0.0,12172866.0
20260302,920378,泰德股份,797238.0,27065544.0,0.0,0.0,0.0,27065544.0
20260302,920392,佳合科技,1634117.0,10859102.0,0.0,0.0,0.0,10859102.0
20260302,920394,民士达,3827071.0,63728198.0,0.0,0.0,0.0,63728198.0
20260302,920395,朗鸿科技,889335.0,31643984.0,0.0,0.0,0.0,31643984.0
20260302,920396,常辅股份,4933314.0,23200545.0,0.0,0.0,0.0,23200545.0
20260302,920402,硅烷科技,5484102.0,64278520.0,0.0,0.0,0.0,64278520.0
20260302,920403,康农种业,3790976.0,8578449.0,0.0,0.0,0.0,8578449.0
20260302,920405,海希通讯,2632667.0,108399949.0,0.0,0.0,0.0,108399949.0
20260302,920407,驰诚股份,1521286.0,8485554.0,0.0,0.0,0.0,8485554.0
20260302,920414,欧普泰,371154.0,4996252.0,0.0,0.0,0.0,4996252.0
20260302,920415,恒拓开源,1895879.0,22792245.0,0.0,0.0,0.0,22792245.0
20260302,920418,苏轴股份,4741992.0,63309199.0,0.0,0.0,0.0,63309199.0
20260302,920419,路斯股份,797729.0,17965069.0,0.0,0.0,0.0,17965069.0
20260302,920422,润普食品,260523.0,8998594.0,0.0,0.0,0.0,8998594.0
20260302,920425,乐创技术,3022242.0,15737135.0,0.0,0.0,0.0,15737135.0
20260302,920427,华维设计,602337.0,6747689.0,0.0,0.0,0.0,6747689.0
20260302,920429,康比特,788044.0,26942867.0,0.0,0.0,0.0,26942867.0
20260302,920433,大唐药业,575937.0,6841679.0,0.0,0.0,0.0,6841679.0
20260302,920436,大地电气,280018.0,9507025.0,0.0,0.0,0.0,9507025.0
20260302,920438,戈碧迦,14561575.0,118984831.0,0.0,0.0,0.0,118984831.0
20260302,920445,龙竹科技,2482249.0,25162037.0,0.0,0.0,0.0,25162037.0
20260302,920454,同心传动,298562.0,17894913.0,0.0,0.0,0.0,17894913.0
20260302,920455,汇隆活塞,967809.0,5234276.0,0.0,0.0,0.0,5234276.0
20260302,920469,富恒新材,2111081.0,24552445.0,0.0,0.0,0.0,24552445.0
20260302,920471,美邦科技,1541418.0,7502687.0,0.0,0.0,0.0,7502687.0
20260302,920475,三友科技,233470.0,10820204.0,0.0,0.0,0.0,10820204.0
20260302,920476,海能技术,2627144.0,30394238.0,0.0,0.0,0.0,30394238.0
20260302,920478,峆一药业,3213576.0,10941624.0,0.0,0.0,0.0,10941624.0
20260302,920489,佳先股份,802183.0,36131407.0,0.0,0.0,0.0,36131407.0
20260302,920491,奥迪威,7019088.0,132103504.0,0.0,0.0,0.0,132103504.0
20260302,920493,并行科技,24360378.0,194878149.0,0.0,0.0,0.0,194878149.0
20260302,920496,许昌智能,1554606.0,26871132.0,0.0,0.0,0.0,26871132.0
20260302,920504,博迅生物,121336.0,1342622.0,0.0,0.0,0.0,1342622.0
20260302,920505,九菱科技,4777395.0,27028808.0,0.0,0.0,0.0,27028808.0
20260302,920508,殷图网联,137507.0,5635730.0,0.0,0.0,0.0,5635730.0
20260302,920509,同惠电子,2123534.0,35059342.0,0.0,0.0,0.0,35059342.0
20260302,920510,丰光精密,655999.0,19673736.0,0.0,0.0,0.0,19673736.0
20260302,920519,万德股份,1149703.0,7509576.0,0.0,0.0,0.0,7509576.0
20260302,920522,纳科诺尔,10426430.0,155737626.0,0.0,0.0,0.0,155737626.0
20260302,920523,德瑞锂电,1195742.0,70704777.0,0.0,0.0,0.0,70704777.0
20260302,920526,凯华材料,2221488.0,8624593.0,0.0,0.0,0.0,8624593.0
20260302,920527,夜光明,184735.0,4191593.0,0.0,0.0,0.0,4191593.0
20260302,920533,骏创科技,3176027.0,53721514.0,0.0,0.0,0.0,53721514.0
20260302,920541,铁大科技,3118462.0,26785481.0,0.0,0.0,0.0,26785481.0
20260302,920547,无锡晶海,1470186.0,10930915.0,0.0,0.0,0.0,10930915.0
20260302,920553,凯腾精工,1246521.0,5841419.0,0.0,0.0,0.0,5841419.0
20260302,920556,雅达股份,2205371.0,29469049.0,0.0,0.0,0.0,29469049.0
20260302,920564,天润科技,1307767.0,15372613.0,0.0,0.0,0.0,15372613.0
20260302,920566,梓橦宫,4526087.0,32860618.0,0.0,0.0,0.0,32860618.0
20260302,920570,坤博精工,1319273.0,11184121.0,0.0,0.0,0.0,11184121.0
20260302,920571,国航远洋,30944050.0,46634379.0,0.0,0.0,0.0,46634379.0
20260302,920575,康乐卫士,742078.0,12846861.0,0.0,0.0,0.0,12846861.0
20260302,920576,天力复合,13027930.0,62321603.0,0.0,0.0,0.0,62321603.0
20260302,920578,巨能股份,465871.0,14806409.0,0.0,0.0,0.0,14806409.0
20260302,920579,机科股份,803943.0,14766850.0,0.0,0.0,0.0,14766850.0
20260302,920580,科创新材,1230715.0,7068836.0,0.0,0.0,0.0,7068836.0
20260302,920592,华信永道,1660346.0,31551384.0,0.0,0.0,0.0,31551384.0
20260302,920593,鼎智科技,4740786.0,71530636.0,0.0,0.0,0.0,71530636.0
20260302,920599,同力股份,7788267.0,124024815.0,0.0,0.0,0.0,124024815.0
20260302,920608,丰安股份,160859.0,2619681.0,0.0,0.0,0.0,2619681.0
20260302,920627,力王股份,1826537.0,12946122.0,0.0,0.0,0.0,12946122.0
20260302,920634,新威凌,2894358.0,12289656.0,0.0,0.0,0.0,12289656.0
20260302,920639,晨光电缆,2338945.0,32400272.0,0.0,0.0,0.0,32400272.0
20260302,920640,富士达,16261286.0,135226814.0,0.0,0.0,0.0,135226814.0
20260302,920641,格利尔,650315.0,8128754.0,0.0,0.0,0.0,8128754.0
20260302,920642,通易航天,1210705.0,10353704.0,0.0,0.0,0.0,10353704.0
20260302,920651,天罡股份,507577.0,3266849.0,0.0,0.0,0.0,3266849.0
20260302,920656,海昇药业,200794.0,5882507.0,0.0,0.0,0.0,5882507.0
20260302,920662,方盛股份,1748078.0,16839594.0,0.0,0.0,0.0,16839594.0
20260302,920663,明阳科技,1255134.0,10471586.0,0.0,0.0,0.0,10471586.0
20260302,920665,科强股份,1776010.0,14037959.0,0.0,0.0,0.0,14037959.0
20260302,920670,数字人,1526323.0,10619578.0,0.0,0.0,0.0,10619578.0
20260302,920675,秉扬科技,5838852.0,9677260.0,0.0,0.0,0.0,9677260.0
20260302,920679,前进科技,258785.0,6509621.0,0.0,0.0,0.0,6509621.0
20260302,920682,球冠电缆,3856415.0,24693402.0,0.0,0.0,0.0,24693402.0
20260302,920685,新芝生物,613504.0,13675417.0,0.0,0.0,0.0,13675417.0
20260302,920689,克莱特,3916633.0,22827485.0,0.0,0.0,0.0,22827485.0
20260302,920690,捷众科技,1979593.0,21549332.0,0.0,0.0,0.0,21549332.0
20260302,920693,阿为特,590723.0,23005393.0,0.0,0.0,0.0,23005393.0
20260302,920694,中裕科技,3703401.0,12173122.0,0.0,0.0,0.0,12173122.0
20260302,920699,海达尔,1872714.0,63182293.0,0.0,0.0,0.0,63182293.0
20260302,920701,豪声电子,2797077.0,28153593.0,0.0,0.0,0.0,28153593.0
20260302,920703,广厦环能,1321222.0,20850337.0,0.0,0.0,0.0,20850337.0
20260302,920706,铁拓机械,4804787.0,34332641.0,0.0,0.0,0.0,34332641.0
20260302,920717,瑞星股份,308036.0,3727545.0,0.0,0.0,0.0,3727545.0
20260302,920718,合肥高科,169298.0,5573151.0,0.0,0.0,0.0,5573151.0
20260302,920719,宁新新材,444721.0,6300316.0,0.0,0.0,0.0,6300316.0
20260302,920720,吉冈精密,4171428.0,18128769.0,0.0,0.0,0.0,18128769.0
20260302,920725,惠丰钻石,4617101.0,23598015.0,0.0,0.0,0.0,23598015.0
20260302,920726,朱老六,763566.0,12920863.0,0.0,0.0,0.0,12920863.0
20260302,920729,永顺生物,3236250.0,10840976.0,0.0,0.0,0.0,10840976.0
20260302,920735,德源药业,3377144.0,60379861.0,0.0,0.0,0.0,60379861.0
20260302,920748,路桥信息,453277.0,3881066.0,0.0,0.0,0.0,3881066.0
20260302,920751,惠同新材,1343486.0,28031220.0,0.0,0.0,0.0,28031220.0
20260302,920753,天纺标,973744.0,11627090.0,0.0,0.0,0.0,11627090.0
20260302,920765,美之高,1476662.0,6624653.0,0.0,0.0,0.0,6624653.0
20260302,920768,拾比佰,100488.0,12351574.0,0.0,0.0,0.0,12351574.0
20260302,920770,艾能聚,4050800.0,38545449.0,0.0,0.0,0.0,38545449.0
20260302,920779,武汉蓝电,2062675.0,14009193.0,0.0,0.0,0.0,14009193.0
20260302,920781,瑞奇智造,3377192.0,8030597.0,0.0,0.0,0.0,8030597.0
20260302,920786,骑士乳业,2716246.0,20060158.0,0.0,0.0,0.0,20060158.0
20260302,920790,联迪信息,1084909.0,18967190.0,0.0,0.0,0.0,18967190.0
20260302,920792,东和新材,613052.0,12600516.0,0.0,0.0,0.0,12600516.0
20260302,920799,艾融软件,9116287.0,143129224.0,0.0,0.0,0.0,143129224.0
20260302,920802,保丽洁,792924.0,2396660.0,0.0,0.0,0.0,2396660.0
20260302,920806,云星宇,2376227.0,45276660.0,0.0,0.0,0.0,45276660.0
20260302,920807,奔朗新材,3284962.0,20817642.0,0.0,0.0,0.0,20817642.0
20260302,920808,曙光数创,17249864.0,288270444.0,0.0,0.0,0.0,288270444.0
20260302,920809,安达科技,4732735.0,46762808.0,0.0,0.0,0.0,46762808.0
20260302,920810,春光智能,294274.0,1710344.0,0.0,0.0,0.0,1710344.0
20260302,920819,颖泰生物,320075.0,33574907.0,0.0,0.0,0.0,33574907.0
20260302,920821,则成电子,1681743.0,21147056.0,0.0,0.0,0.0,21147056.0
20260302,920826,盖世食品,2446637.0,21175147.0,0.0,0.0,0.0,21175147.0
20260302,920832,齐鲁华信,1390327.0,7485657.0,0.0,0.0,0.0,7485657.0
20260302,920833,美心翼申,2792900.0,21261166.0,0.0,0.0,0.0,21261166.0
20260302,920834,三维装备,249083.0,6394639.0,0.0,0.0,0.0,6394639.0
20260302,920837,华原股份,1739965.0,16980549.0,0.0,0.0,0.0,16980549.0
20260302,920839,万通液压,3274181.0,27141456.0,0.0,0.0,0.0,27141456.0
20260302,920855,浙江大农,149376.0,3275681.0,0.0,0.0,0.0,3275681.0
20260302,920856,浩淼科技,477639.0,12752772.0,0.0,0.0,0.0,12752772.0
20260302,920857,泓禧科技,1291656.0,5809422.0,0.0,0.0,0.0,5809422.0
20260302,920866,绿亨科技,1681687.0,8625671.0,0.0,0.0,0.0,8625671.0
20260302,920870,恒进感应,467472.0,14278813.0,0.0,0.0,0.0,14278813.0
20260302,920871,派特尔,164254.0,6658784.0,0.0,0.0,0.0,6658784.0
20260302,920873,中设咨询,0.0,5676072.0,0.0,0.0,0.0,5676072.0
20260302,920876,慧为智能,545306.0,9759381.0,0.0,0.0,0.0,9759381.0
20260302,920879,基康技术,2086728.0,24523338.0,0.0,0.0,0.0,24523338.0
20260302,920885,星辰科技,9667828.0,38566877.0,0.0,0.0,0.0,38566877.0
20260302,920892,广咨国际,1830028.0,6934202.0,0.0,0.0,0.0,6934202.0
20260302,920895,花溪科技,185962.0,2027971.0,0.0,0.0,0.0,2027971.0
20260302,920896,旺成科技,457350.0,8988630.0,0.0,0.0,0.0,8988630.0
20260302,920906,舜宇精工,1457873.0,9200639.0,0.0,0.0,0.0,9200639.0
20260302,920914,远航精密,2412045.0,38109116.0,0.0,0.0,0.0,38109116.0
20260302,920924,广脉科技,2990344.0,19750914.0,0.0,0.0,0.0,19750914.0
20260302,920925,锦好医疗,2144677.0,17076815.0,0.0,0.0,0.0,17076815.0
20260302,920926,鸿智科技,1296755.0,6747889.0,0.0,0.0,0.0,6747889.0
20260302,920931,无锡鼎邦,1310493.0,3985183.0,0.0,0.0,0.0,3985183.0
20260302,920932,科达自控,1819424.0,26349045.0,0.0,0.0,0.0,26349045.0
20260302,920942,恒立钻具,1891944.0,26539164.0,0.0,0.0,0.0,26539164.0
20260302,920943,优机股份,3440462.0,21045063.0,0.0,0.0,0.0,21045063.0
20260302,920946,森萱医药,1115063.0,26212204.0,0.0,0.0,0.0,26212204.0
20260302,920950,迅安科技,819148.0,2612927.0,0.0,0.0,0.0,2612927.0
20260302,920953,国子软件,2530093.0,41932763.0,0.0,0.0,0.0,41932763.0
20260302,920957,汉维科技,628869.0,1351415.0,0.0,0.0,0.0,1351415.0
20260302,920961,创远信科,3323518.0,52825896.0,0.0,0.0,0.0,52825896.0
20260302,920964,润农节水,2706207.0,27325380.0,0.0,0.0,0.0,27325380.0
20260302,920970,大禹生物,68259.0,1372329.0,0.0,0.0,0.0,1372329.0
20260302,920971,天马新材,1484766.0,49837146.0,0.0,0.0,0.0,49837146.0
20260302,920974,凯大催化,512505.0,4942481.0,0.0,0.0,0.0,4942481.0
20260302,920976,视声智能,6460429.0,14625768.0,0.0,0.0,0.0,14625768.0
20260302,920978,开特股份,3704732.0,68377641.0,0.0,0.0,0.0,68377641.0
20260302,920981,晶赛科技,833276.0,17648993.0,0.0,0.0,0.0,17648993.0
20260302,920982,锦波生物,25229292.0,372871334.0,0.0,0.0,0.0,372871334.0
20260302,920985,海泰新能,1102392.0,26495047.0,0.0,0.0,0.0,26495047.0
20260302,920992,中科美菱,2407369.0,8547473.0,0.0,0.0,0.0,8547473.0
20260302,日期：2026-03-02,,,,,,,
20260320,920000,安徽凤凰,1247803.0,10935909.0,0.0,0.0,0.0,10935909.0
20260320,920001,纬达光电,2448694.0,23229943.0,0.0,0.0,0.0,23229943.0
20260320,920002,万达轴承,1024749.0,44097466.0,0.0,0.0,0.0,44097466.0
20260320,920003,中诚咨询,76783.0,4254878.0,0.0,0.0,0.0,4254878.0
20260320,920005,鼎佳精密,445040.0,13985854.0,0.0,0.0,0.0,13985854.0
20260320,920006,晟楠科技,155961.0,11607971.0,0.0,0.0,0.0,11607971.0
20260320,920007,酉立智能,1011221.0,11994768.0,0.0,0.0,0.0,11994768.0
20260320,920008,成电光信,656106.0,16617415.0,0.0,0.0,0.0,16617415.0
20260320,920009,丹娜生物,31293.0,4965630.0,0.0,0.0,0.0,4965630.0
20260320,920010,凯添燃气,11615005.0,32754177.0,0.0,0.0,0.0,32754177.0
20260320,920014,特瑞斯,3847016.0,11140769.0,0.0,0.0,0.0,11140769.0
20260320,920015,锦华新材,2119217.0,31223211.0,0.0,0.0,0.0,31223211.0
20260320,920016,中草香料,109788.0,7801683.0,0.0,0.0,0.0,7801683.0
20260320,920017,星昊医药,1883856.0,45566378.0,0.0,0.0,0.0,45566378.0
20260320,920018,宏远股份,1912215.0,29801530.0,0.0,0.0,0.0,29801530.0
20260320,920019,铜冠矿建,3153982.0,46816548.0,0.0,0.0,0.0,46816548.0
20260320,920020,泰凯英,312240.0,21913102.0,0.0,0.0,0.0,21913102.0
20260320,920021,流金科技,3369830.0,55353537.0,0.0,0.0,0.0,55353537.0
20260320,920022,世昌股份,1187857.0,4933674.0,0.0,0.0,0.0,4933674.0
20260320,920023,田野股份,11940.0,7226097.0,0.0,0.0,0.0,7226097.0
20260320,920026,卓兆点胶,485122.0,17634294.0,0.0,0.0,0.0,17634294.0
20260320,920027,交大铁发,55192.0,8390262.0,0.0,0.0,0.0,8390262.0
20260320,920028,N新恒泰,7569229.0,6805299.0,0.0,0.0,0.0,6805299.0
20260320,920029,开发科技,1751926.0,78164792.0,0.0,0.0,0.0,78164792.0
20260320,920030,德众汽车,753261.0,11983802.0,0.0,0.0,0.0,11983802.0
20260320,920033,康普化学,368637.0,17410920.0,0.0,0.0,0.0,17410920.0
20260320,920035,精创电气,673182.0,7642813.0,0.0,0.0,0.0,7642813.0
20260320,920036,觅睿科技,1675707.0,6244525.0,0.0,0.0,0.0,6244525.0
20260320,920037,广信科技,733851.0,51529695.0,0.0,0.0,0.0,51529695.0
20260320,920039,国义招标,1023640.0,17233665.0,0.0,0.0,0.0,17233665.0
20260320,920045,蘅东光,12763571.0,100948550.0,0.0,0.0,0.0,100948550.0
20260320,920046,亿能电力,4447780.0,20653193.0,0.0,0.0,0.0,20653193.0
20260320,920047,诺思兰德,128153.0,34992972.0,0.0,5000.0,121500.0,35114472.0
20260320,920050,爱舍伦,454880.0,6953378.0,0.0,0.0,0.0,6953378.0
20260320,920056,能之光,191660.0,16279686.0,0.0,0.0,0.0,16279686.0
20260320,920057,百甲科技,19140.0,4251790.0,0.0,0.0,0.0,4251790.0
20260320,920058,华洋赛车,868821.0,6899767.0,0.0,0.0,0.0,6899767.0
20260320,920060,万源通,15374396.0,84238483.0,0.0,0.0,0.0,84238483.0
20260320,920061,西磁科技,343550.0,11118242.0,0.0,0.0,0.0,11118242.0
20260320,920062,科润智控,2618716.0,38160623.0,0.0,0.0,0.0,38160623.0
20260320,920066,科拜尔,422648.0,10880042.0,0.0,0.0,0.0,10880042.0
20260320,920068,天工股份,3023094.0,39686822.0,0.0,0.0,0.0,39686822.0
20260320,920075,柏星龙,803752.0,13902943.0,0.0,0.0,0.0,13902943.0
20260320,920076,国亮新材,137419.0,3900793.0,0.0,0.0,0.0,3900793.0
20260320,920077,吉林碳谷,9777974.0,124895570.0,0.0,0.0,0.0,124895570.0
20260320,920078,族兴新材,6878172.0,6579788.0,0.0,0.0,0.0,6579788.0
20260320,920080,奥美森,219721.0,12044914.0,0.0,0.0,0.0,12044914.0
20260320,920082,方正阀门,244315.0,9069414.0,0.0,0.0,0.0,9069414.0
20260320,920086,科马材料,5111266.0,16087190.0,0.0,0.0,0.0,16087190.0
20260320,920087,秋乐种业,6008601.0,27329171.0,0.0,0.0,0.0,27329171.0
20260320,920088,科力股份,20870104.0,69192175.0,0.0,0.0,0.0,69192175.0
20260320,920089,禾昌聚合,1702665.0,53690810.0,0.0,0.0,0.0,53690810.0
20260320,920090,同辉信息,1490245.0,4877092.0,0.0,0.0,0.0,4877092.0
20260320,920091,大鹏工业,1361053.0,18570821.0,0.0,0.0,0.0,18570821.0
20260320,920092,汉鑫科技,1526715.0,17859161.0,0.0,0.0,0.0,17859161.0
20260320,920098,科隆新材,1069795.0,30837800.0,0.0,0.0,0.0,30837800.0
20260320,920099,瑞华技术,3470123.0,24605700.0,0.0,0.0,0.0,24605700.0
20260320,920100,三协电机,383549.0,18693004.0,0.0,0.0,0.0,18693004.0
20260320,920101,志高机械,507742.0,22036945.0,0.0,0.0,0.0,22036945.0
20260320,920106,林泰新材,959095.0,40107730.0,0.0,0.0,0.0,40107730.0
20260320,920108,宏海科技,350543.0,10643447.0,0.0,0.0,0.0,10643447.0
20260320,920110,雷特科技,99180.0,3025109.0,0.0,0.0,0.0,3025109.0
20260320,920111,聚星科技,547488.0,27127653.0,0.0,0.0,0.0,27127653.0
20260320,920112,巴兰仕,527070.0,7823845.0,0.0,0.0,0.0,7823845.0
20260320,920116,星图测控,10080930.0,139406440.0,0.0,0.0,0.0,139406440.0
20260320,920118,太湖远大,687428.0,7194928.0,0.0,0.0,0.0,7194928.0
20260320,920119,美德乐,1999614.0,18669255.0,0.0,0.0,0.0,18669255.0
20260320,920121,江天科技,380189.0,9741167.0,0.0,0.0,0.0,9741167.0
20260320,920122,中纺标,137672.0,12615377.0,0.0,0.0,0.0,12615377.0
20260320,920123,芭薇股份,877414.0,11111009.0,0.0,0.0,0.0,11111009.0
20260320,920124,南特科技,714549.0,18633166.0,0.0,0.0,0.0,18633166.0
20260320,920128,胜业电气,657822.0,13980462.0,0.0,0.0,0.0,13980462.0
20260320,920130,立方控股,28158.0,13381253.0,0.0,0.0,0.0,13381253.0
20260320,920132,泰鹏智能,822176.0,2085876.0,0.0,0.0,0.0,2085876.0
20260320,920139,华岭股份,877296.0,57633712.0,0.0,0.0,0.0,57633712.0
20260320,920145,恒合股份,0.0,1599740.0,0.0,0.0,0.0,1599740.0
20260320,920146,华阳变速,75335.0,4778699.0,0.0,0.0,0.0,4778699.0
20260320,920149,旭杰科技,779776.0,4842753.0,0.0,0.0,0.0,4842753.0
20260320,920152,昆工科技,111722.0,24341201.0,0.0,0.0,0.0,24341201.0
20260320,920158,长江能科,3421688.0,10908128.0,0.0,0.0,0.0,10908128.0
20260320,920159,农大科技,4822192.0,17633579.0,0.0,0.0,0.0,17633579.0
20260320,920160,北矿检测,929276.0,20351304.0,0.0,0.0,0.0,20351304.0
20260320,920163,方大新材,323250.0,3560363.0,0.0,0.0,0.0,3560363.0
20260320,920166,海圣医疗,839779.0,3685178.0,0.0,0.0,0.0,3685178.0
20260320,920167,同享科技,4436743.0,22287961.0,0.0,0.0,0.0,22287961.0
20260320,920168,通宝光电,1140887.0,5839709.0,0.0,0.0,0.0,5839709.0
20260320,920169,七丰精工,495151.0,15402963.0,0.0,0.0,0.0,15402963.0
20260320,920171,志晟信息,372719.0,10980949.0,0.0,0.0,0.0,10980949.0
20260320,920174,五新隧装,1742446.0,55370450.0,0.0,0.0,0.0,55370450.0
20260320,920175,东方碳素,54243.0,5378571.0,0.0,0.0,0.0,5378571.0
20260320,920179,凯德石英,6912048.0,126571653.0,0.0,0.0,0.0,126571653.0
20260320,920180,爱得科技,469418.0,6464857.0,0.0,0.0,0.0,6464857.0
20260320,920183,海菲曼,1347248.0,4725738.0,0.0,0.0,0.0,4725738.0
20260320,920184,国源科技,701207.0,24805962.0,0.0,0.0,0.0,24805962.0
20260320,920185,贝特瑞,25388676.0,285318501.0,0.0,0.0,0.0,285318501.0
20260320,920187,通领科技,1024256.0,10145539.0,0.0,0.0,0.0,10145539.0
20260320,920190,雷神科技,1534985.0,49219004.0,0.0,0.0,0.0,49219004.0
20260320,920195,三祥科技,514983.0,16281868.0,0.0,0.0,0.0,16281868.0
20260320,920198,微创光电,310601.0,6019667.0,0.0,0.0,0.0,6019667.0
20260320,920199,倍益康,1484085.0,24986297.0,0.0,0.0,0.0,24986297.0
20260320,920204,沪江材料,1456023.0,14799666.0,0.0,0.0,0.0,14799666.0
20260320,920207,众诚科技,640926.0,10685491.0,0.0,0.0,0.0,10685491.0
20260320,920208,青矩技术,857081.0,17547144.0,0.0,0.0,0.0,17547144.0
20260320,920212,智新电子,430478.0,4333107.0,0.0,0.0,0.0,4333107.0
20260320,920221,易实精密,1202110.0,7601804.0,0.0,0.0,0.0,7601804.0
20260320,920223,荣亿精密,318066.0,13272893.0,0.0,0.0,0.0,13272893.0
20260320,920225,利通科技,1118532.0,99167545.0,0.0,0.0,0.0,99167545.0
20260320,920227,美登科技,2009682.0,30191567.0,0.0,0.0,0.0,30191567.0
20260320,920230,欧康医药,343689.0,3243435.0,0.0,0.0,0.0,3243435.0
20260320,920237,力佳科技,613234.0,13547336.0,0.0,0.0,0.0,13547336.0
20260320,920239,长虹能源,3161739.0,135940568.0,0.0,0.0,0.0,135940568.0
20260320,920242,建邦科技,374887.0,11547873.0,0.0,0.0,0.0,11547873.0
20260320,920245,威博液压,305128.0,7274430.0,0.0,0.0,0.0,7274430.0
20260320,920247,华密新材,680098.0,22476752.0,0.0,0.0,0.0,22476752.0
20260320,920249,利尔达,618891.0,26046684.0,0.0,0.0,0.0,26046684.0
20260320,920252,天宏锂电,895111.0,30744601.0,0.0,0.0,0.0,30744601.0
20260320,920260,中寰股份,843022.0,8852395.0,0.0,0.0,0.0,8852395.0
20260320,920261,一诺威,317730.0,17106442.0,0.0,0.0,0.0,17106442.0
20260320,920262,太湖雪,506966.0,4628580.0,0.0,0.0,0.0,4628580.0
20260320,920263,中航泰达,911673.0,6689713.0,0.0,0.0,0.0,6689713.0
20260320,920266,生物谷,0.0,5939432.0,0.0,0.0,0.0,5939432.0
20260320,920267,鑫汇科,893513.0,4548571.0,0.0,0.0,0.0,4548571.0
20260320,920270,天铭科技,94300.0,22283374.0,0.0,0.0,0.0,22283374.0
20260320,920271,邦德股份,1138613.0,12294121.0,0.0,0.0,0.0,12294121.0
20260320,920273,一致魔芋,608907.0,23101492.0,0.0,0.0,0.0,23101492.0
20260320,920274,宏裕包材,1914861.0,13860243.0,0.0,0.0,0.0,13860243.0
20260320,920275,驱动力,316026.0,7530151.0,0.0,0.0,0.0,7530151.0
20260320,920278,鹿得医疗,952102.0,10975061.0,0.0,0.0,0.0,10975061.0
20260320,920284,灵鸽科技,697402.0,34017973.0,0.0,0.0,0.0,34017973.0
20260320,920299,灿能电力,2341752.0,21436950.0,0.0,0.0,0.0,21436950.0
20260320,920300,辰光医疗,41836.0,17057432.0,0.0,0.0,0.0,17057432.0
20260320,920304,迪尔化工,1733905.0,11568706.0,0.0,0.0,0.0,11568706.0
20260320,920339,恒太照明,163765.0,7142152.0,0.0,0.0,0.0,7142152.0
20260320,920344,三元基因,18959.0,14668596.0,0.0,0.0,0.0,14668596.0
20260320,920346,威贸电子,978112.0,21772415.0,0.0,0.0,0.0,21772415.0
20260320,920351,华光源海,2176174.0,13546915.0,0.0,0.0,0.0,13546915.0
20260320,920357,雅葆轩,1851800.0,12549656.0,0.0,0.0,0.0,12549656.0
20260320,920363,莱赛激光,56490.0,11871978.0,0.0,0.0,0.0,11871978.0
20260320,920367,新赣江,198251.0,9305005.0,0.0,0.0,0.0,9305005.0
20260320,920368,连城数控,48004704.0,290719561.0,3200.0,3200.0,129280.0,290848841.0
20260320,920370,新安洁,34309.0,2287142.0,0.0,0.0,0.0,2287142.0
20260320,920371,欧福蛋业,911521.0,10774572.0,0.0,0.0,0.0,10774572.0
20260320,920374,云里物里,189176.0,23840825.0,0.0,0.0,0.0,23840825.0
20260320,920375,派诺科技,5563197.0,13371233.0,0.0,0.0,0.0,13371233.0
20260320,920378,泰德股份,113410.0,27917488.0,0.0,0.0,0.0,27917488.0
20260320,920392,佳合科技,230872.0,10092352.0,0.0,0.0,0.0,10092352.0
20260320,920394,民士达,1222683.0,67690510.0,0.0,0.0,0.0,67690510.0
20260320,920395,朗鸿科技,982336.0,25445375.0,0.0,0.0,0.0,25445375.0
20260320,920396,常辅股份,2828201.0,22562653.0,0.0,0.0,0.0,22562653.0
20260320,920402,硅烷科技,1445268.0,62049832.0,0.0,0.0,0.0,62049832.0
20260320,920403,康农种业,4234177.0,14115195.0,0.0,0.0,0.0,14115195.0
20260320,920405,海希通讯,5332710.0,107544046.0,0.0,0.0,0.0,107544046.0
20260320,920407,驰诚股份,285353.0,8552562.0,0.0,0.0,0.0,8552562.0
20260320,920414,欧普泰,467699.0,5212053.0,0.0,0.0,0.0,5212053.0
20260320,920415,恒拓开源,359291.0,22495954.0,0.0,0.0,0.0,22495954.0
20260320,920418,苏轴股份,1178187.0,60538195.0,0.0,0.0,0.0,60538195.0
20260320,920419,路斯股份,537108.0,21366943.0,0.0,0.0,0.0,21366943.0
20260320,920422,润普食品,440229.0,8003683.0,0.0,0.0,0.0,8003683.0
20260320,920425,乐创技术,418272.0,14383776.0,0.0,0.0,0.0,14383776.0
20260320,920427,华维设计,45101.0,5415093.0,0.0,0.0,0.0,5415093.0
20260320,920429,康比特,1513215.0,21953983.0,0.0,0.0,0.0,21953983.0
20260320,920433,大唐药业,227987.0,7160992.0,0.0,0.0,0.0,7160992.0
20260320,920436,大地电气,52743.0,8878003.0,0.0,0.0,0.0,8878003.0
20260320,920438,戈碧迦,3409481.0,96027777.0,0.0,0.0,0.0,96027777.0
20260320,920445,龙竹科技,1441109.0,26934391.0,0.0,0.0,0.0,26934391.0
20260320,920454,同心传动,31768.0,12306991.0,0.0,0.0,0.0,12306991.0
20260320,920455,汇隆活塞,365517.0,6566181.0,0.0,0.0,0.0,6566181.0
20260320,920469,富恒新材,299598.0,23995596.0,0.0,0.0,0.0,23995596.0
20260320,920471,美邦科技,1592262.0,7074738.0,0.0,0.0,0.0,7074738.0
20260320,920475,三友科技,0.0,9490385.0,0.0,0.0,0.0,9490385.0
20260320,920476,海能技术,1562745.0,25934259.0,0.0,0.0,0.0,25934259.0
20260320,920478,峆一药业,1399467.0,9831611.0,0.0,0.0,0.0,9831611.0
20260320,920489,佳先股份,280782.0,34748978.0,0.0,0.0,0.0,34748978.0
20260320,920491,奥迪威,700872.0,141357350.0,0.0,0.0,0.0,141357350.0
20260320,920493,并行科技,15893738.0,197212623.0,0.0,0.0,0.0,197212623.0
20260320,920496,许昌智能,2139174.0,26803269.0,0.0,0.0,0.0,26803269.0
20260320,920504,博迅生物,277917.0,1846694.0,0.0,0.0,0.0,1846694.0
20260320,920505,九菱科技,1799955.0,25441840.0,0.0,0.0,0.0,25441840.0
20260320,920508,殷图网联,4100.0,6307215.0,0.0,0.0,0.0,6307215.0
20260320,920509,同惠电子,1223933.0,31109162.0,0.0,0.0,0.0,31109162.0
20260320,920510,丰光精密,198747.0,18869476.0,0.0,0.0,0.0,18869476.0
20260320,920519,万德股份,553983.0,9297104.0,0.0,0.0,0.0,9297104.0
20260320,920522,纳科诺尔,3248925.0,162962651.0,0.0,0.0,0.0,162962651.0
20260320,920523,德瑞锂电,314040.0,66901348.0,0.0,0.0,0.0,66901348.0
20260320,920526,凯华材料,389782.0,7997471.0,0.0,0.0,0.0,7997471.0
20260320,920527,夜光明,116432.0,4410231.0,0.0,0.0,0.0,4410231.0
20260320,920533,骏创科技,1350992.0,45113699.0,0.0,0.0,0.0,45113699.0
20260320,920541,铁大科技,973000.0,24409095.0,0.0,0.0,0.0,24409095.0
20260320,920547,无锡晶海,809240.0,8777071.0,0.0,0.0,0.0,8777071.0
20260320,920553,凯腾精工,394237.0,5856829.0,0.0,0.0,0.0,5856829.0
20260320,920556,雅达股份,1949239.0,23283677.0,0.0,0.0,0.0,23283677.0
20260320,920564,天润科技,0.0,12475107.0,0.0,0.0,0.0,12475107.0
20260320,920566,梓橦宫,1158158.0,31725238.0,0.0,0.0,0.0,31725238.0
20260320,920570,坤博精工,1589899.0,12415182.0,0.0,0.0,0.0,12415182.0
20260320,920571,国航远洋,11357160.0,60160843.0,0.0,0.0,0.0,60160843.0
20260320,920575,康乐卫士,58733.0,12076552.0,0.0,0.0,0.0,12076552.0
20260320,920576,天力复合,2628247.0,60269755.0,0.0,0.0,0.0,60269755.0
20260320,920578,巨能股份,67877.0,11733922.0,0.0,0.0,0.0,11733922.0
20260320,920579,机科股份,344539.0,18013829.0,0.0,0.0,0.0,18013829.0
20260320,920580,科创新材,576776.0,6577538.0,0.0,0.0,0.0,6577538.0
20260320,920592,华信永道,5724520.0,36858967.0,0.0,0.0,0.0,36858967.0
20260320,920593,鼎智科技,1566974.0,63708841.0,0.0,0.0,0.0,63708841.0
20260320,920599,同力股份,1181385.0,105795960.0,0.0,0.0,0.0,105795960.0
20260320,920608,丰安股份,28425.0,2898410.0,0.0,0.0,0.0,2898410.0
20260320,920627,力王股份,1051431.0,13657181.0,0.0,0.0,0.0,13657181.0
20260320,920634,新威凌,96960.0,9247743.0,0.0,0.0,0.0,9247743.0
20260320,920639,晨光电缆,194240.0,30380015.0,0.0,0.0,0.0,30380015.0
20260320,920640,富士达,2348907.0,116772319.0,0.0,0.0,0.0,116772319.0
20260320,920641,格利尔,2742161.0,7132644.0,0.0,0.0,0.0,7132644.0
20260320,920642,通易航天,0.0,10809942.0,0.0,0.0,0.0,10809942.0
20260320,920651,天罡股份,351551.0,2786316.0,0.0,0.0,0.0,2786316.0
20260320,920656,海昇药业,0.0,5938305.0,0.0,0.0,0.0,5938305.0
20260320,920662,方盛股份,2261659.0,13573837.0,0.0,0.0,0.0,13573837.0
20260320,920663,明阳科技,459866.0,9534997.0,0.0,0.0,0.0,9534997.0
20260320,920665,科强股份,797241.0,13104085.0,0.0,0.0,0.0,13104085.0
20260320,920670,数字人,10117.0,9008690.0,0.0,0.0,0.0,9008690.0
20260320,920675,秉扬科技,1598588.0,12478266.0,0.0,0.0,0.0,12478266.0
20260320,920679,前进科技,593789.0,7516087.0,0.0,0.0,0.0,7516087.0
20260320,920682,球冠电缆,2052340.0,28628860.0,0.0,0.0,0.0,28628860.0
20260320,920685,新芝生物,313620.0,11633754.0,0.0,0.0,0.0,11633754.0
20260320,920689,克莱特,1130646.0,26734696.0,0.0,0.0,0.0,26734696.0
20260320,920690,捷众科技,528621.0,21233722.0,0.0,0.0,0.0,21233722.0
20260320,920693,阿为特,153408.0,24715576.0,0.0,0.0,0.0,24715576.0
20260320,920694,中裕科技,1073450.0,11910772.0,0.0,0.0,0.0,11910772.0
20260320,920699,海达尔,567731.0,62979318.0,0.0,0.0,0.0,62979318.0
20260320,920701,豪声电子,1203864.0,26240254.0,0.0,0.0,0.0,26240254.0
20260320,920703,广厦环能,1233381.0,22909027.0,0.0,0.0,0.0,22909027.0
20260320,920706,铁拓机械,2412283.0,19005729.0,0.0,0.0,0.0,19005729.0
20260320,920717,瑞星股份,1080834.0,2423866.0,0.0,0.0,0.0,2423866.0
20260320,920718,合肥高科,770950.0,5744765.0,0.0,0.0,0.0,5744765.0
20260320,920719,宁新新材,201775.0,6491192.0,0.0,0.0,0.0,6491192.0
20260320,920720,吉冈精密,626498.0,21185147.0,0.0,0.0,0.0,21185147.0
20260320,920725,惠丰钻石,1239491.0,17352069.0,0.0,0.0,0.0,17352069.0
20260320,920726,朱老六,360313.0,11987135.0,0.0,0.0,0.0,11987135.0
20260320,920729,永顺生物,536028.0,18441437.0,0.0,0.0,0.0,18441437.0
20260320,920735,德源药业,2610034.0,49511761.0,0.0,0.0,0.0,49511761.0
20260320,920748,路桥信息,0.0,3863292.0,0.0,0.0,0.0,3863292.0
20260320,920751,惠同新材,496710.0,27034939.0,0.0,0.0,0.0,27034939.0
20260320,920753,天纺标,398000.0,10871059.0,0.0,0.0,0.0,10871059.0
20260320,920765,美之高,460141.0,7409428.0,0.0,0.0,0.0,7409428.0
20260320,920768,拾比佰,1355448.0,11201227.0,0.0,0.0,0.0,11201227.0
20260320,920770,艾能聚,3866728.0,35686377.0,0.0,0.0,0.0,35686377.0
20260320,920779,武汉蓝电,4018266.0,11230011.0,0.0,0.0,0.0,11230011.0
20260320,920781,瑞奇智造,136496.0,7450589.0,0.0,0.0,0.0,7450589.0
20260320,920786,骑士乳业,811223.0,20597651.0,0.0,0.0,0.0,20597651.0
20260320,920790,联迪信息,15943.0,17509441.0,0.0,0.0,0.0,17509441.0
20260320,920792,东和新材,1916186.0,12404464.0,0.0,0.0,0.0,12404464.0
20260320,920799,艾融软件,2586165.0,140537660.0,0.0,0.0,0.0,140537660.0
20260320,920802,保丽洁,13773.0,2570701.0,0.0,0.0,0.0,2570701.0
20260320,920806,云星宇,1056889.0,40947606.0,0.0,0.0,0.0,40947606.0
20260320,920807,奔朗新材,1171051.0,20004219.0,0.0,0.0,0.0,20004219.0
20260320,920808,曙光数创,9199125.0,272780427.0,0.0,0.0,0.0,272780427.0
20260320,920809,安达科技,1831686.0,43294044.0,0.0,0.0,0.0,43294044.0
20260320,920810,春光智能,44910.0,2195260.0,0.0,0.0,0.0,2195260.0
20260320,920819,颖泰生物,351947.0,32151006.0,0.0,0.0,0.0,32151006.0
20260320,920821,则成电子,812705.0,20175791.0,0.0,0.0,0.0,20175791.0
20260320,920826,盖世食品,955362.0,18912189.0,0.0,0.0,0.0,18912189.0
20260320,920832,齐鲁华信,73597.0,9685942.0,0.0,0.0,0.0,9685942.0
20260320,920833,美心翼申,1551958.0,15423911.0,0.0,0.0,0.0,15423911.0
20260320,920834,三维装备,1606896.0,7382778.0,0.0,0.0,0.0,7382778.0
20260320,920837,华原股份,1365502.0,13918587.0,0.0,0.0,0.0,13918587.0
20260320,920839,万通液压,237741.0,27013341.0,0.0,0.0,0.0,27013341.0
20260320,920855,浙江大农,241834.0,3601270.0,0.0,0.0,0.0,3601270.0
20260320,920856,浩淼科技,465368.0,11485072.0,0.0,0.0,0.0,11485072.0
20260320,920857,泓禧科技,417523.0,5647327.0,0.0,0.0,0.0,5647327.0
20260320,920866,绿亨科技,670320.0,8825310.0,0.0,0.0,0.0,8825310.0
20260320,920870,恒进感应,634082.0,13176267.0,0.0,0.0,0.0,13176267.0
20260320,920871,派特尔,27980.0,8521957.0,0.0,0.0,0.0,8521957.0
20260320,920873,中设咨询,17614.0,5313651.0,0.0,0.0,0.0,5313651.0
20260320,920876,慧为智能,541456.0,9995195.0,0.0,0.0,0.0,9995195.0
20260320,920879,基康技术,1510180.0,23907092.0,0.0,0.0,0.0,23907092.0
20260320,920885,星辰科技,836359.0,34281406.0,0.0,0.0,0.0,34281406.0
20260320,920892,广咨国际,694247.0,4871516.0,0.0,0.0,0.0,4871516.0
20260320,920895,花溪科技,29152.0,1908023.0,0.0,0.0,0.0,1908023.0
20260320,920896,旺成科技,997151.0,8067311.0,0.0,0.0,0.0,8067311.0
20260320,920906,舜宇精工,124988.0,7617248.0,0.0,0.0,0.0,7617248.0
20260320,920914,远航精密,248917.0,40521022.0,0.0,0.0,0.0,40521022.0
20260320,920924,广脉科技,2043180.0,20807506.0,0.0,0.0,0.0,20807506.0
20260320,920925,锦好医疗,132492.0,15343708.0,0.0,0.0,0.0,15343708.0
20260320,920926,鸿智科技,680150.0,8291445.0,0.0,0.0,0.0,8291445.0
20260320,920931,无锡鼎邦,787330.0,5570474.0,0.0,0.0,0.0,5570474.0
20260320,920932,科达自控,679807.0,22485240.0,0.0,0.0,0.0,22485240.0
20260320,920942,恒立钻具,1297300.0,26544482.0,0.0,0.0,0.0,26544482.0
20260320,920943,优机股份,495588.0,17581447.0,0.0,0.0,0.0,17581447.0
20260320,920946,森萱医药,522259.0,23440747.0,0.0,6150.0,60947.0,23501694.0
20260320,920950,迅安科技,211701.0,2134335.0,0.0,0.0,0.0,2134335.0
20260320,920953,国子软件,1381458.0,41189907.0,0.0,0.0,0.0,41189907.0
20260320,920957,汉维科技,565434.0,1465693.0,0.0,0.0,0.0,1465693.0
20260320,920961,创远信科,708125.0,47871137.0,0.0,0.0,0.0,47871137.0
20260320,920964,润农节水,99960.0,24580334.0,0.0,0.0,0.0,24580334.0
20260320,920970,大禹生物,5456.0,1967564.0,0.0,0.0,0.0,1967564.0
20260320,920971,天马新材,2389237.0,47565465.0,0.0,0.0,0.0,47565465.0
20260320,920974,凯大催化,0.0,4521631.0,0.0,0.0,0.0,4521631.0
20260320,920976,视声智能,1345774.0,27280248.0,0.0,0.0,0.0,27280248.0
20260320,920978,开特股份,1715315.0,67330223.0,0.0,0.0,0.0,67330223.0
20260320,920981,晶赛科技,950074.0,15021983.0,0.0,0.0,0.0,15021983.0
20260320,920982,锦波生物,7525948.0,364087455.0,0.0,0.0,0.0,364087455.0
20260320,920985,海泰新能,5064103.0,22869745.0,0.0,0.0,0.0,22869745.0
20260320,920992,中科美菱,388374.0,8354447.0,0.0,0.0,0.0,8354447.0
20260320,日期：2026-03-20,,,,,,,
20260323,920000,安徽凤凰,1178102.0,11272243.0,0.0,0.0,0.0,11272243.0
20260323,920001,纬达光电,1531019.0,22243683.0,0.0,0.0,0.0,22243683.0
20260323,920002,万达轴承,4120354.0,45459143.0,0.0,0.0,0.0,45459143.0
20260323,920003,中诚咨询,155815.0,4370420.0,0.0,0.0,0.0,4370420.0
20260323,920005,鼎佳精密,592768.0,14130566.0,0.0,0.0,0.0,14130566.0
20260323,920006,晟楠科技,1144222.0,12617882.0,0.0,0.0,0.0,12617882.0
20260323,920007,酉立智能,1046113.0,12011548.0,0.0,0.0,0.0,12011548.0
20260323,920008,成电光信,843600.0,17068909.0,0.0,0.0,0.0,17068909.0
20260323,920009,丹娜生物,359386.0,5093247.0,0.0,0.0,0.0,5093247.0
20260323,920010,凯添燃气,14743818.0,33193514.0,0.0,0.0,0.0,33193514.0
20260323,920014,特瑞斯,3035014.0,10936104.0,0.0,0.0,0.0,10936104.0
20260323,920015,锦华新材,684644.0,29186801.0,0.0,0.0,0.0,29186801.0
20260323,920016,中草香料,387896.0,7991725.0,0.0,0.0,0.0,7991725.0
20260323,920017,星昊医药,1388239.0,44411280.0,0.0,0.0,0.0,44411280.0
20260323,920018,宏远股份,905706.0,29610911.0,0.0,0.0,0.0,29610911.0
20260323,920019,铜冠矿建,1586100.0,43828084.0,0.0,0.0,0.0,43828084.0
20260323,920020,泰凯英,264505.0,21124835.0,0.0,0.0,0.0,21124835.0
20260323,920021,流金科技,2387926.0,53713854.0,0.0,0.0,0.0,53713854.0
20260323,920022,世昌股份,820803.0,5010863.0,0.0,0.0,0.0,5010863.0
20260323,920023,田野股份,131150.0,7341052.0,0.0,0.0,0.0,7341052.0
20260323,920026,卓兆点胶,65858.0,17456732.0,0.0,0.0,0.0,17456732.0
20260323,920027,交大铁发,132534.0,8360959.0,0.0,0.0,0.0,8360959.0
20260323,920028,新恒泰,3291317.0,5517944.0,0.0,0.0,0.0,5517944.0
20260323,920029,开发科技,3233027.0,79438057.0,0.0,0.0,0.0,79438057.0
20260323,920030,德众汽车,1142110.0,12227909.0,0.0,0.0,0.0,12227909.0
20260323,920033,康普化学,501256.0,17176155.0,0.0,0.0,0.0,17176155.0
20260323,920035,精创电气,191828.0,7332024.0,0.0,0.0,0.0,7332024.0
20260323,920036,觅睿科技,940323.0,5563833.0,0.0,0.0,0.0,5563833.0
20260323,920037,广信科技,2691752.0,51187907.0,0.0,0.0,0.0,51187907.0
20260323,920039,国义招标,362789.0,16818387.0,0.0,0.0,0.0,16818387.0
20260323,920045,蘅东光,16735319.0,104968209.0,0.0,0.0,0.0,104968209.0
20260323,920046,亿能电力,6079905.0,22007297.0,0.0,0.0,0.0,22007297.0
20260323,920047,诺思兰德,47551.0,34932489.0,563.0,3563.0,80132.0,35012621.0
20260323,920050,爱舍伦,687426.0,6670761.0,0.0,0.0,0.0,6670761.0
20260323,920056,能之光,159987.0,15201975.0,0.0,0.0,0.0,15201975.0
20260323,920057,百甲科技,10350.0,4258500.0,0.0,0.0,0.0,4258500.0
20260323,920058,华洋赛车,835281.0,7079232.0,0.0,0.0,0.0,7079232.0
20260323,920060,万源通,10068059.0,80341934.0,0.0,0.0,0.0,80341934.0
20260323,920061,西磁科技,316452.0,11173924.0,0.0,0.0,0.0,11173924.0
20260323,920062,科润智控,3573515.0,38011152.0,0.0,0.0,0.0,38011152.0
20260323,920066,科拜尔,842658.0,11464515.0,0.0,0.0,0.0,11464515.0
20260323,920068,天工股份,2909682.0,39314539.0,0.0,0.0,0.0,39314539.0
20260323,920075,柏星龙,1715898.0,14587349.0,0.0,0.0,0.0,14587349.0
20260323,920076,国亮新材,358522.0,4188355.0,0.0,0.0,0.0,4188355.0
20260323,920077,吉林碳谷,5161705.0,122737041.0,0.0,0.0,0.0,122737041.0
20260323,920078,族兴新材,3037911.0,8282685.0,0.0,0.0,0.0,8282685.0
20260323,920080,奥美森,645367.0,11939874.0,0.0,0.0,0.0,11939874.0
20260323,920082,方正阀门,273092.0,8980439.0,0.0,0.0,0.0,8980439.0
20260323,920086,科马材料,2416402.0,15825761.0,0.0,0.0,0.0,15825761.0
20260323,920087,秋乐种业,3560929.0,27283289.0,0.0,0.0,0.0,27283289.0
20260323,920088,科力股份,24829353.0,72047627.0,0.0,0.0,0.0,72047627.0
20260323,920089,禾昌聚合,2362680.0,54147597.0,0.0,0.0,0.0,54147597.0
20260323,920090,同辉信息,362226.0,5239318.0,0.0,0.0,0.0,5239318.0
20260323,920091,大鹏工业,881971.0,18575642.0,0.0,0.0,0.0,18575642.0
20260323,920092,汉鑫科技,1165290.0,17287879.0,0.0,0.0,0.0,17287879.0
20260323,920098,科隆新材,1395169.0,31963525.0,0.0,0.0,0.0,31963525.0
20260323,920099,瑞华技术,1831537.0,24806414.0,0.0,0.0,0.0,24806414.0
20260323,920100,三协电机,1517750.0,19159547.0,0.0,0.0,0.0,19159547.0
20260323,920101,志高机械,2937742.0,21461804.0,0.0,0.0,0.0,21461804.0
20260323,920106,林泰新材,1686236.0,40289675.0,0.0,0.0,0.0,40289675.0
20260323,920108,宏海科技,413850.0,10663300.0,0.0,0.0,0.0,10663300.0
20260323,920110,雷特科技,628522.0,3622611.0,0.0,0.0,0.0,3622611.0
20260323,920111,聚星科技,2183571.0,27649602.0,0.0,0.0,0.0,27649602.0
20260323,920112,巴兰仕,262210.0,7668754.0,0.0,0.0,0.0,7668754.0
20260323,920116,星图测控,6002274.0,129061911.0,0.0,0.0,0.0,129061911.0
20260323,920118,太湖远大,505234.0,6970729.0,0.0,0.0,0.0,6970729.0
20260323,920119,美德乐,1683849.0,18857943.0,0.0,0.0,0.0,18857943.0
20260323,920121,江天科技,263344.0,9677034.0,0.0,0.0,0.0,9677034.0
20260323,920122,中纺标,204288.0,12789223.0,0.0,0.0,0.0,12789223.0
20260323,920123,芭薇股份,1401347.0,11673514.0,0.0,0.0,0.0,11673514.0
20260323,920124,南特科技,478561.0,16806711.0,0.0,0.0,0.0,16806711.0
20260323,920128,胜业电气,1101122.0,13415573.0,0.0,0.0,0.0,13415573.0
20260323,920130,立方控股,119459.0,13394324.0,0.0,0.0,0.0,13394324.0
20260323,920132,泰鹏智能,264101.0,2223160.0,0.0,0.0,0.0,2223160.0
20260323,920139,华岭股份,1275097.0,57632810.0,0.0,0.0,0.0,57632810.0
20260323,920145,恒合股份,154935.0,1754675.0,0.0,0.0,0.0,1754675.0
20260323,920146,华阳变速,3426.0,4667122.0,0.0,0.0,0.0,4667122.0
20260323,920149,旭杰科技,768752.0,4716508.0,0.0,0.0,0.0,4716508.0
20260323,920152,昆工科技,108974.0,24310975.0,0.0,0.0,0.0,24310975.0
20260323,920158,长江能科,2991083.0,12110338.0,0.0,0.0,0.0,12110338.0
20260323,920159,农大科技,2606217.0,15920605.0,0.0,0.0,0.0,15920605.0
20260323,920160,北矿检测,339945.0,19578136.0,0.0,0.0,0.0,19578136.0
20260323,920163,方大新材,286092.0,3305101.0,0.0,0.0,0.0,3305101.0
20260323,920166,海圣医疗,230322.0,2502136.0,0.0,0.0,0.0,2502136.0
20260323,920167,同享科技,6564713.0,25118464.0,0.0,0.0,0.0,25118464.0
20260323,920168,通宝光电,440327.0,5802580.0,0.0,0.0,0.0,5802580.0
20260323,920169,七丰精工,629222.0,15589111.0,0.0,0.0,0.0,15589111.0
20260323,920171,志晟信息,364997.0,10367426.0,0.0,0.0,0.0,10367426.0
20260323,920174,五新隧装,1837035.0,55425545.0,0.0,0.0,0.0,55425545.0
20260323,920175,东方碳素,12181.0,5247178.0,0.0,0.0,0.0,5247178.0
20260323,920179,凯德石英,11341126.0,83203706.0,0.0,0.0,0.0,83203706.0
20260323,920180,爱得科技,309587.0,4697700.0,0.0,0.0,0.0,4697700.0
20260323,920183,海菲曼,1210002.0,4965190.0,0.0,0.0,0.0,4965190.0
20260323,920184,国源科技,96707.0,24658509.0,0.0,0.0,0.0,24658509.0
20260323,920185,贝特瑞,16807890.0,279921958.0,0.0,0.0,0.0,279921958.0
20260323,920187,通领科技,896900.0,9846177.0,0.0,0.0,0.0,9846177.0
20260323,920190,雷神科技,2378343.0,48605400.0,0.0,0.0,0.0,48605400.0
20260323,920195,三祥科技,1036019.0,16085589.0,0.0,0.0,0.0,16085589.0
20260323,920198,微创光电,21672.0,6009327.0,0.0,0.0,0.0,6009327.0
20260323,920199,倍益康,1946211.0,24412520.0,0.0,0.0,0.0,24412520.0
20260323,920204,沪江材料,724931.0,14544678.0,0.0,0.0,0.0,14544678.0
20260323,920207,众诚科技,546325.0,9630983.0,0.0,0.0,0.0,9630983.0
20260323,920208,青矩技术,1883210.0,18461286.0,0.0,0.0,0.0,18461286.0
20260323,920212,智新电子,574965.0,4072496.0,0.0,0.0,0.0,4072496.0
20260323,920221,易实精密,863165.0,7211736.0,0.0,0.0,0.0,7211736.0
20260323,920223,荣亿精密,1674994.0,13826011.0,0.0,0.0,0.0,13826011.0
20260323,920225,利通科技,12862175.0,111046044.0,0.0,0.0,0.0,111046044.0
20260323,920227,美登科技,1384636.0,30147634.0,0.0,0.0,0.0,30147634.0
20260323,920230,欧康医药,266558.0,3029512.0,0.0,0.0,0.0,3029512.0
20260323,920237,力佳科技,735202.0,13602293.0,0.0,0.0,0.0,13602293.0
20260323,920239,长虹能源,17227575.0,148248752.0,2810.0,2810.0,80928.0,148329680.0
20260323,920242,建邦科技,615203.0,11710200.0,0.0,0.0,0.0,11710200.0
20260323,920245,威博液压,62766.0,6249311.0,0.0,0.0,0.0,6249311.0
20260323,920247,华密新材,1780456.0,22743595.0,0.0,0.0,0.0,22743595.0
20260323,920249,利尔达,626543.0,26214021.0,0.0,0.0,0.0,26214021.0
20260323,920252,天宏锂电,243295.0,30450753.0,0.0,0.0,0.0,30450753.0
20260323,920260,中寰股份,1374103.0,8967802.0,0.0,0.0,0.0,8967802.0
20260323,920261,一诺威,461179.0,17503871.0,0.0,0.0,0.0,17503871.0
20260323,920262,太湖雪,766238.0,4584366.0,0.0,0.0,0.0,4584366.0
20260323,920263,中航泰达,1509142.0,8068901.0,0.0,0.0,0.0,8068901.0
20260323,920266,生物谷,0.0,5932955.0,0.0,0.0,0.0,5932955.0
20260323,920267,鑫汇科,566630.0,4137423.0,0.0,0.0,0.0,4137423.0
20260323,920270,天铭科技,224389.0,18473351.0,0.0,0.0,0.0,18473351.0
20260323,920271,邦德股份,465835.0,12326189.0,0.0,0.0,0.0,12326189.0
20260323,920273,一致魔芋,2008162.0,23682723.0,0.0,0.0,0.0,23682723.0
20260323,920274,宏裕包材,1890418.0,14280129.0,0.0,0.0,0.0,14280129.0
20260323,920275,驱动力,116932.0,7567939.0,0.0,0.0,0.0,7567939.0
20260323,920278,鹿得医疗,1040368.0,10956520.0,0.0,0.0,0.0,10956520.0
20260323,920284,灵鸽科技,615187.0,33783601.0,0.0,0.0,0.0,33783601.0
20260323,920299,灿能电力,2932827.0,22043926.0,0.0,0.0,0.0,22043926.0
20260323,920300,辰光医疗,243365.0,17136800.0,0.0,0.0,0.0,17136800.0
20260323,920304,迪尔化工,1944801.0,11803888.0,0.0,0.0,0.0,11803888.0
20260323,920339,恒太照明,710758.0,7450319.0,0.0,0.0,0.0,7450319.0
20260323,920344,三元基因,45848.0,13945393.0,0.0,0.0,0.0,13945393.0
20260323,920346,威贸电子,618927.0,15468899.0,0.0,0.0,0.0,15468899.0
20260323,920351,华光源海,1427206.0,14149266.0,0.0,0.0,0.0,14149266.0
20260323,920357,雅葆轩,956535.0,11904421.0,0.0,0.0,0.0,11904421.0
20260323,920363,莱赛激光,250857.0,11977293.0,0.0,0.0,0.0,11977293.0
20260323,920367,新赣江,429870.0,6366422.0,0.0,0.0,0.0,6366422.0
20260323,920368,连城数控,28085133.0,281955353.0,0.0,3200.0,130784.0,282086137.0
20260323,920370,新安洁,4697.0,2261480.0,0.0,0.0,0.0,2261480.0
20260323,920371,欧福蛋业,1025009.0,10187164.0,0.0,0.0,0.0,10187164.0
20260323,920374,云里物里,81983.0,23710448.0,0.0,0.0,0.0,23710448.0
20260323,920375,派诺科技,3294631.0,13219088.0,0.0,0.0,0.0,13219088.0
20260323,920378,泰德股份,210254.0,27852927.0,0.0,0.0,0.0,27852927.0
20260323,920392,佳合科技,69497.0,9954600.0,0.0,0.0,0.0,9954600.0
20260323,920394,民士达,2063971.0,66710527.0,0.0,0.0,0.0,66710527.0
20260323,920395,朗鸿科技,218200.0,25428556.0,0.0,0.0,0.0,25428556.0
20260323,920396,常辅股份,2394062.0,22556207.0,0.0,0.0,0.0,22556207.0
20260323,920402,硅烷科技,1036981.0,58476344.0,0.0,0.0,0.0,58476344.0
20260323,920403,康农种业,3458929.0,14778906.0,0.0,0.0,0.0,14778906.0
20260323,920405,海希通讯,3381400.0,97631974.0,0.0,0.0,0.0,97631974.0
20260323,920407,驰诚股份,664149.0,8870746.0,0.0,0.0,0.0,8870746.0
20260323,920414,欧普泰,221198.0,4460134.0,0.0,0.0,0.0,4460134.0
20260323,920415,恒拓开源,354081.0,22536145.0,0.0,0.0,0.0,22536145.0
20260323,920418,苏轴股份,5614368.0,62054415.0,0.0,0.0,0.0,62054415.0
20260323,920419,路斯股份,665109.0,21267391.0,0.0,0.0,0.0,21267391.0
20260323,920422,润普食品,496495.0,8166126.0,0.0,0.0,0.0,8166126.0
20260323,920425,乐创技术,632648.0,14550779.0,0.0,0.0,0.0,14550779.0
20260323,920427,华维设计,92701.0,5219171.0,0.0,0.0,0.0,5219171.0
20260323,920429,康比特,1006091.0,22401309.0,0.0,0.0,0.0,22401309.0
20260323,920433,大唐药业,1993.0,7037336.0,0.0,0.0,0.0,7037336.0
20260323,920436,大地电气,217269.0,8910653.0,0.0,0.0,0.0,8910653.0
20260323,920438,戈碧迦,4361402.0,97406726.0,0.0,0.0,0.0,97406726.0
20260323,920445,龙竹科技,1135380.0,26191614.0,0.0,0.0,0.0,26191614.0
20260323,920454,同心传动,114553.0,12067868.0,0.0,0.0,0.0,12067868.0
20260323,920455,汇隆活塞,245757.0,6319336.0,0.0,0.0,0.0,6319336.0
20260323,920469,富恒新材,230983.0,23683834.0,0.0,0.0,0.0,23683834.0
20260323,920471,美邦科技,1061593.0,6323275.0,0.0,0.0,0.0,6323275.0
20260323,920475,三友科技,0.0,9448488.0,0.0,0.0,0.0,9448488.0
20260323,920476,海能技术,4091242.0,28242072.0,0.0,0.0,0.0,28242072.0
20260323,920478,峆一药业,891871.0,9780095.0,0.0,0.0,0.0,9780095.0
20260323,920489,佳先股份,434209.0,34670814.0,0.0,0.0,0.0,34670814.0
20260323,920491,奥迪威,2015958.0,140664941.0,0.0,0.0,0.0,140664941.0
20260323,920493,并行科技,7752391.0,189400399.0,0.0,0.0,0.0,189400399.0
20260323,920496,许昌智能,2764172.0,26801187.0,0.0,0.0,0.0,26801187.0
20260323,920504,博迅生物,113747.0,1590856.0,0.0,0.0,0.0,1590856.0
20260323,920505,九菱科技,2664399.0,25841550.0,0.0,0.0,0.0,25841550.0
20260323,920508,殷图网联,110834.0,6350584.0,0.0,0.0,0.0,6350584.0
20260323,920509,同惠电子,946384.0,30752963.0,0.0,0.0,0.0,30752963.0
20260323,920510,丰光精密,65428.0,18205690.0,0.0,0.0,0.0,18205690.0
20260323,920519,万德股份,649498.0,9480330.0,0.0,0.0,0.0,9480330.0
20260323,920522,纳科诺尔,8214657.0,155104073.0,0.0,0.0,0.0,155104073.0
20260323,920523,德瑞锂电,1249982.0,65049412.0,0.0,0.0,0.0,65049412.0
20260323,920526,凯华材料,864585.0,8416178.0,0.0,0.0,0.0,8416178.0
20260323,920527,夜光明,73487.0,4347715.0,0.0,0.0,0.0,4347715.0
20260323,920533,骏创科技,1425740.0,45754090.0,0.0,0.0,0.0,45754090.0
20260323,920541,铁大科技,1218294.0,24194043.0,0.0,0.0,0.0,24194043.0
20260323,920547,无锡晶海,710639.0,8611273.0,0.0,0.0,0.0,8611273.0
20260323,920553,凯腾精工,606363.0,5948016.0,0.0,0.0,0.0,5948016.0
20260323,920556,雅达股份,1399629.0,23402406.0,0.0,0.0,0.0,23402406.0
20260323,920564,天润科技,172412.0,12620816.0,0.0,0.0,0.0,12620816.0
20260323,920566,梓橦宫,676582.0,31820552.0,0.0,0.0,0.0,31820552.0
20260323,920570,坤博精工,920556.0,12502888.0,0.0,0.0,0.0,12502888.0
20260323,920571,国航远洋,8074532.0,59663875.0,0.0,0.0,0.0,59663875.0
20260323,920575,康乐卫士,159249.0,12045276.0,0.0,0.0,0.0,12045276.0
20260323,920576,天力复合,2325210.0,57500794.0,0.0,0.0,0.0,57500794.0
20260323,920578,巨能股份,50692.0,11770984.0,0.0,0.0,0.0,11770984.0
20260323,920579,机科股份,607886.0,17335312.0,0.0,0.0,0.0,17335312.0
20260323,920580,科创新材,900903.0,6594454.0,0.0,0.0,0.0,6594454.0
20260323,920592,华信永道,3405637.0,33291199.0,0.0,0.0,0.0,33291199.0
20260323,920593,鼎智科技,2603708.0,63694572.0,0.0,0.0,0.0,63694572.0
20260323,920599,同力股份,2978400.0,103870762.0,0.0,0.0,0.0,103870762.0
20260323,920608,丰安股份,126922.0,2918304.0,0.0,0.0,0.0,2918304.0
20260323,920627,力王股份,753946.0,13420191.0,0.0,0.0,0.0,13420191.0
20260323,920634,新威凌,260345.0,8827872.0,0.0,0.0,0.0,8827872.0
20260323,920639,晨光电缆,52634.0,29574791.0,0.0,0.0,0.0,29574791.0
20260323,920640,富士达,2754971.0,112423617.0,0.0,0.0,0.0,112423617.0
20260323,920641,格利尔,3686671.0,7457107.0,0.0,0.0,0.0,7457107.0
20260323,920642,通易航天,65133.0,10831832.0,0.0,0.0,0.0,10831832.0
20260323,920651,天罡股份,421733.0,2986042.0,0.0,0.0,0.0,2986042.0
20260323,920656,海昇药业,67448.0,5999556.0,0.0,0.0,0.0,5999556.0
20260323,920662,方盛股份,2391888.0,14351441.0,0.0,0.0,0.0,14351441.0
20260323,920663,明阳科技,294966.0,9667470.0,0.0,0.0,0.0,9667470.0
20260323,920665,科强股份,344396.0,13000267.0,0.0,0.0,0.0,13000267.0
20260323,920670,数字人,26682.0,8916550.0,0.0,0.0,0.0,8916550.0
20260323,920675,秉扬科技,987533.0,12490734.0,0.0,0.0,0.0,12490734.0
20260323,920679,前进科技,76009.0,7395709.0,0.0,0.0,0.0,7395709.0
20260323,920682,球冠电缆,1996615.0,29350248.0,0.0,0.0,0.0,29350248.0
20260323,920685,新芝生物,289001.0,11682867.0,0.0,0.0,0.0,11682867.0
20260323,920689,克莱特,1733245.0,26834701.0,0.0,0.0,0.0,26834701.0
20260323,920690,捷众科技,440918.0,21120370.0,0.0,0.0,0.0,21120370.0
20260323,920693,阿为特,1287441.0,25100804.0,0.0,0.0,0.0,25100804.0
20260323,920694,中裕科技,1349237.0,10568024.0,0.0,0.0,0.0,10568024.0
20260323,920699,海达尔,919401.0,63064012.0,0.0,0.0,0.0,63064012.0
20260323,920701,豪声电子,1241232.0,26264417.0,0.0,0.0,0.0,26264417.0
20260323,920703,广厦环能,3331940.0,24902537.0,0.0,0.0,0.0,24902537.0
20260323,920706,铁拓机械,2144767.0,18494117.0,0.0,0.0,0.0,18494117.0
20260323,920717,瑞星股份,1051420.0,2564245.0,0.0,0.0,0.0,2564245.0
20260323,920718,合肥高科,181168.0,5501718.0,0.0,0.0,0.0,5501718.0
20260323,920719,宁新新材,314870.0,6555068.0,0.0,0.0,0.0,6555068.0
20260323,920720,吉冈精密,492241.0,19844422.0,0.0,0.0,0.0,19844422.0
20260323,920725,惠丰钻石,935619.0,17144281.0,0.0,0.0,0.0,17144281.0
20260323,920726,朱老六,66271.0,11375057.0,0.0,0.0,0.0,11375057.0
20260323,920729,永顺生物,238169.0,18282821.0,0.0,0.0,0.0,18282821.0
20260323,920735,德源药业,2253046.0,49057862.0,0.0,0.0,0.0,49057862.0
20260323,920748,路桥信息,592025.0,4428710.0,0.0,0.0,0.0,4428710.0
20260323,920751,惠同新材,392306.0,27342659.0,0.0,0.0,0.0,27342659.0
20260323,920753,天纺标,673083.0,10275895.0,0.0,0.0,0.0,10275895.0
20260323,920765,美之高,1091952.0,7555749.0,0.0,0.0,0.0,7555749.0
20260323,920768,拾比佰,108082.0,11180796.0,0.0,0.0,0.0,11180796.0
20260323,920770,艾能聚,3542044.0,34765545.0,0.0,0.0,0.0,34765545.0
20260323,920779,武汉蓝电,2323940.0,10748423.0,0.0,0.0,0.0,10748423.0
20260323,920781,瑞奇智造,96203.0,7236681.0,0.0,0.0,0.0,7236681.0
20260323,920786,骑士乳业,709479.0,20196116.0,0.0,0.0,0.0,20196116.0
20260323,920790,联迪信息,250383.0,17501331.0,0.0,0.0,0.0,17501331.0
20260323,920792,东和新材,613395.0,11901604.0,0.0,0.0,0.0,11901604.0
20260323,920799,艾融软件,5537593.0,143140087.0,0.0,0.0,0.0,143140087.0
20260323,920802,保丽洁,347819.0,2898167.0,0.0,0.0,0.0,2898167.0
20260323,920806,云星宇,1617917.0,40740929.0,0.0,0.0,0.0,40740929.0
20260323,920807,奔朗新材,1034605.0,19432084.0,0.0,0.0,0.0,19432084.0
20260323,920808,曙光数创,13227266.0,277217883.0,0.0,0.0,0.0,277217883.0
20260323,920809,安达科技,1510527.0,42696589.0,0.0,0.0,0.0,42696589.0
20260323,920810,春光智能,0.0,2153935.0,0.0,0.0,0.0,2153935.0
20260323,920819,颖泰生物,276087.0,32197079.0,0.0,0.0,0.0,32197079.0
20260323,920821,则成电子,851231.0,19788781.0,0.0,0.0,0.0,19788781.0
20260323,920826,盖世食品,1430552.0,18226797.0,0.0,0.0,0.0,18226797.0
20260323,920832,齐鲁华信,117942.0,9418655.0,0.0,0.0,0.0,9418655.0
20260323,920833,美心翼申,1425411.0,16076179.0,0.0,0.0,0.0,16076179.0
20260323,920834,三维装备,503607.0,7479180.0,0.0,0.0,0.0,7479180.0
20260323,920837,华原股份,1057599.0,14049758.0,0.0,0.0,0.0,14049758.0
20260323,920839,万通液压,1378517.0,26892542.0,0.0,0.0,0.0,26892542.0
20260323,920855,浙江大农,444462.0,3970292.0,0.0,0.0,0.0,3970292.0
20260323,920856,浩淼科技,453287.0,11744588.0,0.0,0.0,0.0,11744588.0
20260323,920857,泓禧科技,517685.0,5550150.0,0.0,0.0,0.0,5550150.0
20260323,920866,绿亨科技,821221.0,8980425.0,0.0,0.0,0.0,8980425.0
20260323,920870,恒进感应,202257.0,12692706.0,0.0,0.0,0.0,12692706.0
20260323,920871,派特尔,20935.0,8502979.0,0.0,0.0,0.0,8502979.0
20260323,920873,中设咨询,0.0,5313651.0,0.0,0.0,0.0,5313651.0
20260323,920876,慧为智能,440587.0,10285671.0,0.0,0.0,0.0,10285671.0
20260323,920879,基康技术,1142646.0,23637245.0,0.0,0.0,0.0,23637245.0
20260323,920885,星辰科技,1027553.0,34168680.0,0.0,0.0,0.0,34168680.0
20260323,920892,广咨国际,557868.0,4906025.0,0.0,0.0,0.0,4906025.0
20260323,920895,花溪科技,3356.0,1864926.0,0.0,0.0,0.0,1864926.0
20260323,920896,旺成科技,437537.0,7508065.0,0.0,0.0,0.0,7508065.0
20260323,920906,舜宇精工,214463.0,7369126.0,0.0,0.0,0.0,7369126.0
20260323,920914,远航精密,698039.0,40143296.0,0.0,0.0,0.0,40143296.0
20260323,920924,广脉科技,1816624.0,19448436.0,0.0,0.0,0.0,19448436.0
20260323,920925,锦好医疗,2502160.0,15579464.0,0.0,0.0,0.0,15579464.0
20260323,920926,鸿智科技,934024.0,8230201.0,0.0,0.0,0.0,8230201.0
20260323,920931,无锡鼎邦,815613.0,5030456.0,0.0,0.0,0.0,5030456.0
20260323,920932,科达自控,484157.0,21853270.0,0.0,0.0,0.0,21853270.0
20260323,920942,恒立钻具,1618651.0,26430875.0,0.0,0.0,0.0,26430875.0
20260323,920943,优机股份,490046.0,17137533.0,0.0,0.0,0.0,17137533.0
20260323,920946,森萱医药,1155004.0,22575356.0,0.0,6150.0,55904.0,22631260.0
20260323,920950,迅安科技,496249.0,2109760.0,0.0,0.0,0.0,2109760.0
20260323,920953,国子软件,1149457.0,40545932.0,0.0,0.0,0.0,40545932.0
20260323,920957,汉维科技,446463.0,1227592.0,0.0,0.0,0.0,1227592.0
20260323,920961,创远信科,2249317.0,48795687.0,0.0,0.0,0.0,48795687.0
20260323,920964,润农节水,363016.0,24623820.0,0.0,0.0,0.0,24623820.0
20260323,920970,大禹生物,4736.0,1972300.0,0.0,0.0,0.0,1972300.0
20260323,920971,天马新材,1953661.0,46805389.0,0.0,0.0,0.0,46805389.0
20260323,920974,凯大催化,24656.0,4325828.0,0.0,0.0,0.0,4325828.0
20260323,920976,视声智能,5413807.0,30508755.0,0.0,0.0,0.0,30508755.0
20260323,920978,开特股份,3032224.0,68556958.0,0.0,0.0,0.0,68556958.0
20260323,920981,晶赛科技,685993.0,15415322.0,0.0,0.0,0.0,15415322.0
20260323,920982,锦波生物,8217736.0,360306521.0,0.0,0.0,0.0,360306521.0
20260323,920985,海泰新能,3027387.0,21387018.0,0.0,0.0,0.0,21387018.0
20260323,920992,中科美菱,181592.0,8206694.0,0.0,0.0,0.0,8206694.0
20260323,日期：2026-03-23,,,,,,,
20260324,920000,安徽凤凰,844606.0,11301412.0,0.0,0.0,0.0,11301412.0
20260324,920001,纬达光电,1502010.0,22519939.0,0.0,0.0,0.0,22519939.0
20260324,920002,万达轴承,936362.0,44151566.0,0.0,0.0,0.0,44151566.0
20260324,920003,中诚咨询,28111.0,4385512.0,0.0,0.0,0.0,4385512.0
20260324,920005,鼎佳精密,67787.0,13685318.0,0.0,0.0,0.0,13685318.0
20260324,920006,晟楠科技,836692.0,12264455.0,0.0,0.0,0.0,12264455.0
20260324,920007,酉立智能,839683.0,12350695.0,0.0,0.0,0.0,12350695.0
20260324,920008,成电光信,2380309.0,18263455.0,0.0,0.0,0.0,18263455.0
20260324,920009,丹娜生物,112659.0,5012673.0,0.0,0.0,0.0,5012673.0
20260324,920010,凯添燃气,10081154.0,31655173.0,0.0,0.0,0.0,31655173.0
20260324,920014,特瑞斯,3716173.0,12180376.0,0.0,0.0,0.0,12180376.0
20260324,920015,锦华新材,2647983.0,29469863.0,0.0,0.0,0.0,29469863.0
20260324,920016,中草香料,30700.0,7849744.0,0.0,0.0,0.0,7849744.0
20260324,920017,星昊医药,1247367.0,44658399.0,0.0,0.0,0.0,44658399.0
20260324,920018,宏远股份,1689073.0,30029067.0,0.0,0.0,0.0,30029067.0
20260324,920019,铜冠矿建,1445586.0,43749267.0,0.0,0.0,0.0,43749267.0
20260324,920020,泰凯英,84871.0,21117173.0,0.0,0.0,0.0,21117173.0
20260324,920021,流金科技,3528383.0,52614775.0,0.0,0.0,0.0,52614775.0
20260324,920022,世昌股份,708108.0,4911645.0,0.0,0.0,0.0,4911645.0
20260324,920023,田野股份,14121.0,7266383.0,0.0,0.0,0.0,7266383.0
20260324,920026,卓兆点胶,171767.0,17576423.0,0.0,0.0,0.0,17576423.0
20260324,920027,交大铁发,1783.0,8294320.0,0.0,0.0,0.0,8294320.0
20260324,920028,新恒泰,3398165.0,6681016.0,0.0,0.0,0.0,6681016.0
20260324,920029,开发科技,1744529.0,78916581.0,0.0,0.0,0.0,78916581.0
20260324,920030,德众汽车,947887.0,11835493.0,0.0,0.0,0.0,11835493.0
20260324,920033,康普化学,1011273.0,17351578.0,0.0,0.0,0.0,17351578.0
20260324,920035,精创电气,128032.0,7078053.0,0.0,0.0,0.0,7078053.0
20260324,920036,觅睿科技,1046873.0,6016641.0,0.0,0.0,0.0,6016641.0
20260324,920037,广信科技,2644555.0,50436481.0,0.0,0.0,0.0,50436481.0
20260324,920039,国义招标,961221.0,16838347.0,0.0,0.0,0.0,16838347.0
20260324,920045,蘅东光,17752125.0,114772987.0,0.0,0.0,0.0,114772987.0
20260324,920046,亿能电力,4318829.0,21055995.0,0.0,0.0,0.0,21055995.0
20260324,920047,诺思兰德,907397.0,35489565.0,0.0,3375.0,79144.0,35568709.0
20260324,920050,爱舍伦,556207.0,7011541.0,0.0,0.0,0.0,7011541.0
20260324,920056,能之光,353502.0,14928460.0,0.0,0.0,0.0,14928460.0
20260324,920057,百甲科技,404279.0,4571080.0,0.0,0.0,0.0,4571080.0
20260324,920058,华洋赛车,1515718.0,7040023.0,0.0,0.0,0.0,7040023.0
20260324,920060,万源通,3473383.0,77632715.0,0.0,0.0,0.0,77632715.0
20260324,920061,西磁科技,342152.0,10938891.0,0.0,0.0,0.0,10938891.0
20260324,920062,科润智控,3632825.0,37460837.0,0.0,0.0,0.0,37460837.0
20260324,920066,科拜尔,1277772.0,11410932.0,0.0,0.0,0.0,11410932.0
20260324,920068,天工股份,3678688.0,35225443.0,0.0,0.0,0.0,35225443.0
20260324,920075,柏星龙,1063758.0,14977258.0,0.0,0.0,0.0,14977258.0
20260324,920076,国亮新材,820169.0,4886638.0,0.0,0.0,0.0,4886638.0
20260324,920077,吉林碳谷,9786417.0,124773594.0,0.0,0.0,0.0,124773594.0
20260324,920078,族兴新材,1129250.0,5981704.0,0.0,0.0,0.0,5981704.0
20260324,920080,奥美森,178389.0,11764296.0,0.0,0.0,0.0,11764296.0
20260324,920082,方正阀门,128855.0,8630852.0,0.0,0.0,0.0,8630852.0
20260324,920086,科马材料,1822502.0,16131275.0,0.0,0.0,0.0,16131275.0
20260324,920087,秋乐种业,4566894.0,26231993.0,0.0,0.0,0.0,26231993.0
20260324,920088,科力股份,21750953.0,71131489.0,0.0,0.0,0.0,71131489.0
20260324,920089,禾昌聚合,47812.0,53623393.0,0.0,0.0,0.0,53623393.0
20260324,920090,同辉信息,0.0,5239318.0,0.0,0.0,0.0,5239318.0
20260324,920091,大鹏工业,1031580.0,18596550.0,0.0,0.0,0.0,18596550.0
20260324,920092,汉鑫科技,1764682.0,17619163.0,0.0,0.0,0.0,17619163.0
20260324,920098,科隆新材,12825.0,31353020.0,0.0,0.0,0.0,31353020.0
20260324,920099,瑞华技术,1888832.0,24997617.0,0.0,0.0,0.0,24997617.0
20260324,920100,三协电机,559999.0,17220758.0,0.0,0.0,0.0,17220758.0
20260324,920101,志高机械,828809.0,20926258.0,0.0,0.0,0.0,20926258.0
20260324,920106,林泰新材,1737493.0,39777001.0,0.0,0.0,0.0,39777001.0
20260324,920108,宏海科技,757805.0,10772750.0,0.0,0.0,0.0,10772750.0
20260324,920110,雷特科技,120978.0,3074166.0,0.0,0.0,0.0,3074166.0
20260324,920111,聚星科技,1624990.0,27992052.0,0.0,0.0,0.0,27992052.0
20260324,920112,巴兰仕,127799.0,7540445.0,0.0,0.0,0.0,7540445.0
20260324,920116,星图测控,8315126.0,132146089.0,0.0,0.0,0.0,132146089.0
20260324,920118,太湖远大,498686.0,6609169.0,0.0,0.0,0.0,6609169.0
20260324,920119,美德乐,313488.0,18425310.0,0.0,0.0,0.0,18425310.0
20260324,920121,江天科技,259456.0,9816726.0,0.0,0.0,0.0,9816726.0
20260324,920122,中纺标,279135.0,12935694.0,0.0,0.0,0.0,12935694.0
20260324,920123,芭薇股份,1231048.0,11809232.0,0.0,0.0,0.0,11809232.0
20260324,920124,南特科技,413649.0,17100056.0,0.0,0.0,0.0,17100056.0
20260324,920128,胜业电气,1369670.0,13621256.0,0.0,0.0,0.0,13621256.0
20260324,920130,立方控股,22162.0,13187251.0,0.0,0.0,0.0,13187251.0
20260324,920132,泰鹏智能,402139.0,2269040.0,0.0,0.0,0.0,2269040.0
20260324,920139,华岭股份,593575.0,57568423.0,0.0,0.0,0.0,57568423.0
20260324,920145,恒合股份,29900.0,1756832.0,0.0,0.0,0.0,1756832.0
20260324,920146,华阳变速,25440.0,4657669.0,0.0,0.0,0.0,4657669.0
20260324,920149,旭杰科技,106417.0,4513726.0,0.0,0.0,0.0,4513726.0
20260324,920152,昆工科技,213867.0,24198325.0,0.0,0.0,0.0,24198325.0
20260324,920158,长江能科,3534676.0,11431560.0,0.0,0.0,0.0,11431560.0
20260324,920159,农大科技,2959393.0,16079687.0,0.0,0.0,0.0,16079687.0
20260324,920160,北矿检测,260657.0,19420645.0,0.0,0.0,0.0,19420645.0
20260324,920163,方大新材,403044.0,3060327.0,0.0,0.0,0.0,3060327.0
20260324,920166,海圣医疗,236854.0,2680660.0,0.0,0.0,0.0,2680660.0
20260324,920167,同享科技,4392615.0,22860777.0,0.0,0.0,0.0,22860777.0
20260324,920168,通宝光电,1684253.0,7108283.0,0.0,0.0,0.0,7108283.0
20260324,920169,七丰精工,1284609.0,15673337.0,0.0,0.0,0.0,15673337.0
20260324,920171,志晟信息,308033.0,9612542.0,0.0,0.0,0.0,9612542.0
20260324,920174,五新隧装,1181866.0,54212544.0,0.0,0.0,0.0,54212544.0
20260324,920175,东方碳素,38376.0,5284040.0,0.0,0.0,0.0,5284040.0
20260324,920179,凯德石英,4857827.0,81028636.0,0.0,0.0,0.0,81028636.0
20260324,920180,爱得科技,1057054.0,5497051.0,0.0,0.0,0.0,5497051.0
20260324,920183,海菲曼,475436.0,4609848.0,0.0,0.0,0.0,4609848.0
20260324,920184,国源科技,502890.0,24773964.0,0.0,0.0,0.0,24773964.0
20260324,920185,贝特瑞,14724109.0,276220609.0,0.0,0.0,0.0,276220609.0
20260324,920187,通领科技,1273239.0,9835746.0,0.0,0.0,0.0,9835746.0
20260324,920190,雷神科技,1417151.0,49193431.0,0.0,0.0,0.0,49193431.0
20260324,920195,三祥科技,1595301.0,16249197.0,0.0,0.0,0.0,16249197.0
20260324,920198,微创光电,96755.0,6090538.0,0.0,0.0,0.0,6090538.0
20260324,920199,倍益康,3282801.0,25624313.0,0.0,0.0,0.0,25624313.0
20260324,920204,沪江材料,1361675.0,14922142.0,0.0,0.0,0.0,14922142.0
20260324,920207,众诚科技,1352625.0,10575658.0,0.0,0.0,0.0,10575658.0
20260324,920208,青矩技术,1868073.0,16006919.0,0.0,0.0,0.0,16006919.0
20260324,920212,智新电子,1002481.0,4551967.0,0.0,0.0,0.0,4551967.0
20260324,920221,易实精密,693089.0,7413969.0,0.0,0.0,0.0,7413969.0
20260324,920223,荣亿精密,593820.0,14318817.0,0.0,0.0,0.0,14318817.0
20260324,920225,利通科技,823375.0,109058990.0,0.0,0.0,0.0,109058990.0
20260324,920227,美登科技,1270637.0,30663268.0,0.0,0.0,0.0,30663268.0
20260324,920230,欧康医药,567567.0,3335546.0,0.0,0.0,0.0,3335546.0
20260324,920237,力佳科技,1051929.0,14247040.0,0.0,0.0,0.0,14247040.0
20260324,920239,长虹能源,3164831.0,149522532.0,0.0,0.0,0.0,149522532.0
20260324,920242,建邦科技,733800.0,11849316.0,0.0,0.0,0.0,11849316.0
20260324,920245,威博液压,129799.0,5431389.0,0.0,0.0,0.0,5431389.0
20260324,920247,华密新材,759263.0,21589407.0,0.0,0.0,0.0,21589407.0
20260324,920249,利尔达,361980.0,25785070.0,0.0,0.0,0.0,25785070.0
20260324,920252,天宏锂电,310381.0,30350023.0,0.0,0.0,0.0,30350023.0
20260324,920260,中寰股份,108362.0,8072836.0,0.0,0.0,0.0,8072836.0
20260324,920261,一诺威,869958.0,17590331.0,0.0,0.0,0.0,17590331.0
20260324,920262,太湖雪,957864.0,5023917.0,0.0,0.0,0.0,5023917.0
20260324,920263,中航泰达,565108.0,7618911.0,0.0,0.0,0.0,7618911.0
20260324,920266,生物谷,7710.0,5940647.0,0.0,0.0,0.0,5940647.0
20260324,920267,鑫汇科,636793.0,4564001.0,0.0,0.0,0.0,4564001.0
20260324,920270,天铭科技,114579.0,18408924.0,0.0,0.0,0.0,18408924.0
20260324,920271,邦德股份,917702.0,11870373.0,0.0,0.0,0.0,11870373.0
20260324,920273,一致魔芋,1654020.0,23704799.0,0.0,0.0,0.0,23704799.0
20260324,920274,宏裕包材,930034.0,13707704.0,0.0,0.0,0.0,13707704.0
20260324,920275,驱动力,894160.0,8223074.0,0.0,0.0,0.0,8223074.0
20260324,920278,鹿得医疗,1091122.0,11010784.0,0.0,0.0,0.0,11010784.0
20260324,920284,灵鸽科技,1788659.0,34493934.0,0.0,0.0,0.0,34493934.0
20260324,920299,灿能电力,2203794.0,20568473.0,0.0,0.0,0.0,20568473.0
20260324,920300,辰光医疗,90241.0,16614931.0,0.0,0.0,0.0,16614931.0
20260324,920304,迪尔化工,2833384.0,13140838.0,0.0,0.0,0.0,13140838.0
20260324,920339,恒太照明,354507.0,7034042.0,0.0,0.0,0.0,7034042.0
20260324,920344,三元基因,154957.0,13910183.0,0.0,0.0,0.0,13910183.0
20260324,920346,威贸电子,565113.0,15086471.0,0.0,0.0,0.0,15086471.0
20260324,920351,华光源海,1886897.0,14433947.0,0.0,0.0,0.0,14433947.0
20260324,920357,雅葆轩,1626649.0,12335251.0,0.0,0.0,0.0,12335251.0
20260324,920363,莱赛激光,64700.0,11476005.0,0.0,0.0,0.0,11476005.0
20260324,920367,新赣江,299531.0,6043369.0,0.0,0.0,0.0,6043369.0
20260324,920368,连城数控,31926646.0,290498492.0,0.0,3200.0,126976.0,290625468.0
20260324,920370,新安洁,23845.0,2248012.0,0.0,0.0,0.0,2248012.0
20260324,920371,欧福蛋业,1186821.0,10382691.0,0.0,0.0,0.0,10382691.0
20260324,920374,云里物里,0.0,23230613.0,0.0,0.0,0.0,23230613.0
20260324,920375,派诺科技,3181100.0,13823438.0,0.0,0.0,0.0,13823438.0
20260324,920378,泰德股份,25401.0,27860213.0,0.0,0.0,0.0,27860213.0
20260324,920392,佳合科技,269387.0,9943613.0,0.0,0.0,0.0,9943613.0
20260324,920394,民士达,9165502.0,72953239.0,0.0,0.0,0.0,72953239.0
20260324,920395,朗鸿科技,665987.0,25992144.0,0.0,0.0,0.0,25992144.0
20260324,920396,常辅股份,1607080.0,21541891.0,0.0,0.0,0.0,21541891.0
20260324,920402,硅烷科技,1037194.0,57960031.0,0.0,0.0,0.0,57960031.0
20260324,920403,康农种业,1432654.0,14941749.0,0.0,0.0,0.0,14941749.0
20260324,920405,海希通讯,5365175.0,100813180.0,0.0,0.0,0.0,100813180.0
20260324,920407,驰诚股份,50786.0,8798344.0,0.0,0.0,0.0,8798344.0
20260324,920414,欧普泰,808935.0,4990526.0,0.0,0.0,0.0,4990526.0
20260324,920415,恒拓开源,677581.0,22976434.0,0.0,0.0,0.0,22976434.0
20260324,920418,苏轴股份,1726584.0,60171503.0,0.0,0.0,0.0,60171503.0
20260324,920419,路斯股份,770450.0,21569425.0,0.0,0.0,0.0,21569425.0
20260324,920422,润普食品,1194358.0,7868173.0,0.0,0.0,0.0,7868173.0
20260324,920425,乐创技术,523460.0,14036582.0,0.0,0.0,0.0,14036582.0
20260324,920427,华维设计,242106.0,5099056.0,0.0,0.0,0.0,5099056.0
20260324,920429,康比特,957555.0,22187188.0,0.0,0.0,0.0,22187188.0
20260324,920433,大唐药业,575146.0,7365615.0,0.0,0.0,0.0,7365615.0
20260324,920436,大地电气,153932.0,8734146.0,0.0,0.0,0.0,8734146.0
20260324,920438,戈碧迦,3529573.0,93257252.0,0.0,0.0,0.0,93257252.0
20260324,920445,龙竹科技,1256168.0,26613561.0,0.0,0.0,0.0,26613561.0
20260324,920454,同心传动,123938.0,11975006.0,0.0,0.0,0.0,11975006.0
20260324,920455,汇隆活塞,530646.0,6509883.0,0.0,0.0,0.0,6509883.0
20260324,920469,富恒新材,158279.0,23270437.0,0.0,0.0,0.0,23270437.0
20260324,920471,美邦科技,965920.0,6748647.0,0.0,0.0,0.0,6748647.0
20260324,920475,三友科技,0.0,9446813.0,0.0,0.0,0.0,9446813.0
20260324,920476,海能技术,1785895.0,26469436.0,0.0,0.0,0.0,26469436.0
20260324,920478,峆一药业,1347083.0,9485166.0,0.0,0.0,0.0,9485166.0
20260324,920489,佳先股份,190882.0,34609388.0,0.0,0.0,0.0,34609388.0
20260324,920491,奥迪威,2039841.0,138709267.0,0.0,0.0,0.0,138709267.0
20260324,920493,并行科技,7202448.0,188123116.0,0.0,0.0,0.0,188123116.0
20260324,920496,许昌智能,2519771.0,27116767.0,0.0,0.0,0.0,27116767.0
20260324,920504,博迅生物,2091.0,1557279.0,0.0,0.0,0.0,1557279.0
20260324,920505,九菱科技,1920793.0,25464915.0,0.0,0.0,0.0,25464915.0
20260324,920508,殷图网联,39640.0,6338244.0,0.0,0.0,0.0,6338244.0
20260324,920509,同惠电子,2357463.0,31031484.0,0.0,0.0,0.0,31031484.0
20260324,920510,丰光精密,341372.0,18410810.0,0.0,0.0,0.0,18410810.0
20260324,920519,万德股份,583250.0,9384351.0,0.0,0.0,0.0,9384351.0
20260324,920522,纳科诺尔,7045070.0,156977494.0,0.0,0.0,0.0,156977494.0
20260324,920523,德瑞锂电,1247060.0,64813260.0,0.0,0.0,0.0,64813260.0
20260324,920526,凯华材料,596973.0,8708435.0,0.0,0.0,0.0,8708435.0
20260324,920527,夜光明,71428.0,4382322.0,0.0,0.0,0.0,4382322.0
20260324,920533,骏创科技,1923112.0,44298183.0,0.0,0.0,0.0,44298183.0
20260324,920541,铁大科技,1732881.0,24546746.0,0.0,0.0,0.0,24546746.0
20260324,920547,无锡晶海,813799.0,8501367.0,0.0,0.0,0.0,8501367.0
20260324,920553,凯腾精工,857978.0,5843827.0,0.0,0.0,0.0,5843827.0
20260324,920556,雅达股份,1469329.0,23910656.0,0.0,0.0,0.0,23910656.0
20260324,920564,天润科技,32362.0,12483151.0,0.0,0.0,0.0,12483151.0
20260324,920566,梓橦宫,1127254.0,32086377.0,0.0,0.0,0.0,32086377.0
20260324,920570,坤博精工,999998.0,12488083.0,0.0,0.0,0.0,12488083.0
20260324,920571,国航远洋,10900489.0,56893240.0,0.0,0.0,0.0,56893240.0
20260324,920575,康乐卫士,6822.0,11842100.0,0.0,0.0,0.0,11842100.0
20260324,920576,天力复合,3442997.0,57643147.0,0.0,0.0,0.0,57643147.0
20260324,920578,巨能股份,9838.0,11776295.0,0.0,0.0,0.0,11776295.0
20260324,920579,机科股份,179696.0,17119385.0,0.0,0.0,0.0,17119385.0
20260324,920580,科创新材,1713381.0,7034352.0,0.0,0.0,0.0,7034352.0
20260324,920592,华信永道,6783114.0,36375590.0,0.0,0.0,0.0,36375590.0
20260324,920593,鼎智科技,1690680.0,63882482.0,0.0,0.0,0.0,63882482.0
20260324,920599,同力股份,2485429.0,104047496.0,0.0,0.0,0.0,104047496.0
20260324,920608,丰安股份,32380.0,2934192.0,0.0,0.0,0.0,2934192.0
20260324,920627,力王股份,810439.0,13740674.0,0.0,0.0,0.0,13740674.0
20260324,920634,新威凌,277772.0,8762836.0,0.0,0.0,0.0,8762836.0
20260324,920639,晨光电缆,876826.0,30142853.0,0.0,0.0,0.0,30142853.0
20260324,920640,富士达,4584224.0,112633425.0,0.0,0.0,0.0,112633425.0
20260324,920641,格利尔,2110601.0,7279926.0,0.0,0.0,0.0,7279926.0
20260324,920642,通易航天,326031.0,10612789.0,0.0,0.0,0.0,10612789.0
20260324,920651,天罡股份,655081.0,3573075.0,0.0,0.0,0.0,3573075.0
20260324,920656,海昇药业,67137.0,6022822.0,0.0,0.0,0.0,6022822.0
20260324,920662,方盛股份,813877.0,13816828.0,0.0,0.0,0.0,13816828.0
20260324,920663,明阳科技,183252.0,9752575.0,0.0,0.0,0.0,9752575.0
20260324,920665,科强股份,730393.0,13257065.0,0.0,0.0,0.0,13257065.0
20260324,920670,数字人,188576.0,8945065.0,0.0,0.0,0.0,8945065.0
20260324,920675,秉扬科技,1356609.0,12808057.0,0.0,0.0,0.0,12808057.0
20260324,920679,前进科技,770787.0,8111087.0,0.0,0.0,0.0,8111087.0
20260324,920682,球冠电缆,1337415.0,28110413.0,0.0,0.0,0.0,28110413.0
20260324,920685,新芝生物,432329.0,11729611.0,0.0,0.0,0.0,11729611.0
20260324,920689,克莱特,731860.0,26987709.0,0.0,0.0,0.0,26987709.0
20260324,920690,捷众科技,412350.0,8340199.0,0.0,0.0,0.0,8340199.0
20260324,920693,阿为特,190384.0,25079405.0,0.0,0.0,0.0,25079405.0
20260324,920694,中裕科技,782917.0,10507008.0,0.0,0.0,0.0,10507008.0
20260324,920699,海达尔,939958.0,63592293.0,0.0,0.0,0.0,63592293.0
20260324,920701,豪声电子,916173.0,26782057.0,0.0,0.0,0.0,26782057.0
20260324,920703,广厦环能,609840.0,24395764.0,0.0,0.0,0.0,24395764.0
20260324,920706,铁拓机械,3892164.0,18051085.0,0.0,0.0,0.0,18051085.0
20260324,920717,瑞星股份,991436.0,3187800.0,0.0,0.0,0.0,3187800.0
20260324,920718,合肥高科,599270.0,5554339.0,0.0,0.0,0.0,5554339.0
20260324,920719,宁新新材,16027.0,6482586.0,0.0,0.0,0.0,6482586.0
20260324,920720,吉冈精密,1305780.0,20419415.0,0.0,0.0,0.0,20419415.0
20260324,920725,惠丰钻石,348370.0,16907706.0,0.0,0.0,0.0,16907706.0
20260324,920726,朱老六,57957.0,11067722.0,0.0,0.0,0.0,11067722.0
20260324,920729,永顺生物,383941.0,18473983.0,0.0,0.0,0.0,18473983.0
20260324,920735,德源药业,3892893.0,48445598.0,0.0,0.0,0.0,48445598.0
20260324,920748,路桥信息,296262.0,4425876.0,0.0,0.0,0.0,4425876.0
20260324,920751,惠同新材,65208.0,26286505.0,0.0,0.0,0.0,26286505.0
20260324,920753,天纺标,1117438.0,10681835.0,0.0,0.0,0.0,10681835.0
20260324,920765,美之高,836261.0,7061270.0,0.0,0.0,0.0,7061270.0
20260324,920768,拾比佰,247516.0,11187958.0,0.0,0.0,0.0,11187958.0
20260324,920770,艾能聚,2961611.0,35862211.0,0.0,0.0,0.0,35862211.0
20260324,920779,武汉蓝电,2740701.0,10997359.0,0.0,0.0,0.0,10997359.0
20260324,920781,瑞奇智造,194841.0,7067443.0,0.0,0.0,0.0,7067443.0
20260324,920786,骑士乳业,1489458.0,19677740.0,0.0,0.0,0.0,19677740.0
20260324,920790,联迪信息,341448.0,17711251.0,0.0,0.0,0.0,17711251.0
20260324,920792,东和新材,1124791.0,11293901.0,0.0,0.0,0.0,11293901.0
20260324,920799,艾融软件,4036405.0,142054357.0,0.0,0.0,0.0,142054357.0
20260324,920802,保丽洁,93953.0,2589397.0,0.0,0.0,0.0,2589397.0
20260324,920806,云星宇,1058191.0,40527959.0,0.0,0.0,0.0,40527959.0
20260324,920807,奔朗新材,1448072.0,19288142.0,0.0,0.0,0.0,19288142.0
20260324,920808,曙光数创,4710342.0,275617781.0,0.0,0.0,0.0,275617781.0
20260324,920809,安达科技,1420988.0,42560784.0,0.0,0.0,0.0,42560784.0
20260324,920810,春光智能,72771.0,2185180.0,0.0,0.0,0.0,2185180.0
20260324,920819,颖泰生物,226302.0,32349264.0,0.0,0.0,0.0,32349264.0
20260324,920821,则成电子,1431902.0,19943584.0,0.0,0.0,0.0,19943584.0
20260324,920826,盖世食品,1294058.0,18676603.0,0.0,0.0,0.0,18676603.0
20260324,920832,齐鲁华信,57600.0,9413187.0,0.0,0.0,0.0,9413187.0
20260324,920833,美心翼申,836937.0,15950462.0,0.0,0.0,0.0,15950462.0
20260324,920834,三维装备,1933532.0,8570916.0,0.0,0.0,0.0,8570916.0
20260324,920837,华原股份,1068735.0,14571364.0,0.0,0.0,0.0,14571364.0
20260324,920839,万通液压,1934126.0,27457642.0,0.0,0.0,0.0,27457642.0
20260324,920855,浙江大农,996594.0,3950966.0,0.0,0.0,0.0,3950966.0
20260324,920856,浩淼科技,96531.0,11627313.0,0.0,0.0,0.0,11627313.0
20260324,920857,泓禧科技,774088.0,5369890.0,0.0,0.0,0.0,5369890.0
20260324,920866,绿亨科技,571637.0,9129958.0,0.0,0.0,0.0,9129958.0
20260324,920870,恒进感应,43514.0,12665635.0,0.0,0.0,0.0,12665635.0
20260324,920871,派特尔,112555.0,8573329.0,0.0,0.0,0.0,8573329.0
20260324,920873,中设咨询,0.0,5309666.0,0.0,0.0,0.0,5309666.0
20260324,920876,慧为智能,171552.0,10186118.0,0.0,0.0,0.0,10186118.0
20260324,920879,基康技术,147555.0,23214807.0,0.0,0.0,0.0,23214807.0
20260324,920885,星辰科技,1009916.0,32764391.0,0.0,0.0,0.0,32764391.0
20260324,920892,广咨国际,401606.0,4409972.0,0.0,0.0,0.0,4409972.0
20260324,920895,花溪科技,0.0,1779534.0,0.0,0.0,0.0,1779534.0
20260324,920896,旺成科技,1145619.0,7664252.0,0.0,0.0,0.0,7664252.0
20260324,920906,舜宇精工,84845.0,7444885.0,0.0,0.0,0.0,7444885.0
20260324,920914,远航精密,1306958.0,40452044.0,0.0,0.0,0.0,40452044.0
20260324,920924,广脉科技,1494993.0,20054991.0,0.0,0.0,0.0,20054991.0
20260324,920925,锦好医疗,303022.0,15331391.0,0.0,0.0,0.0,15331391.0
20260324,920926,鸿智科技,1065630.0,8378335.0,0.0,0.0,0.0,8378335.0
20260324,920931,无锡鼎邦,164123.0,4877933.0,0.0,0.0,0.0,4877933.0
20260324,920932,科达自控,878707.0,22210883.0,0.0,0.0,0.0,22210883.0
20260324,920942,恒立钻具,1836973.0,26874626.0,0.0,0.0,0.0,26874626.0
20260324,920943,优机股份,979580.0,17281916.0,0.0,0.0,0.0,17281916.0
20260324,920946,森萱医药,343512.0,22404092.0,0.0,0.0,0.0,22404092.0
20260324,920950,迅安科技,444287.0,2111756.0,0.0,0.0,0.0,2111756.0
20260324,920953,国子软件,1874801.0,38579912.0,0.0,0.0,0.0,38579912.0
20260324,920957,汉维科技,321859.0,1187893.0,0.0,0.0,0.0,1187893.0
20260324,920961,创远信科,768306.0,48681103.0,0.0,0.0,0.0,48681103.0
20260324,920964,润农节水,57443.0,24172159.0,0.0,0.0,0.0,24172159.0
20260324,920970,大禹生物,0.0,1972300.0,0.0,0.0,0.0,1972300.0
20260324,920971,天马新材,1798159.0,46420727.0,0.0,0.0,0.0,46420727.0
20260324,920974,凯大催化,23542.0,4349370.0,0.0,0.0,0.0,4349370.0
20260324,920976,视声智能,3565893.0,30830397.0,0.0,0.0,0.0,30830397.0
20260324,920978,开特股份,1975262.0,66870914.0,0.0,0.0,0.0,66870914.0
20260324,920981,晶赛科技,445137.0,15097770.0,0.0,0.0,0.0,15097770.0
20260324,920982,锦波生物,3985422.0,357323780.0,0.0,0.0,0.0,357323780.0
20260324,920985,海泰新能,4307675.0,22978364.0,0.0,0.0,0.0,22978364.0
20260324,920992,中科美菱,295327.0,8069122.0,0.0,0.0,0.0,8069122.0
20260324,日期：2026-03-24,,,,,,,
20260325,920000,安徽凤凰,674960.0,10791831.0,0.0,0.0,0.0,10791831.0
20260325,920001,纬达光电,1788304.0,22035944.0,0.0,0.0,0.0,22035944.0
20260325,920002,万达轴承,2050061.0,44406431.0,0.0,0.0,0.0,44406431.0
20260325,920003,中诚咨询,0.0,4319154.0,0.0,0.0,0.0,4319154.0
20260325,920005,鼎佳精密,3418.0,13487101.0,0.0,0.0,0.0,13487101.0
20260325,920006,晟楠科技,794455.0,12314827.0,0.0,0.0,0.0,12314827.0
20260325,920007,酉立智能,494474.0,12379180.0,0.0,0.0,0.0,12379180.0
20260325,920008,成电光信,1016788.0,18430646.0,0.0,0.0,0.0,18430646.0
20260325,920009,丹娜生物,80209.0,4836654.0,0.0,0.0,0.0,4836654.0
20260325,920010,凯添燃气,13291369.0,35024756.0,0.0,0.0,0.0,35024756.0
20260325,920014,特瑞斯,3654302.0,11998948.0,0.0,0.0,0.0,11998948.0
20260325,920015,锦华新材,1643269.0,30144289.0,0.0,0.0,0.0,30144289.0
20260325,920016,中草香料,111915.0,7693986.0,0.0,0.0,0.0,7693986.0
20260325,920017,星昊医药,1166752.0,44475804.0,0.0,0.0,0.0,44475804.0
20260325,920018,宏远股份,1574178.0,30372867.0,0.0,0.0,0.0,30372867.0
20260325,920019,铜冠矿建,2343211.0,43697303.0,0.0,0.0,0.0,43697303.0
20260325,920020,泰凯英,500583.0,21392001.0,0.0,0.0,0.0,21392001.0
20260325,920021,流金科技,4635087.0,51383308.0,0.0,0.0,0.0,51383308.0
20260325,920022,世昌股份,458333.0,5242794.0,0.0,0.0,0.0,5242794.0
20260325,920023,田野股份,76200.0,7335581.0,0.0,0.0,0.0,7335581.0
20260325,920026,卓兆点胶,73214.0,17511882.0,0.0,0.0,0.0,17511882.0
20260325,920027,交大铁发,16690.0,8213075.0,0.0,0.0,0.0,8213075.0
20260325,920028,新恒泰,2806701.0,7111141.0,0.0,0.0,0.0,7111141.0
20260325,920029,开发科技,2581263.0,78387536.0,0.0,0.0,0.0,78387536.0
20260325,920030,德众汽车,327865.0,11839111.0,0.0,0.0,0.0,11839111.0
20260325,920033,康普化学,463120.0,17018437.0,0.0,0.0,0.0,17018437.0
20260325,920035,精创电气,124697.0,6954927.0,0.0,0.0,0.0,6954927.0
20260325,920036,觅睿科技,1642770.0,5617524.0,0.0,0.0,0.0,5617524.0
20260325,920037,广信科技,5330019.0,51438030.0,0.0,0.0,0.0,51438030.0
20260325,920039,国义招标,678797.0,16579422.0,0.0,0.0,0.0,16579422.0
20260325,920045,蘅东光,32167066.0,129272516.0,0.0,0.0,0.0,129272516.0
20260325,920046,亿能电力,4754784.0,21361322.0,0.0,0.0,0.0,21361322.0
20260325,920047,诺思兰德,0.0,35299109.0,2000.0,5375.0,128624.0,35427733.0
20260325,920050,爱舍伦,602864.0,7281003.0,0.0,0.0,0.0,7281003.0
20260325,920056,能之光,348519.0,15221425.0,0.0,0.0,0.0,15221425.0
20260325,920057,百甲科技,18300.0,4214863.0,0.0,0.0,0.0,4214863.0
20260325,920058,华洋赛车,1232922.0,7155827.0,0.0,0.0,0.0,7155827.0
20260325,920060,万源通,6788967.0,77347872.0,0.0,0.0,0.0,77347872.0
20260325,920061,西磁科技,149564.0,10882420.0,0.0,0.0,0.0,10882420.0
20260325,920062,科润智控,4112366.0,38945277.0,0.0,0.0,0.0,38945277.0
20260325,920066,科拜尔,468740.0,10826621.0,0.0,0.0,0.0,10826621.0
20260325,920068,天工股份,2648884.0,36159255.0,0.0,0.0,0.0,36159255.0
20260325,920075,柏星龙,1027195.0,13795367.0,0.0,0.0,0.0,13795367.0
20260325,920076,国亮新材,213436.0,4913591.0,0.0,0.0,0.0,4913591.0
20260325,920077,吉林碳谷,22603564.0,129296302.0,0.0,0.0,0.0,129296302.0
20260325,920078,族兴新材,2132383.0,5909592.0,0.0,0.0,0.0,5909592.0
20260325,920080,奥美森,401123.0,11063976.0,0.0,0.0,0.0,11063976.0
20260325,920082,方正阀门,229310.0,8058980.0,0.0,0.0,0.0,8058980.0
20260325,920086,科马材料,3817253.0,16118795.0,0.0,0.0,0.0,16118795.0
20260325,920087,秋乐种业,3335336.0,24879948.0,0.0,0.0,0.0,24879948.0
20260325,920088,科力股份,20657380.0,69276077.0,0.0,0.0,0.0,69276077.0
20260325,920089,禾昌聚合,576276.0,53758820.0,0.0,0.0,0.0,53758820.0
20260325,920090,同辉信息,7770.0,2290529.0,0.0,0.0,0.0,2290529.0
20260325,920091,大鹏工业,589632.0,18435029.0,0.0,0.0,0.0,18435029.0
20260325,920092,汉鑫科技,1915848.0,16422327.0,0.0,0.0,0.0,16422327.0
20260325,920098,科隆新材,426454.0,30793700.0,0.0,0.0,0.0,30793700.0
20260325,920099,瑞华技术,1257434.0,23582884.0,0.0,0.0,0.0,23582884.0
20260325,920100,三协电机,942918.0,17493951.0,0.0,0.0,0.0,17493951.0
20260325,920101,志高机械,181101.0,18372679.0,0.0,0.0,0.0,18372679.0
20260325,920106,林泰新材,840098.0,39697589.0,0.0,0.0,0.0,39697589.0
20260325,920108,宏海科技,322308.0,10526336.0,0.0,0.0,0.0,10526336.0
20260325,920110,雷特科技,72632.0,2931783.0,0.0,0.0,0.0,2931783.0
20260325,920111,聚星科技,1814718.0,28208945.0,0.0,0.0,0.0,28208945.0
20260325,920112,巴兰仕,75518.0,7586333.0,0.0,0.0,0.0,7586333.0
20260325,920116,星图测控,8629336.0,130721017.0,0.0,0.0,0.0,130721017.0
20260325,920118,太湖远大,465976.0,6870179.0,0.0,0.0,0.0,6870179.0
20260325,920119,美德乐,643553.0,18052508.0,0.0,0.0,0.0,18052508.0
20260325,920121,江天科技,301188.0,9832087.0,0.0,0.0,0.0,9832087.0
20260325,920122,中纺标,446311.0,13052106.0,0.0,0.0,0.0,13052106.0
20260325,920123,芭薇股份,446522.0,11772801.0,0.0,0.0,0.0,11772801.0
20260325,920124,南特科技,655362.0,16773586.0,0.0,0.0,0.0,16773586.0
20260325,920128,胜业电气,656340.0,12869621.0,0.0,0.0,0.0,12869621.0
20260325,920130,立方控股,305365.0,13064844.0,0.0,0.0,0.0,13064844.0
20260325,920132,泰鹏智能,172484.0,2100679.0,0.0,0.0,0.0,2100679.0
20260325,920139,华岭股份,2138105.0,57975725.0,0.0,0.0,0.0,57975725.0
20260325,920145,恒合股份,9149.0,1616842.0,0.0,0.0,0.0,1616842.0
20260325,920146,华阳变速,213698.0,4772250.0,0.0,0.0,0.0,4772250.0
20260325,920149,旭杰科技,574826.0,4644338.0,0.0,0.0,0.0,4644338.0
20260325,920152,昆工科技,222461.0,24340108.0,0.0,0.0,0.0,24340108.0
20260325,920158,长江能科,2029921.0,11304160.0,0.0,0.0,0.0,11304160.0
20260325,920159,农大科技,2081293.0,16491403.0,0.0,0.0,0.0,16491403.0
20260325,920160,北矿检测,60260.0,19436144.0,0.0,0.0,0.0,19436144.0
20260325,920163,方大新材,580953.0,3516241.0,0.0,0.0,0.0,3516241.0
20260325,920166,海圣医疗,806055.0,3407648.0,0.0,0.0,0.0,3407648.0
20260325,920167,同享科技,4326981.0,23766899.0,0.0,0.0,0.0,23766899.0
20260325,920168,通宝光电,265641.0,5654009.0,0.0,0.0,0.0,5654009.0
20260325,920169,七丰精工,1744377.0,15633324.0,0.0,0.0,0.0,15633324.0
20260325,920171,志晟信息,386208.0,9819883.0,0.0,0.0,0.0,9819883.0
20260325,920174,五新隧装,2117664.0,54075400.0,0.0,0.0,0.0,54075400.0
20260325,920175,东方碳素,2026.0,5209694.0,0.0,0.0,0.0,5209694.0
20260325,920179,凯德石英,9197468.0,82943616.0,0.0,0.0,0.0,82943616.0
20260325,920180,爱得科技,593387.0,5401082.0,0.0,0.0,0.0,5401082.0
20260325,920183,海菲曼,380369.0,4890890.0,0.0,0.0,0.0,4890890.0
20260325,920184,国源科技,1162391.0,25601053.0,0.0,0.0,0.0,25601053.0
20260325,920185,贝特瑞,15939008.0,272545280.0,0.0,0.0,0.0,272545280.0
20260325,920187,通领科技,357544.0,9138683.0,0.0,0.0,0.0,9138683.0
20260325,920190,雷神科技,1674816.0,47938974.0,0.0,0.0,0.0,47938974.0
20260325,920195,三祥科技,381071.0,15789909.0,0.0,0.0,0.0,15789909.0
20260325,920198,微创光电,190052.0,6193337.0,0.0,0.0,0.0,6193337.0
20260325,920199,倍益康,2586345.0,24771530.0,0.0,0.0,0.0,24771530.0
20260325,920204,沪江材料,153413.0,13941756.0,0.0,0.0,0.0,13941756.0
20260325,920207,众诚科技,1946276.0,11242672.0,0.0,0.0,0.0,11242672.0
20260325,920208,青矩技术,1113640.0,16233918.0,0.0,0.0,0.0,16233918.0
20260325,920212,智新电子,393110.0,4180998.0,0.0,0.0,0.0,4180998.0
20260325,920221,易实精密,786894.0,7001310.0,0.0,0.0,0.0,7001310.0
20260325,920223,荣亿精密,511235.0,14761319.0,0.0,0.0,0.0,14761319.0
20260325,920225,利通科技,642494.0,108617887.0,0.0,0.0,0.0,108617887.0
20260325,920227,美登科技,1574029.0,29474882.0,0.0,0.0,0.0,29474882.0
20260325,920230,欧康医药,220653.0,3081349.0,0.0,0.0,0.0,3081349.0
20260325,920237,力佳科技,443919.0,13882570.0,0.0,0.0,0.0,13882570.0
20260325,920239,长虹能源,4492431.0,149679229.0,0.0,0.0,0.0,149679229.0
20260325,920242,建邦科技,331504.0,11842167.0,0.0,0.0,0.0,11842167.0
20260325,920245,威博液压,276476.0,5361298.0,0.0,0.0,0.0,5361298.0
20260325,920247,华密新材,447530.0,21086275.0,0.0,0.0,0.0,21086275.0
20260325,920249,利尔达,729832.0,25895578.0,0.0,0.0,0.0,25895578.0
20260325,920252,天宏锂电,852714.0,30634178.0,0.0,0.0,0.0,30634178.0
20260325,920260,中寰股份,972947.0,8163780.0,0.0,0.0,0.0,8163780.0
20260325,920261,一诺威,190539.0,17433490.0,0.0,0.0,0.0,17433490.0
20260325,920262,太湖雪,144142.0,4931685.0,0.0,0.0,0.0,4931685.0
20260325,920263,中航泰达,324037.0,7639112.0,0.0,0.0,0.0,7639112.0
20260325,920266,生物谷,15661.0,5952426.0,0.0,0.0,0.0,5952426.0
20260325,920267,鑫汇科,425840.0,4309131.0,0.0,0.0,0.0,4309131.0
20260325,920270,天铭科技,410420.0,18498607.0,0.0,0.0,0.0,18498607.0
20260325,920271,邦德股份,150620.0,11633977.0,0.0,0.0,0.0,11633977.0
20260325,920273,一致魔芋,615579.0,23322869.0,0.0,0.0,0.0,23322869.0
20260325,920274,宏裕包材,1167319.0,13940089.0,0.0,0.0,0.0,13940089.0
20260325,920275,驱动力,187247.0,7587495.0,0.0,0.0,0.0,7587495.0
20260325,920278,鹿得医疗,1012124.0,11307347.0,0.0,0.0,0.0,11307347.0
20260325,920284,灵鸽科技,258111.0,33859418.0,0.0,0.0,0.0,33859418.0
20260325,920299,灿能电力,4658109.0,21916607.0,0.0,0.0,0.0,21916607.0
20260325,920300,辰光医疗,516719.0,17036924.0,0.0,0.0,0.0,17036924.0
20260325,920304,迪尔化工,5682742.0,16204375.0,0.0,0.0,0.0,16204375.0
20260325,920339,恒太照明,398319.0,7019718.0,0.0,0.0,0.0,7019718.0
20260325,920344,三元基因,70937.0,13903076.0,0.0,0.0,0.0,13903076.0
20260325,920346,威贸电子,363365.0,15353301.0,0.0,0.0,0.0,15353301.0
20260325,920351,华光源海,1642695.0,13933141.0,0.0,0.0,0.0,13933141.0
20260325,920357,雅葆轩,1254070.0,12027091.0,0.0,0.0,0.0,12027091.0
20260325,920363,莱赛激光,94653.0,11376787.0,0.0,0.0,0.0,11376787.0
20260325,920367,新赣江,381946.0,5968634.0,0.0,0.0,0.0,5968634.0
20260325,920368,连城数控,28268146.0,292141753.0,0.0,0.0,0.0,292141753.0
20260325,920370,新安洁,28619.0,2254052.0,0.0,0.0,0.0,2254052.0
20260325,920371,欧福蛋业,584103.0,10694947.0,0.0,0.0,0.0,10694947.0
20260325,920374,云里物里,280315.0,22945203.0,0.0,0.0,0.0,22945203.0
20260325,920375,派诺科技,4178915.0,14283569.0,0.0,0.0,0.0,14283569.0
20260325,920378,泰德股份,73301.0,27883013.0,0.0,0.0,0.0,27883013.0
20260325,920392,佳合科技,200155.0,9448469.0,0.0,0.0,0.0,9448469.0
20260325,920394,民士达,1944970.0,64915101.0,0.0,0.0,0.0,64915101.0
20260325,920395,朗鸿科技,207786.0,25502895.0,0.0,0.0,0.0,25502895.0
20260325,920396,常辅股份,2655406.0,21378881.0,0.0,0.0,0.0,21378881.0
20260325,920402,硅烷科技,858836.0,58041770.0,0.0,0.0,0.0,58041770.0
20260325,920403,康农种业,2535490.0,13734524.0,0.0,0.0,0.0,13734524.0
20260325,920405,海希通讯,3554057.0,101367685.0,0.0,0.0,0.0,101367685.0
20260325,920407,驰诚股份,371601.0,8636895.0,0.0,0.0,0.0,8636895.0
20260325,920414,欧普泰,423507.0,4804429.0,0.0,0.0,0.0,4804429.0
20260325,920415,恒拓开源,299327.0,23151313.0,0.0,0.0,0.0,23151313.0
20260325,920418,苏轴股份,2033766.0,61868071.0,0.0,0.0,0.0,61868071.0
20260325,920419,路斯股份,172819.0,21108740.0,0.0,0.0,0.0,21108740.0
20260325,920422,润普食品,411961.0,8103582.0,0.0,0.0,0.0,8103582.0
20260325,920425,乐创技术,280332.0,14023997.0,0.0,0.0,0.0,14023997.0
20260325,920427,华维设计,407801.0,5338288.0,0.0,0.0,0.0,5338288.0
20260325,920429,康比特,76799.0,21149432.0,0.0,0.0,0.0,21149432.0
20260325,920433,大唐药业,354278.0,7616201.0,0.0,0.0,0.0,7616201.0
20260325,920436,大地电气,27753.0,8589410.0,0.0,0.0,0.0,8589410.0
20260325,920438,戈碧迦,3559142.0,91837138.0,0.0,0.0,0.0,91837138.0
20260325,920445,龙竹科技,1295800.0,24789794.0,0.0,0.0,0.0,24789794.0
20260325,920454,同心传动,349570.0,12256663.0,0.0,0.0,0.0,12256663.0
20260325,920455,汇隆活塞,141516.0,6367675.0,0.0,0.0,0.0,6367675.0
20260325,920469,富恒新材,304973.0,23299051.0,0.0,0.0,0.0,23299051.0
20260325,920471,美邦科技,198897.0,6476023.0,0.0,0.0,0.0,6476023.0
20260325,920475,三友科技,57190.0,9143396.0,0.0,0.0,0.0,9143396.0
20260325,920476,海能技术,4773684.0,30053062.0,0.0,0.0,0.0,30053062.0
20260325,920478,峆一药业,437111.0,9315487.0,0.0,0.0,0.0,9315487.0
20260325,920489,佳先股份,204051.0,33585736.0,0.0,0.0,0.0,33585736.0
20260325,920491,奥迪威,7169339.0,144551787.0,0.0,0.0,0.0,144551787.0
20260325,920493,并行科技,10509735.0,183890603.0,0.0,0.0,0.0,183890603.0
20260325,920496,许昌智能,2418055.0,25990664.0,0.0,0.0,0.0,25990664.0
20260325,920504,博迅生物,2139.0,1484962.0,0.0,0.0,0.0,1484962.0
20260325,920505,九菱科技,2030013.0,24952060.0,0.0,0.0,0.0,24952060.0
20260325,920508,殷图网联,28194.0,6323993.0,0.0,0.0,0.0,6323993.0
20260325,920509,同惠电子,1717483.0,31181801.0,0.0,0.0,0.0,31181801.0
20260325,920510,丰光精密,141332.0,18497395.0,0.0,0.0,0.0,18497395.0
20260325,920519,万德股份,506067.0,9316106.0,0.0,0.0,0.0,9316106.0
20260325,920522,纳科诺尔,6706350.0,156118276.0,0.0,0.0,0.0,156118276.0
20260325,920523,德瑞锂电,537647.0,64518397.0,0.0,0.0,0.0,64518397.0
20260325,920526,凯华材料,271436.0,8509900.0,0.0,0.0,0.0,8509900.0
20260325,920527,夜光明,47322.0,4384307.0,0.0,0.0,0.0,4384307.0
20260325,920533,骏创科技,987140.0,42566147.0,0.0,0.0,0.0,42566147.0
20260325,920541,铁大科技,226841.0,24093548.0,0.0,0.0,0.0,24093548.0
20260325,920547,无锡晶海,540317.0,8390015.0,0.0,0.0,0.0,8390015.0
20260325,920553,凯腾精工,201249.0,5737315.0,0.0,0.0,0.0,5737315.0
20260325,920556,雅达股份,3897166.0,25199072.0,0.0,0.0,0.0,25199072.0
20260325,920564,天润科技,83128.0,12538645.0,0.0,0.0,0.0,12538645.0
20260325,920566,梓橦宫,633291.0,31272029.0,0.0,0.0,0.0,31272029.0
20260325,920570,坤博精工,696591.0,12256585.0,0.0,0.0,0.0,12256585.0
20260325,920571,国航远洋,14061800.0,59575959.0,0.0,0.0,0.0,59575959.0
20260325,920575,康乐卫士,44216.0,11836214.0,0.0,0.0,0.0,11836214.0
20260325,920576,天力复合,3099606.0,53838323.0,0.0,0.0,0.0,53838323.0
20260325,920578,巨能股份,48414.0,11814727.0,0.0,0.0,0.0,11814727.0
20260325,920579,机科股份,240013.0,17109065.0,0.0,0.0,0.0,17109065.0
20260325,920580,科创新材,1520927.0,7499569.0,0.0,0.0,0.0,7499569.0
20260325,920592,华信永道,4320503.0,37248142.0,0.0,0.0,0.0,37248142.0
20260325,920593,鼎智科技,2345030.0,64182285.0,0.0,0.0,0.0,64182285.0
20260325,920599,同力股份,1336130.0,104353493.0,0.0,0.0,0.0,104353493.0
20260325,920608,丰安股份,32720.0,2933789.0,0.0,0.0,0.0,2933789.0
20260325,920627,力王股份,707257.0,13524930.0,0.0,0.0,0.0,13524930.0
20260325,920634,新威凌,305046.0,8597421.0,0.0,0.0,0.0,8597421.0
20260325,920639,晨光电缆,3088336.0,32898857.0,0.0,0.0,0.0,32898857.0
20260325,920640,富士达,2919902.0,111120216.0,0.0,0.0,0.0,111120216.0
20260325,920641,格利尔,18571155.0,20818820.0,0.0,0.0,0.0,20818820.0
20260325,920642,通易航天,321246.0,10811161.0,0.0,0.0,0.0,10811161.0
20260325,920651,天罡股份,2937902.0,6174401.0,0.0,0.0,0.0,6174401.0
20260325,920656,海昇药业,47879.0,5991503.0,0.0,0.0,0.0,5991503.0
20260325,920662,方盛股份,1276003.0,12889315.0,0.0,0.0,0.0,12889315.0
20260325,920663,明阳科技,483028.0,10080086.0,0.0,0.0,0.0,10080086.0
20260325,920665,科强股份,166651.0,12789683.0,0.0,0.0,0.0,12789683.0
20260325,920670,数字人,63698.0,8813874.0,0.0,0.0,0.0,8813874.0
20260325,920675,秉扬科技,2202067.0,13130258.0,0.0,0.0,0.0,13130258.0
20260325,920679,前进科技,138674.0,7464161.0,0.0,0.0,0.0,7464161.0
20260325,920682,球冠电缆,1030199.0,28352621.0,0.0,0.0,0.0,28352621.0
20260325,920685,新芝生物,684089.0,12125734.0,0.0,0.0,0.0,12125734.0
20260325,920689,克莱特,1139477.0,26520545.0,0.0,0.0,0.0,26520545.0
20260325,920690,捷众科技,275856.0,8496080.0,0.0,0.0,0.0,8496080.0
20260325,920693,阿为特,298356.0,23087091.0,0.0,0.0,0.0,23087091.0
20260325,920694,中裕科技,763915.0,10243040.0,0.0,0.0,0.0,10243040.0
20260325,920699,海达尔,81253.0,63327344.0,0.0,0.0,0.0,63327344.0
20260325,920701,豪声电子,1236467.0,26187628.0,0.0,0.0,0.0,26187628.0
20260325,920703,广厦环能,682127.0,24054305.0,0.0,0.0,0.0,24054305.0
20260325,920706,铁拓机械,6987873.0,21937154.0,0.0,0.0,0.0,21937154.0
20260325,920717,瑞星股份,462269.0,2275219.0,0.0,0.0,0.0,2275219.0
20260325,920718,合肥高科,254125.0,5645983.0,0.0,0.0,0.0,5645983.0
20260325,920719,宁新新材,35153.0,6487364.0,0.0,0.0,0.0,6487364.0
20260325,920720,吉冈精密,381181.0,20534316.0,0.0,0.0,0.0,20534316.0
20260325,920725,惠丰钻石,1231747.0,17380156.0,0.0,0.0,0.0,17380156.0
20260325,920726,朱老六,254285.0,11144196.0,0.0,0.0,0.0,11144196.0
20260325,920729,永顺生物,286321.0,18283315.0,0.0,0.0,0.0,18283315.0
20260325,920735,德源药业,1677370.0,48066261.0,0.0,0.0,0.0,48066261.0
20260325,920748,路桥信息,146492.0,4327681.0,0.0,0.0,0.0,4327681.0
20260325,920751,惠同新材,86170.0,26372675.0,0.0,0.0,0.0,26372675.0
20260325,920753,天纺标,175410.0,10062080.0,0.0,0.0,0.0,10062080.0
20260325,920765,美之高,206594.0,6833482.0,0.0,0.0,0.0,6833482.0
20260325,920768,拾比佰,124457.0,11196659.0,0.0,0.0,0.0,11196659.0
20260325,920770,艾能聚,3680969.0,35339458.0,0.0,0.0,0.0,35339458.0
20260325,920779,武汉蓝电,2580652.0,11470779.0,0.0,0.0,0.0,11470779.0
20260325,920781,瑞奇智造,54029.0,7082258.0,0.0,0.0,0.0,7082258.0
20260325,920786,骑士乳业,498428.0,18802571.0,0.0,0.0,0.0,18802571.0
20260325,920790,联迪信息,185658.0,17557624.0,0.0,0.0,0.0,17557624.0
20260325,920792,东和新材,28422.0,11162599.0,0.0,0.0,0.0,11162599.0
20260325,920799,艾融软件,2895670.0,141699632.0,0.0,0.0,0.0,141699632.0
20260325,920802,保丽洁,48647.0,2608895.0,0.0,0.0,0.0,2608895.0
20260325,920806,云星宇,638127.0,40208302.0,0.0,0.0,0.0,40208302.0
20260325,920807,奔朗新材,1113619.0,19341095.0,0.0,0.0,0.0,19341095.0
20260325,920808,曙光数创,7271419.0,271285082.0,0.0,0.0,0.0,271285082.0
20260325,920809,安达科技,1638598.0,42874579.0,0.0,0.0,0.0,42874579.0
20260325,920810,春光智能,61053.0,2200209.0,0.0,0.0,0.0,2200209.0
20260325,920819,颖泰生物,85347.0,31817392.0,600.0,600.0,2148.0,31819540.0
20260325,920821,则成电子,203399.0,19274831.0,0.0,0.0,0.0,19274831.0
20260325,920826,盖世食品,1995796.0,18697877.0,0.0,0.0,0.0,18697877.0
20260325,920832,齐鲁华信,5262.0,9304646.0,0.0,0.0,0.0,9304646.0
20260325,920833,美心翼申,1448451.0,14668120.0,0.0,0.0,0.0,14668120.0
20260325,920834,三维装备,308815.0,7573495.0,0.0,0.0,0.0,7573495.0
20260325,920837,华原股份,744797.0,13705809.0,0.0,0.0,0.0,13705809.0
20260325,920839,万通液压,832544.0,26156598.0,0.0,0.0,0.0,26156598.0
20260325,920855,浙江大农,86377.0,3690979.0,0.0,0.0,0.0,3690979.0
20260325,920856,浩淼科技,496781.0,11466724.0,0.0,0.0,0.0,11466724.0
20260325,920857,泓禧科技,95009.0,5115993.0,0.0,0.0,0.0,5115993.0
20260325,920866,绿亨科技,772481.0,8924113.0,0.0,0.0,0.0,8924113.0
20260325,920870,恒进感应,78966.0,12498377.0,0.0,0.0,0.0,12498377.0
20260325,920871,派特尔,150961.0,8685439.0,0.0,0.0,0.0,8685439.0
20260325,920873,中设咨询,0.0,5309666.0,0.0,0.0,0.0,5309666.0
20260325,920876,慧为智能,223171.0,10185076.0,0.0,0.0,0.0,10185076.0
20260325,920879,基康技术,283648.0,22988040.0,0.0,0.0,0.0,22988040.0
20260325,920885,星辰科技,1374220.0,33167772.0,0.0,0.0,0.0,33167772.0
20260325,920892,广咨国际,99342.0,4190842.0,0.0,0.0,0.0,4190842.0
20260325,920895,花溪科技,271575.0,1861150.0,0.0,0.0,0.0,1861150.0
20260325,920896,旺成科技,354774.0,7337252.0,0.0,0.0,0.0,7337252.0
20260325,920906,舜宇精工,218802.0,7553191.0,0.0,0.0,0.0,7553191.0
20260325,920914,远航精密,2127068.0,41360148.0,0.0,0.0,0.0,41360148.0
20260325,920924,广脉科技,6685392.0,22615721.0,0.0,0.0,0.0,22615721.0
20260325,920925,锦好医疗,773520.0,15401739.0,0.0,0.0,0.0,15401739.0
20260325,920926,鸿智科技,90736.0,7971714.0,0.0,0.0,0.0,7971714.0
20260325,920931,无锡鼎邦,430193.0,4824623.0,0.0,0.0,0.0,4824623.0
20260325,920932,科达自控,319948.0,21660648.0,0.0,0.0,0.0,21660648.0
20260325,920942,恒立钻具,1794091.0,26879293.0,0.0,0.0,0.0,26879293.0
20260325,920943,优机股份,538282.0,17386497.0,0.0,0.0,0.0,17386497.0
20260325,920946,森萱医药,375139.0,22389047.0,0.0,0.0,0.0,22389047.0
20260325,920950,迅安科技,1589.0,1998494.0,0.0,0.0,0.0,1998494.0
20260325,920953,国子软件,1414001.0,37802773.0,0.0,0.0,0.0,37802773.0
20260325,920957,汉维科技,156649.0,1117605.0,0.0,0.0,0.0,1117605.0
20260325,920961,创远信科,515014.0,48744131.0,0.0,0.0,0.0,48744131.0
20260325,920964,润农节水,58187.0,23996929.0,0.0,0.0,0.0,23996929.0
20260325,920970,大禹生物,16520.0,1988727.0,0.0,0.0,0.0,1988727.0
20260325,920971,天马新材,544057.0,45233446.0,0.0,0.0,0.0,45233446.0
20260325,920974,凯大催化,24979.0,4352086.0,0.0,0.0,0.0,4352086.0
20260325,920976,视声智能,3104004.0,27524389.0,0.0,0.0,0.0,27524389.0
20260325,920978,开特股份,3048595.0,66555694.0,0.0,0.0,0.0,66555694.0
20260325,920981,晶赛科技,791947.0,15560306.0,0.0,0.0,0.0,15560306.0
20260325,920982,锦波生物,5902082.0,354580712.0,0.0,0.0,0.0,354580712.0
20260325,920985,海泰新能,3731693.0,21583431.0,0.0,0.0,0.0,21583431.0
20260325,920992,中科美菱,157964.0,8222427.0,0.0,0.0,0.0,8222427.0
20260325,日期：2026-03-25,,,,,,,
20260326,920000,安徽凤凰,2728355.0,11977170.0,0.0,0.0,0.0,11977170.0
20260326,920001,纬达光电,1798361.0,21760709.0,0.0,0.0,0.0,21760709.0
20260326,920002,万达轴承,3498399.0,45559157.0,0.0,0.0,0.0,45559157.0
20260326,920003,中诚咨询,14000.0,4268226.0,0.0,0.0,0.0,4268226.0
20260326,920005,鼎佳精密,388333.0,13806120.0,0.0,0.0,0.0,13806120.0
20260326,920006,晟楠科技,1089835.0,12543751.0,0.0,0.0,0.0,12543751.0
20260326,920007,酉立智能,478672.0,12579764.0,0.0,0.0,0.0,12579764.0
20260326,920008,成电光信,99602.0,18404076.0,0.0,0.0,0.0,18404076.0
20260326,920009,丹娜生物,277688.0,4895735.0,0.0,0.0,0.0,4895735.0
20260326,920010,凯添燃气,14362451.0,35433139.0,0.0,0.0,0.0,35433139.0
20260326,920014,特瑞斯,2579972.0,12027273.0,0.0,0.0,0.0,12027273.0
20260326,920015,锦华新材,1000597.0,30086848.0,0.0,0.0,0.0,30086848.0
20260326,920016,中草香料,37120.0,7515464.0,0.0,0.0,0.0,7515464.0
20260326,920017,星昊医药,2384824.0,46096155.0,0.0,0.0,0.0,46096155.0
20260326,920018,宏远股份,2084319.0,30642332.0,0.0,0.0,0.0,30642332.0
20260326,920019,铜冠矿建,1281703.0,42002226.0,0.0,0.0,0.0,42002226.0
20260326,920020,泰凯英,157346.0,21511874.0,0.0,0.0,0.0,21511874.0
20260326,920021,流金科技,9118059.0,49613006.0,0.0,0.0,0.0,49613006.0
20260326,920022,世昌股份,0.0,5068311.0,0.0,0.0,0.0,5068311.0
20260326,920023,田野股份,7620.0,7275009.0,0.0,0.0,0.0,7275009.0
20260326,920026,卓兆点胶,287759.0,17624394.0,0.0,0.0,0.0,17624394.0
20260326,920027,交大铁发,1203249.0,9281686.0,0.0,0.0,0.0,9281686.0
20260326,920028,新恒泰,3116374.0,8270351.0,0.0,0.0,0.0,8270351.0
20260326,920029,开发科技,1100111.0,78946420.0,0.0,0.0,0.0,78946420.0
20260326,920030,德众汽车,409437.0,11838543.0,0.0,0.0,0.0,11838543.0
20260326,920033,康普化学,216444.0,17205614.0,0.0,0.0,0.0,17205614.0
20260326,920035,精创电气,334596.0,6992105.0,0.0,0.0,0.0,6992105.0
20260326,920036,觅睿科技,3004769.0,7486386.0,0.0,0.0,0.0,7486386.0
20260326,920037,广信科技,3155701.0,50794080.0,0.0,0.0,0.0,50794080.0
20260326,920039,国义招标,245261.0,16516194.0,0.0,0.0,0.0,16516194.0
20260326,920045,蘅东光,26848491.0,140857998.0,0.0,0.0,0.0,140857998.0
20260326,920046,亿能电力,6211732.0,22111344.0,0.0,0.0,0.0,22111344.0
20260326,920047,诺思兰德,391315.0,35550164.0,3200.0,6575.0,157800.0,35707964.0
20260326,920050,爱舍伦,406649.0,7261388.0,0.0,0.0,0.0,7261388.0
20260326,920056,能之光,308103.0,15200626.0,0.0,0.0,0.0,15200626.0
20260326,920057,百甲科技,0.0,3950586.0,0.0,0.0,0.0,3950586.0
20260326,920058,华洋赛车,865826.0,6947303.0,0.0,0.0,0.0,6947303.0
20260326,920060,万源通,5447826.0,78750478.0,0.0,0.0,0.0,78750478.0
20260326,920061,西磁科技,178780.0,11025559.0,0.0,0.0,0.0,11025559.0
20260326,920062,科润智控,4482230.0,39451140.0,0.0,0.0,0.0,39451140.0
20260326,920066,科拜尔,236493.0,10787510.0,0.0,0.0,0.0,10787510.0
20260326,920068,天工股份,1578983.0,34069047.0,0.0,0.0,0.0,34069047.0
20260326,920075,柏星龙,1358196.0,13654545.0,0.0,0.0,0.0,13654545.0
20260326,920076,国亮新材,806054.0,5688990.0,0.0,0.0,0.0,5688990.0
20260326,920077,吉林碳谷,7086582.0,127454746.0,0.0,0.0,0.0,127454746.0
20260326,920078,族兴新材,2073033.0,6024737.0,0.0,0.0,0.0,6024737.0
20260326,920080,奥美森,703466.0,11261776.0,0.0,0.0,0.0,11261776.0
20260326,920082,方正阀门,448110.0,7920323.0,0.0,0.0,0.0,7920323.0
20260326,920086,科马材料,2976057.0,18342292.0,0.0,0.0,0.0,18342292.0
20260326,920087,秋乐种业,4121660.0,26161482.0,0.0,0.0,0.0,26161482.0
20260326,920088,科力股份,22195148.0,71959095.0,0.0,0.0,0.0,71959095.0
20260326,920089,禾昌聚合,1212524.0,53883945.0,0.0,0.0,0.0,53883945.0
20260326,920090,同辉信息,2250.0,2292779.0,0.0,0.0,0.0,2292779.0
20260326,920091,大鹏工业,921835.0,18563207.0,0.0,0.0,0.0,18563207.0
20260326,920092,汉鑫科技,1692093.0,16369022.0,0.0,0.0,0.0,16369022.0
20260326,920098,科隆新材,1283352.0,30746253.0,0.0,0.0,0.0,30746253.0
20260326,920099,瑞华技术,649225.0,22679712.0,0.0,0.0,0.0,22679712.0
20260326,920100,三协电机,209380.0,17168183.0,0.0,0.0,0.0,17168183.0
20260326,920101,志高机械,1614706.0,19664068.0,0.0,0.0,0.0,19664068.0
20260326,920106,林泰新材,1529729.0,40388656.0,0.0,0.0,0.0,40388656.0
20260326,920108,宏海科技,886122.0,10373595.0,0.0,0.0,0.0,10373595.0
20260326,920110,雷特科技,381199.0,2931263.0,0.0,0.0,0.0,2931263.0
20260326,920111,聚星科技,1104214.0,26320124.0,0.0,0.0,0.0,26320124.0
20260326,920112,巴兰仕,168255.0,7600641.0,0.0,0.0,0.0,7600641.0
20260326,920116,星图测控,7972875.0,129559872.0,0.0,0.0,0.0,129559872.0
20260326,920118,太湖远大,128208.0,6665736.0,0.0,0.0,0.0,6665736.0
20260326,920119,美德乐,1654735.0,17965759.0,0.0,0.0,0.0,17965759.0
20260326,920121,江天科技,172675.0,9917859.0,0.0,0.0,0.0,9917859.0
20260326,920122,中纺标,152692.0,12979620.0,0.0,0.0,0.0,12979620.0
20260326,920123,芭薇股份,599350.0,11728167.0,0.0,0.0,0.0,11728167.0
20260326,920124,南特科技,784783.0,17289941.0,0.0,0.0,0.0,17289941.0
20260326,920128,胜业电气,1030238.0,12585271.0,0.0,0.0,0.0,12585271.0
20260326,920130,立方控股,140546.0,13188447.0,0.0,0.0,0.0,13188447.0
20260326,920132,泰鹏智能,280300.0,2078077.0,0.0,0.0,0.0,2078077.0
20260326,920139,华岭股份,745074.0,58112440.0,0.0,0.0,0.0,58112440.0
20260326,920145,恒合股份,39725.0,1536982.0,0.0,0.0,0.0,1536982.0
20260326,920146,华阳变速,559817.0,4463006.0,0.0,0.0,0.0,4463006.0
20260326,920149,旭杰科技,779611.0,4635422.0,0.0,0.0,0.0,4635422.0
20260326,920152,昆工科技,73326.0,23640315.0,0.0,0.0,0.0,23640315.0
20260326,920158,长江能科,2533921.0,10874249.0,0.0,0.0,0.0,10874249.0
20260326,920159,农大科技,3338937.0,17957953.0,0.0,0.0,0.0,17957953.0
20260326,920160,北矿检测,338186.0,19602501.0,0.0,0.0,0.0,19602501.0
20260326,920163,方大新材,328624.0,3560361.0,0.0,0.0,0.0,3560361.0
20260326,920166,海圣医疗,109993.0,3030526.0,0.0,0.0,0.0,3030526.0
20260326,920167,同享科技,5094487.0,23646107.0,0.0,0.0,0.0,23646107.0
20260326,920168,通宝光电,1890795.0,7136180.0,0.0,0.0,0.0,7136180.0
20260326,920169,七丰精工,1472695.0,16472203.0,0.0,0.0,0.0,16472203.0
20260326,920171,志晟信息,89620.0,9526861.0,0.0,0.0,0.0,9526861.0
20260326,920174,五新隧装,1430118.0,54121419.0,0.0,0.0,0.0,54121419.0
20260326,920175,东方碳素,69149.0,5123232.0,0.0,0.0,0.0,5123232.0
20260326,920179,凯德石英,7459343.0,78916613.0,0.0,0.0,0.0,78916613.0
20260326,920180,爱得科技,699602.0,5622764.0,0.0,0.0,0.0,5622764.0
20260326,920183,海菲曼,2259658.0,6286703.0,0.0,0.0,0.0,6286703.0
20260326,920184,国源科技,1175003.0,25841353.0,0.0,0.0,0.0,25841353.0
20260326,920185,贝特瑞,27829818.0,269634137.0,0.0,0.0,0.0,269634137.0
20260326,920187,通领科技,966027.0,9629455.0,0.0,0.0,0.0,9629455.0
20260326,920190,雷神科技,1425904.0,47542131.0,0.0,0.0,0.0,47542131.0
20260326,920195,三祥科技,1128870.0,15619543.0,0.0,0.0,0.0,15619543.0
20260326,920198,微创光电,172585.0,6039164.0,0.0,0.0,0.0,6039164.0
20260326,920199,倍益康,1961349.0,25293366.0,0.0,0.0,0.0,25293366.0
20260326,920204,沪江材料,1314174.0,14089775.0,0.0,0.0,0.0,14089775.0
20260326,920207,众诚科技,488412.0,10264282.0,0.0,0.0,0.0,10264282.0
20260326,920208,青矩技术,953993.0,15953862.0,0.0,0.0,0.0,15953862.0
20260326,920212,智新电子,83121.0,4224749.0,0.0,0.0,0.0,4224749.0
20260326,920221,易实精密,488201.0,6936392.0,0.0,0.0,0.0,6936392.0
20260326,920223,荣亿精密,347817.0,14844584.0,0.0,0.0,0.0,14844584.0
20260326,920225,利通科技,5080413.0,111217240.0,0.0,0.0,0.0,111217240.0
20260326,920227,美登科技,1610494.0,28922602.0,0.0,0.0,0.0,28922602.0
20260326,920230,欧康医药,285456.0,2913606.0,0.0,0.0,0.0,2913606.0
20260326,920237,力佳科技,843684.0,13929349.0,0.0,0.0,0.0,13929349.0
20260326,920239,长虹能源,4304350.0,149849778.0,0.0,0.0,0.0,149849778.0
20260326,920242,建邦科技,1180264.0,11631115.0,0.0,0.0,0.0,11631115.0
20260326,920245,威博液压,156628.0,5266836.0,0.0,0.0,0.0,5266836.0
20260326,920247,华密新材,764960.0,21365925.0,0.0,0.0,0.0,21365925.0
20260326,920249,利尔达,407501.0,26098389.0,0.0,0.0,0.0,26098389.0
20260326,920252,天宏锂电,3854619.0,32862031.0,0.0,0.0,0.0,32862031.0
20260326,920260,中寰股份,543206.0,8026877.0,0.0,0.0,0.0,8026877.0
20260326,920261,一诺威,182000.0,17205476.0,0.0,0.0,0.0,17205476.0
20260326,920262,太湖雪,743052.0,4438188.0,0.0,0.0,0.0,4438188.0
20260326,920263,中航泰达,1268113.0,7784611.0,0.0,0.0,0.0,7784611.0
20260326,920266,生物谷,3905.0,5941993.0,0.0,0.0,0.0,5941993.0
20260326,920267,鑫汇科,1105384.0,4102502.0,0.0,0.0,0.0,4102502.0
20260326,920270,天铭科技,340950.0,18327398.0,0.0,0.0,0.0,18327398.0
20260326,920271,邦德股份,960519.0,11629881.0,0.0,0.0,0.0,11629881.0
20260326,920273,一致魔芋,1398355.0,22183087.0,0.0,0.0,0.0,22183087.0
20260326,920274,宏裕包材,2028996.0,13670099.0,0.0,0.0,0.0,13670099.0
20260326,920275,驱动力,188226.0,7418566.0,0.0,0.0,0.0,7418566.0
20260326,920278,鹿得医疗,758587.0,11124953.0,0.0,0.0,0.0,11124953.0
20260326,920284,灵鸽科技,1530759.0,33539797.0,0.0,0.0,0.0,33539797.0
20260326,920299,灿能电力,4541540.0,21267686.0,0.0,0.0,0.0,21267686.0
20260326,920300,辰光医疗,273108.0,17213775.0,0.0,0.0,0.0,17213775.0
20260326,920304,迪尔化工,338824.0,11990108.0,0.0,0.0,0.0,11990108.0
20260326,920339,恒太照明,844417.0,6544126.0,0.0,0.0,0.0,6544126.0
20260326,920344,三元基因,149826.0,13658880.0,0.0,0.0,0.0,13658880.0
20260326,920346,威贸电子,931539.0,15060092.0,0.0,0.0,0.0,15060092.0
20260326,920351,华光源海,260166.0,13506427.0,0.0,0.0,0.0,13506427.0
20260326,920357,雅葆轩,1347214.0,11108353.0,0.0,0.0,0.0,11108353.0
20260326,920363,莱赛激光,941190.0,11552497.0,0.0,0.0,0.0,11552497.0
20260326,920367,新赣江,673272.0,5042693.0,0.0,0.0,0.0,5042693.0
20260326,920368,连城数控,17164352.0,289483784.0,0.0,0.0,0.0,289483784.0
20260326,920370,新安洁,348.0,2228729.0,0.0,0.0,0.0,2228729.0
20260326,920371,欧福蛋业,3220091.0,11755577.0,0.0,0.0,0.0,11755577.0
20260326,920374,云里物里,13705.0,22801508.0,0.0,0.0,0.0,22801508.0
20260326,920375,派诺科技,4161397.0,15399790.0,0.0,0.0,0.0,15399790.0
20260326,920378,泰德股份,108815.0,27884374.0,0.0,0.0,0.0,27884374.0
20260326,920392,佳合科技,280670.0,9406702.0,0.0,0.0,0.0,9406702.0
20260326,920394,民士达,1646652.0,64869217.0,0.0,0.0,0.0,64869217.0
20260326,920395,朗鸿科技,530480.0,25504697.0,0.0,0.0,0.0,25504697.0
20260326,920396,常辅股份,1374934.0,21245366.0,0.0,0.0,0.0,21245366.0
20260326,920402,硅烷科技,838816.0,57452469.0,0.0,0.0,0.0,57452469.0
20260326,920403,康农种业,660488.0,13403042.0,0.0,0.0,0.0,13403042.0
20260326,920405,海希通讯,5906415.0,104187873.0,0.0,0.0,0.0,104187873.0
20260326,920407,驰诚股份,723986.0,9010290.0,0.0,0.0,0.0,9010290.0
20260326,920414,欧普泰,144792.0,4670358.0,0.0,0.0,0.0,4670358.0
20260326,920415,恒拓开源,1035152.0,22689870.0,0.0,0.0,0.0,22689870.0
20260326,920418,苏轴股份,777325.0,61770922.0,0.0,0.0,0.0,61770922.0
20260326,920419,路斯股份,444215.0,21090349.0,0.0,0.0,0.0,21090349.0
20260326,920422,润普食品,626410.0,8354128.0,0.0,0.0,0.0,8354128.0
20260326,920425,乐创技术,772996.0,14283453.0,0.0,0.0,0.0,14283453.0
20260326,920427,华维设计,259976.0,5495895.0,0.0,0.0,0.0,5495895.0
20260326,920429,康比特,1022738.0,20621452.0,0.0,0.0,0.0,20621452.0
20260326,920433,大唐药业,15253.0,7585932.0,0.0,0.0,0.0,7585932.0
20260326,920436,大地电气,555571.0,9063315.0,0.0,0.0,0.0,9063315.0
20260326,920438,戈碧迦,1756294.0,91311318.0,0.0,0.0,0.0,91311318.0
20260326,920445,龙竹科技,938606.0,21534345.0,0.0,0.0,0.0,21534345.0
20260326,920454,同心传动,1988885.0,13133860.0,0.0,0.0,0.0,13133860.0
20260326,920455,汇隆活塞,210911.0,6458678.0,0.0,0.0,0.0,6458678.0
20260326,920469,富恒新材,227169.0,23128442.0,0.0,0.0,0.0,23128442.0
20260326,920471,美邦科技,371623.0,6794876.0,0.0,0.0,0.0,6794876.0
20260326,920475,三友科技,0.0,8965296.0,0.0,0.0,0.0,8965296.0
20260326,920476,海能技术,2404088.0,31986613.0,0.0,0.0,0.0,31986613.0
20260326,920478,峆一药业,1850549.0,9444413.0,0.0,0.0,0.0,9444413.0
20260326,920489,佳先股份,195302.0,33520650.0,0.0,0.0,0.0,33520650.0
20260326,920491,奥迪威,1875806.0,145617825.0,0.0,0.0,0.0,145617825.0
20260326,920493,并行科技,8513620.0,182925813.0,0.0,0.0,0.0,182925813.0
20260326,920496,许昌智能,2617088.0,26885580.0,0.0,0.0,0.0,26885580.0
20260326,920504,博迅生物,10925.0,1493796.0,0.0,0.0,0.0,1493796.0
20260326,920505,九菱科技,564192.0,24948687.0,0.0,0.0,0.0,24948687.0
20260326,920508,殷图网联,30548.0,6339365.0,0.0,0.0,0.0,6339365.0
20260326,920509,同惠电子,945429.0,29970031.0,0.0,0.0,0.0,29970031.0
20260326,920510,丰光精密,579175.0,18910612.0,0.0,0.0,0.0,18910612.0
20260326,920519,万德股份,285564.0,9237599.0,0.0,0.0,0.0,9237599.0
20260326,920522,纳科诺尔,18102009.0,166382563.0,0.0,0.0,0.0,166382563.0
20260326,920523,德瑞锂电,1748229.0,64348514.0,0.0,0.0,0.0,64348514.0
20260326,920526,凯华材料,239415.0,8112508.0,0.0,0.0,0.0,8112508.0
20260326,920527,夜光明,87687.0,4303433.0,0.0,0.0,0.0,4303433.0
20260326,920533,骏创科技,963900.0,42616868.0,0.0,0.0,0.0,42616868.0
20260326,920541,铁大科技,424439.0,24226461.0,0.0,0.0,0.0,24226461.0
20260326,920547,无锡晶海,929288.0,8216655.0,0.0,0.0,0.0,8216655.0
20260326,920553,凯腾精工,231957.0,5710662.0,0.0,0.0,0.0,5710662.0
20260326,920556,雅达股份,2016631.0,24931112.0,0.0,0.0,0.0,24931112.0
20260326,920564,天润科技,1150526.0,13326916.0,0.0,0.0,0.0,13326916.0
20260326,920566,梓橦宫,1029939.0,30977912.0,0.0,0.0,0.0,30977912.0
20260326,920570,坤博精工,300600.0,12201983.0,0.0,0.0,0.0,12201983.0
20260326,920571,国航远洋,8627304.0,58444474.0,0.0,0.0,0.0,58444474.0
20260326,920575,康乐卫士,11811.0,11821028.0,0.0,0.0,0.0,11821028.0
20260326,920576,天力复合,12553473.0,59298371.0,0.0,0.0,0.0,59298371.0
20260326,920578,巨能股份,1349919.0,13087285.0,0.0,0.0,0.0,13087285.0
20260326,920579,机科股份,129662.0,16993097.0,0.0,0.0,0.0,16993097.0
20260326,920580,科创新材,262319.0,7451281.0,0.0,0.0,0.0,7451281.0
20260326,920592,华信永道,3505583.0,34692305.0,0.0,0.0,0.0,34692305.0
20260326,920593,鼎智科技,1414946.0,64255850.0,0.0,0.0,0.0,64255850.0
20260326,920599,同力股份,2927285.0,104443098.0,0.0,0.0,0.0,104443098.0
20260326,920608,丰安股份,216915.0,2796198.0,0.0,0.0,0.0,2796198.0
20260326,920627,力王股份,2510232.0,14198251.0,0.0,0.0,0.0,14198251.0
20260326,920634,新威凌,351066.0,8517600.0,0.0,0.0,0.0,8517600.0
20260326,920639,晨光电缆,493074.0,32903593.0,0.0,0.0,0.0,32903593.0
20260326,920640,富士达,4238763.0,111194575.0,0.0,0.0,0.0,111194575.0
20260326,920641,格利尔,9826974.0,27876223.0,0.0,0.0,0.0,27876223.0
20260326,920642,通易航天,448533.0,11239299.0,0.0,0.0,0.0,11239299.0
20260326,920651,天罡股份,282937.0,6159574.0,0.0,0.0,0.0,6159574.0
20260326,920656,海昇药业,48422.0,6014251.0,0.0,0.0,0.0,6014251.0
20260326,920662,方盛股份,861254.0,13005152.0,0.0,0.0,0.0,13005152.0
20260326,920663,明阳科技,829394.0,10354939.0,0.0,0.0,0.0,10354939.0
20260326,920665,科强股份,340889.0,12904754.0,0.0,0.0,0.0,12904754.0
20260326,920670,数字人,205812.0,8911283.0,0.0,0.0,0.0,8911283.0
20260326,920675,秉扬科技,1375618.0,13146447.0,0.0,0.0,0.0,13146447.0
20260326,920679,前进科技,329027.0,7584092.0,0.0,0.0,0.0,7584092.0
20260326,920682,球冠电缆,2904526.0,28979495.0,0.0,0.0,0.0,28979495.0
20260326,920685,新芝生物,518124.0,12044052.0,0.0,0.0,0.0,12044052.0
20260326,920689,克莱特,1209771.0,26297852.0,0.0,0.0,0.0,26297852.0
20260326,920690,捷众科技,682272.0,8381153.0,0.0,0.0,0.0,8381153.0
20260326,920693,阿为特,526499.0,23355331.0,0.0,0.0,0.0,23355331.0
20260326,920694,中裕科技,955297.0,10130627.0,0.0,0.0,0.0,10130627.0
20260326,920699,海达尔,344050.0,63248069.0,0.0,0.0,0.0,63248069.0
20260326,920701,豪声电子,1592059.0,26333825.0,0.0,0.0,0.0,26333825.0
20260326,920703,广厦环能,521333.0,23658118.0,0.0,0.0,0.0,23658118.0
20260326,920706,铁拓机械,937621.0,22519872.0,0.0,0.0,0.0,22519872.0
20260326,920717,瑞星股份,25226.0,2146146.0,0.0,0.0,0.0,2146146.0
20260326,920718,合肥高科,269999.0,5450794.0,0.0,0.0,0.0,5450794.0
20260326,920719,宁新新材,291795.0,6626651.0,0.0,0.0,0.0,6626651.0
20260326,920720,吉冈精密,823744.0,20377625.0,0.0,0.0,0.0,20377625.0
20260326,920725,惠丰钻石,483144.0,17271906.0,0.0,0.0,0.0,17271906.0
20260326,920726,朱老六,1490677.0,12241532.0,0.0,0.0,0.0,12241532.0
20260326,920729,永顺生物,1037810.0,17833389.0,0.0,0.0,0.0,17833389.0
20260326,920735,德源药业,2113848.0,46222872.0,0.0,0.0,0.0,46222872.0
20260326,920748,路桥信息,162231.0,4301433.0,0.0,0.0,0.0,4301433.0
20260326,920751,惠同新材,345776.0,25350013.0,0.0,0.0,0.0,25350013.0
20260326,920753,天纺标,193447.0,9946671.0,0.0,0.0,0.0,9946671.0
20260326,920765,美之高,195878.0,6814249.0,0.0,0.0,0.0,6814249.0
20260326,920768,拾比佰,659140.0,11425921.0,0.0,0.0,0.0,11425921.0
20260326,920770,艾能聚,3583917.0,36706374.0,0.0,0.0,0.0,36706374.0
20260326,920779,武汉蓝电,3572860.0,11401778.0,0.0,0.0,0.0,11401778.0
20260326,920781,瑞奇智造,26769.0,6999623.0,0.0,0.0,0.0,6999623.0
20260326,920786,骑士乳业,852019.0,18856919.0,0.0,0.0,0.0,18856919.0
20260326,920790,联迪信息,317230.0,17501415.0,0.0,0.0,0.0,17501415.0
20260326,920792,东和新材,513927.0,11021258.0,0.0,0.0,0.0,11021258.0
20260326,920799,艾融软件,1714920.0,140430150.0,0.0,0.0,0.0,140430150.0
20260326,920802,保丽洁,4248.0,2613143.0,0.0,0.0,0.0,2613143.0
20260326,920806,云星宇,377681.0,39464532.0,0.0,0.0,0.0,39464532.0
20260326,920807,奔朗新材,647118.0,19433449.0,0.0,0.0,0.0,19433449.0
20260326,920808,曙光数创,5752672.0,269901574.0,0.0,0.0,0.0,269901574.0
20260326,920809,安达科技,2633798.0,41399434.0,0.0,0.0,0.0,41399434.0
20260326,920810,春光智能,23439.0,2148003.0,0.0,0.0,0.0,2148003.0
20260326,920819,颖泰生物,128034.0,31725405.0,0.0,0.0,0.0,31725405.0
20260326,920821,则成电子,1980340.0,19290975.0,0.0,0.0,0.0,19290975.0
20260326,920826,盖世食品,53858.0,18382992.0,0.0,0.0,0.0,18382992.0
20260326,920832,齐鲁华信,179250.0,9387595.0,0.0,0.0,0.0,9387595.0
20260326,920833,美心翼申,977911.0,14846678.0,0.0,0.0,0.0,14846678.0
20260326,920834,三维装备,934683.0,7487211.0,0.0,0.0,0.0,7487211.0
20260326,920837,华原股份,1323855.0,13730369.0,0.0,0.0,0.0,13730369.0
20260326,920839,万通液压,2088455.0,26462214.0,0.0,0.0,0.0,26462214.0
20260326,920855,浙江大农,284983.0,3627199.0,0.0,0.0,0.0,3627199.0
20260326,920856,浩淼科技,97000.0,11379143.0,0.0,0.0,0.0,11379143.0
20260326,920857,泓禧科技,1387643.0,5084892.0,0.0,0.0,0.0,5084892.0
20260326,920866,绿亨科技,770722.0,8551683.0,0.0,0.0,0.0,8551683.0
20260326,920870,恒进感应,169928.0,12616350.0,0.0,0.0,0.0,12616350.0
20260326,920871,派特尔,475865.0,8992352.0,0.0,0.0,0.0,8992352.0
20260326,920873,中设咨询,0.0,5309666.0,0.0,0.0,0.0,5309666.0
20260326,920876,慧为智能,7305.0,10071079.0,0.0,0.0,0.0,10071079.0
20260326,920879,基康技术,68714.0,22855135.0,0.0,0.0,0.0,22855135.0
20260326,920885,星辰科技,2627714.0,31201687.0,0.0,0.0,0.0,31201687.0
20260326,920892,广咨国际,397723.0,4216204.0,0.0,0.0,0.0,4216204.0
20260326,920895,花溪科技,169282.0,1960232.0,0.0,0.0,0.0,1960232.0
20260326,920896,旺成科技,1256092.0,7197869.0,0.0,0.0,0.0,7197869.0
20260326,920906,舜宇精工,9361.0,7256554.0,0.0,0.0,0.0,7256554.0
20260326,920914,远航精密,1473817.0,42069763.0,0.0,0.0,0.0,42069763.0
20260326,920924,广脉科技,1929849.0,20746310.0,0.0,0.0,0.0,20746310.0
20260326,920925,锦好医疗,525799.0,15192128.0,0.0,0.0,0.0,15192128.0
20260326,920926,鸿智科技,1159728.0,8071068.0,0.0,0.0,0.0,8071068.0
20260326,920931,无锡鼎邦,259307.0,4810540.0,0.0,0.0,0.0,4810540.0
20260326,920932,科达自控,706513.0,22160490.0,0.0,0.0,0.0,22160490.0
20260326,920942,恒立钻具,885818.0,26989769.0,0.0,0.0,0.0,26989769.0
20260326,920943,优机股份,139153.0,17158663.0,0.0,0.0,0.0,17158663.0
20260326,920946,森萱医药,259780.0,22116898.0,0.0,0.0,0.0,22116898.0
20260326,920950,迅安科技,269310.0,1998494.0,0.0,0.0,0.0,1998494.0
20260326,920953,国子软件,992730.0,38255888.0,0.0,0.0,0.0,38255888.0
20260326,920957,汉维科技,638681.0,1185938.0,0.0,0.0,0.0,1185938.0
20260326,920961,创远信科,463064.0,48114033.0,0.0,0.0,0.0,48114033.0
20260326,920964,润农节水,225379.0,24205498.0,0.0,0.0,0.0,24205498.0
20260326,920970,大禹生物,11040.0,1999767.0,0.0,0.0,0.0,1999767.0
20260326,920971,天马新材,1872928.0,45413223.0,0.0,0.0,0.0,45413223.0
20260326,920974,凯大催化,116240.0,4462321.0,0.0,0.0,0.0,4462321.0
20260326,920976,视声智能,3479865.0,29327873.0,0.0,0.0,0.0,29327873.0
20260326,920978,开特股份,3190803.0,67126553.0,0.0,0.0,0.0,67126553.0
20260326,920981,晶赛科技,2372336.0,17347344.0,0.0,0.0,0.0,17347344.0
20260326,920982,锦波生物,2374098.0,353572014.0,0.0,0.0,0.0,353572014.0
20260326,920985,海泰新能,1639624.0,22192726.0,0.0,0.0,0.0,22192726.0
20260326,920992,中科美菱,2425139.0,8970972.0,0.0,0.0,0.0,8970972.0
20260326,日期：2026-03-26,,,,,,,
20260303,920000,安徽凤凰,1693318.0,10382687.0,0.0,0.0,0.0,10382687.0
20260303,920001,纬达光电,688371.0,16599606.0,0.0,0.0,0.0,16599606.0
20260303,920002,万达轴承,1834821.0,50555457.0,0.0,0.0,0.0,50555457.0
20260303,920003,中诚咨询,79026.0,4258571.0,0.0,0.0,0.0,4258571.0
20260303,920005,鼎佳精密,760126.0,14690611.0,0.0,0.0,0.0,14690611.0
20260303,920006,晟楠科技,2395852.0,15433679.0,0.0,0.0,0.0,15433679.0
20260303,920007,酉立智能,1635762.0,11451900.0,0.0,0.0,0.0,11451900.0
20260303,920008,成电光信,7750360.0,20267238.0,0.0,0.0,0.0,20267238.0
20260303,920009,丹娜生物,520968.0,6435520.0,0.0,0.0,0.0,6435520.0
20260303,920010,凯添燃气,22138082.0,32227050.0,0.0,0.0,0.0,32227050.0
20260303,920014,特瑞斯,8332905.0,9270950.0,0.0,0.0,0.0,9270950.0
20260303,920015,锦华新材,1384279.0,36571649.0,0.0,0.0,0.0,36571649.0
20260303,920016,中草香料,630803.0,7359477.0,0.0,0.0,0.0,7359477.0
20260303,920017,星昊医药,1369068.0,43583966.0,0.0,0.0,0.0,43583966.0
20260303,920018,宏远股份,4138349.0,32224884.0,0.0,0.0,0.0,32224884.0
20260303,920019,铜冠矿建,13000785.0,48563182.0,0.0,0.0,0.0,48563182.0
20260303,920020,泰凯英,1179944.0,19957226.0,0.0,0.0,0.0,19957226.0
20260303,920021,流金科技,8573710.0,63302575.0,0.0,0.0,0.0,63302575.0
20260303,920022,世昌股份,160849.0,3363827.0,0.0,0.0,0.0,3363827.0
20260303,920023,田野股份,190604.0,7441953.0,0.0,0.0,0.0,7441953.0
20260303,920026,卓兆点胶,527232.0,12325212.0,0.0,0.0,0.0,12325212.0
20260303,920027,交大铁发,1214248.0,8351347.0,0.0,0.0,0.0,8351347.0
20260303,920029,开发科技,5748560.0,85496529.0,0.0,0.0,0.0,85496529.0
20260303,920030,德众汽车,287056.0,13440565.0,0.0,0.0,0.0,13440565.0
20260303,920033,康普化学,894382.0,17869564.0,0.0,0.0,0.0,17869564.0
20260303,920035,精创电气,253996.0,6669877.0,0.0,0.0,0.0,6669877.0
20260303,920037,广信科技,4068696.0,55002652.0,0.0,0.0,0.0,55002652.0
20260303,920039,国义招标,449679.0,16034821.0,0.0,0.0,0.0,16034821.0
20260303,920045,蘅东光,50568533.0,134153030.0,0.0,0.0,0.0,134153030.0
20260303,920046,亿能电力,6313555.0,18310468.0,0.0,0.0,0.0,18310468.0
20260303,920047,诺思兰德,822418.0,35017792.0,2000.0,2000.0,42380.0,35060172.0
20260303,920050,爱舍伦,793300.0,6289845.0,0.0,0.0,0.0,6289845.0
20260303,920056,能之光,783495.0,17806424.0,0.0,0.0,0.0,17806424.0
20260303,920057,百甲科技,507342.0,4469366.0,0.0,0.0,0.0,4469366.0
20260303,920058,华洋赛车,630048.0,6482744.0,0.0,0.0,0.0,6482744.0
20260303,920060,万源通,11772111.0,74928108.0,0.0,0.0,0.0,74928108.0
20260303,920061,西磁科技,529083.0,12276654.0,0.0,0.0,0.0,12276654.0
20260303,920062,科润智控,5011815.0,40049548.0,0.0,0.0,0.0,40049548.0
20260303,920066,科拜尔,605580.0,11677226.0,0.0,0.0,0.0,11677226.0
20260303,920068,天工股份,2856689.0,32662511.0,0.0,0.0,0.0,32662511.0
20260303,920075,柏星龙,1551922.0,14316767.0,0.0,0.0,0.0,14316767.0
20260303,920076,国亮新材,110775.0,5830548.0,0.0,0.0,0.0,5830548.0
20260303,920077,吉林碳谷,6523981.0,104279716.0,0.0,0.0,0.0,104279716.0
20260303,920080,奥美森,243840.0,10682389.0,0.0,0.0,0.0,10682389.0
20260303,920082,方正阀门,6363989.0,9777702.0,0.0,0.0,0.0,9777702.0
20260303,920086,科马材料,138952.0,13786785.0,0.0,0.0,0.0,13786785.0
20260303,920087,秋乐种业,23282451.0,35017841.0,0.0,0.0,0.0,35017841.0
20260303,920088,科力股份,29303910.0,54281616.0,0.0,0.0,0.0,54281616.0
20260303,920089,禾昌聚合,3104425.0,44626728.0,0.0,0.0,0.0,44626728.0
20260303,920090,同辉信息,218194.0,3997274.0,0.0,0.0,0.0,3997274.0
20260303,920091,大鹏工业,1563109.0,19398568.0,0.0,0.0,0.0,19398568.0
20260303,920092,汉鑫科技,1651505.0,21998482.0,0.0,0.0,0.0,21998482.0
20260303,920098,科隆新材,3804256.0,32586363.0,0.0,0.0,0.0,32586363.0
20260303,920099,瑞华技术,13414515.0,23430270.0,0.0,0.0,0.0,23430270.0
20260303,920100,三协电机,770153.0,19946049.0,0.0,0.0,0.0,19946049.0
20260303,920101,志高机械,1533655.0,22309999.0,0.0,0.0,0.0,22309999.0
20260303,920106,林泰新材,4495969.0,38695530.0,0.0,0.0,0.0,38695530.0
20260303,920108,宏海科技,395425.0,9465556.0,0.0,0.0,0.0,9465556.0
20260303,920110,雷特科技,435048.0,2539175.0,0.0,0.0,0.0,2539175.0
20260303,920111,聚星科技,1023966.0,28816584.0,0.0,0.0,0.0,28816584.0
20260303,920112,巴兰仕,385574.0,7930218.0,0.0,0.0,0.0,7930218.0
20260303,920116,星图测控,20331165.0,154487895.0,0.0,0.0,0.0,154487895.0
20260303,920118,太湖远大,328186.0,6062689.0,0.0,0.0,0.0,6062689.0
20260303,920119,美德乐,1445462.0,16331281.0,0.0,0.0,0.0,16331281.0
20260303,920121,江天科技,179171.0,10280544.0,0.0,0.0,0.0,10280544.0
20260303,920122,中纺标,1455243.0,11903880.0,0.0,0.0,0.0,11903880.0
20260303,920123,芭薇股份,1108887.0,10265065.0,0.0,0.0,0.0,10265065.0
20260303,920124,南特科技,650584.0,17058632.0,0.0,0.0,0.0,17058632.0
20260303,920128,胜业电气,460417.0,15269984.0,0.0,0.0,0.0,15269984.0
20260303,920130,立方控股,484564.0,14270197.0,0.0,0.0,0.0,14270197.0
20260303,920132,泰鹏智能,2266374.0,2749794.0,0.0,0.0,0.0,2749794.0
20260303,920139,华岭股份,2195706.0,59873712.0,0.0,0.0,0.0,59873712.0
20260303,920145,恒合股份,882539.0,2966580.0,0.0,0.0,0.0,2966580.0
20260303,920146,华阳变速,250519.0,4761854.0,0.0,0.0,0.0,4761854.0
20260303,920149,旭杰科技,656836.0,5474537.0,0.0,0.0,0.0,5474537.0
20260303,920152,昆工科技,967673.0,22994408.0,0.0,0.0,0.0,22994408.0
20260303,920158,长江能科,10782305.0,10468769.0,0.0,0.0,0.0,10468769.0
20260303,920159,农大科技,5097123.0,9161056.0,0.0,0.0,0.0,9161056.0
20260303,920160,北矿检测,833129.0,15509731.0,0.0,0.0,0.0,15509731.0
20260303,920163,方大新材,857841.0,4105121.0,0.0,0.0,0.0,4105121.0
20260303,920166,海圣医疗,2423676.0,2667093.0,0.0,0.0,0.0,2667093.0
20260303,920167,同享科技,6609462.0,23017391.0,0.0,0.0,0.0,23017391.0
20260303,920168,通宝光电,925002.0,6618373.0,0.0,0.0,0.0,6618373.0
20260303,920169,七丰精工,5161878.0,17845169.0,0.0,0.0,0.0,17845169.0
20260303,920171,志晟信息,667069.0,10580781.0,0.0,0.0,0.0,10580781.0
20260303,920174,五新隧装,6924446.0,57661920.0,0.0,0.0,0.0,57661920.0
20260303,920175,东方碳素,287588.0,5717412.0,0.0,0.0,0.0,5717412.0
20260303,920179,凯德石英,11107665.0,121070911.0,0.0,0.0,0.0,121070911.0
20260303,920180,爱得科技,1730012.0,5388503.0,0.0,0.0,0.0,5388503.0
20260303,920184,国源科技,814276.0,25854149.0,0.0,0.0,0.0,25854149.0
20260303,920185,贝特瑞,12822843.0,286186395.0,0.0,0.0,0.0,286186395.0
20260303,920190,雷神科技,2645256.0,53274262.0,0.0,0.0,0.0,53274262.0
20260303,920195,三祥科技,450879.0,14601496.0,0.0,0.0,0.0,14601496.0
20260303,920198,微创光电,421269.0,5805495.0,0.0,0.0,0.0,5805495.0
20260303,920199,倍益康,5819481.0,25137792.0,0.0,0.0,0.0,25137792.0
20260303,920204,沪江材料,2610688.0,14101153.0,0.0,0.0,0.0,14101153.0
20260303,920207,众诚科技,4938475.0,15190729.0,0.0,0.0,0.0,15190729.0
20260303,920208,青矩技术,506561.0,20334545.0,0.0,0.0,0.0,20334545.0
20260303,920212,智新电子,1288392.0,4446067.0,0.0,0.0,0.0,4446067.0
20260303,920221,易实精密,1303260.0,7038153.0,0.0,0.0,0.0,7038153.0
20260303,920223,荣亿精密,996069.0,14161716.0,0.0,0.0,0.0,14161716.0
20260303,920225,利通科技,12777243.0,84576619.0,0.0,0.0,0.0,84576619.0
20260303,920227,美登科技,1086982.0,30102290.0,0.0,0.0,0.0,30102290.0
20260303,920230,欧康医药,864783.0,3710989.0,0.0,0.0,0.0,3710989.0
20260303,920237,力佳科技,2367797.0,13082121.0,0.0,0.0,0.0,13082121.0
20260303,920239,长虹能源,2558453.0,83841545.0,0.0,0.0,0.0,83841545.0
20260303,920242,建邦科技,843938.0,12042418.0,0.0,0.0,0.0,12042418.0
20260303,920245,威博液压,711036.0,7635995.0,0.0,0.0,0.0,7635995.0
20260303,920247,华密新材,2663337.0,27401727.0,0.0,0.0,0.0,27401727.0
20260303,920249,利尔达,2696382.0,32681046.0,0.0,0.0,0.0,32681046.0
20260303,920252,天宏锂电,2422399.0,31907031.0,0.0,0.0,0.0,31907031.0
20260303,920260,中寰股份,8044017.0,7532988.0,0.0,0.0,0.0,7532988.0
20260303,920261,一诺威,974781.0,17591178.0,0.0,0.0,0.0,17591178.0
20260303,920262,太湖雪,357668.0,5110486.0,0.0,0.0,0.0,5110486.0
20260303,920263,中航泰达,1649156.0,7488602.0,0.0,0.0,0.0,7488602.0
20260303,920266,生物谷,128595.0,6710919.0,0.0,0.0,0.0,6710919.0
20260303,920267,鑫汇科,1092442.0,4939973.0,0.0,0.0,0.0,4939973.0
20260303,920270,天铭科技,12972341.0,29680648.0,0.0,0.0,0.0,29680648.0
20260303,920271,邦德股份,1043218.0,12542180.0,0.0,0.0,0.0,12542180.0
20260303,920273,一致魔芋,3075392.0,24132885.0,0.0,0.0,0.0,24132885.0
20260303,920274,宏裕包材,1908804.0,14380224.0,0.0,0.0,0.0,14380224.0
20260303,920275,驱动力,967839.0,9081866.0,0.0,0.0,0.0,9081866.0
20260303,920278,鹿得医疗,564455.0,9603770.0,0.0,0.0,0.0,9603770.0
20260303,920284,灵鸽科技,3342502.0,33777977.0,0.0,0.0,0.0,33777977.0
20260303,920299,灿能电力,9527406.0,18369574.0,0.0,0.0,0.0,18369574.0
20260303,920300,辰光医疗,425031.0,18355422.0,0.0,0.0,0.0,18355422.0
20260303,920304,迪尔化工,5369946.0,12670332.0,0.0,0.0,0.0,12670332.0
20260303,920339,恒太照明,1039243.0,7181115.0,0.0,0.0,0.0,7181115.0
20260303,920344,三元基因,894028.0,16757774.0,0.0,0.0,0.0,16757774.0
20260303,920346,威贸电子,1350553.0,22651072.0,0.0,0.0,0.0,22651072.0
20260303,920351,华光源海,9913498.0,12411023.0,0.0,0.0,0.0,12411023.0
20260303,920357,雅葆轩,757715.0,11125079.0,0.0,0.0,0.0,11125079.0
20260303,920363,莱赛激光,2619831.0,12321938.0,0.0,0.0,0.0,12321938.0
20260303,920367,新赣江,1215968.0,11489869.0,0.0,0.0,0.0,11489869.0
20260303,920368,连城数控,54308490.0,331906826.0,0.0,3200.0,151456.0,332058282.0
20260303,920370,新安洁,934155.0,2252236.0,0.0,0.0,0.0,2252236.0
20260303,920371,欧福蛋业,972228.0,10615705.0,0.0,0.0,0.0,10615705.0
20260303,920374,云里物里,320222.0,22257707.0,0.0,0.0,0.0,22257707.0
20260303,920375,派诺科技,963112.0,11780808.0,0.0,0.0,0.0,11780808.0
20260303,920378,泰德股份,1395450.0,27244829.0,0.0,0.0,0.0,27244829.0
20260303,920392,佳合科技,1897981.0,10734848.0,0.0,0.0,0.0,10734848.0
20260303,920394,民士达,3795406.0,63110658.0,0.0,0.0,0.0,63110658.0
20260303,920395,朗鸿科技,1414462.0,32029573.0,0.0,0.0,0.0,32029573.0
20260303,920396,常辅股份,5414384.0,23673425.0,0.0,0.0,0.0,23673425.0
20260303,920402,硅烷科技,6303160.0,65576073.0,0.0,0.0,0.0,65576073.0
20260303,920403,康农种业,8685517.0,13422572.0,0.0,0.0,0.0,13422572.0
20260303,920405,海希通讯,2284899.0,108241593.0,0.0,0.0,0.0,108241593.0
20260303,920407,驰诚股份,1240304.0,8443027.0,0.0,0.0,0.0,8443027.0
20260303,920414,欧普泰,1497197.0,5750444.0,0.0,0.0,0.0,5750444.0
20260303,920415,恒拓开源,1674510.0,23564838.0,0.0,0.0,0.0,23564838.0
20260303,920418,苏轴股份,6095109.0,60480372.0,0.0,0.0,0.0,60480372.0
20260303,920419,路斯股份,683567.0,17675548.0,0.0,0.0,0.0,17675548.0
20260303,920422,润普食品,1195701.0,8477650.0,0.0,0.0,0.0,8477650.0
20260303,920425,乐创技术,3422354.0,16526186.0,0.0,0.0,0.0,16526186.0
20260303,920427,华维设计,391714.0,6403009.0,0.0,0.0,0.0,6403009.0
20260303,920429,康比特,730911.0,18840589.0,0.0,0.0,0.0,18840589.0
20260303,920433,大唐药业,477776.0,7028585.0,0.0,0.0,0.0,7028585.0
20260303,920436,大地电气,651501.0,9522318.0,0.0,0.0,0.0,9522318.0
20260303,920438,戈碧迦,14732694.0,116331497.0,0.0,0.0,0.0,116331497.0
20260303,920445,龙竹科技,1600957.0,25588543.0,0.0,0.0,0.0,25588543.0
20260303,920454,同心传动,478944.0,18027365.0,0.0,0.0,0.0,18027365.0
20260303,920455,汇隆活塞,1443281.0,6154109.0,0.0,0.0,0.0,6154109.0
20260303,920469,富恒新材,2064632.0,24708037.0,0.0,0.0,0.0,24708037.0
20260303,920471,美邦科技,1002074.0,6891726.0,0.0,0.0,0.0,6891726.0
20260303,920475,三友科技,420211.0,10674798.0,0.0,0.0,0.0,10674798.0
20260303,920476,海能技术,3491061.0,31116243.0,0.0,0.0,0.0,31116243.0
20260303,920478,峆一药业,1212688.0,10792883.0,0.0,0.0,0.0,10792883.0
20260303,920489,佳先股份,905256.0,35271812.0,0.0,0.0,0.0,35271812.0
20260303,920491,奥迪威,4301580.0,130176529.0,0.0,0.0,0.0,130176529.0
20260303,920493,并行科技,12075149.0,186065433.0,0.0,0.0,0.0,186065433.0
20260303,920496,许昌智能,727586.0,26556058.0,0.0,0.0,0.0,26556058.0
20260303,920504,博迅生物,318812.0,1481465.0,0.0,0.0,0.0,1481465.0
20260303,920505,九菱科技,3310859.0,25542799.0,0.0,0.0,0.0,25542799.0
20260303,920508,殷图网联,251611.0,5601454.0,0.0,0.0,0.0,5601454.0
20260303,920509,同惠电子,617395.0,33468067.0,0.0,0.0,0.0,33468067.0
20260303,920510,丰光精密,1149308.0,20476612.0,0.0,0.0,0.0,20476612.0
20260303,920519,万德股份,3860005.0,8465368.0,0.0,0.0,0.0,8465368.0
20260303,920522,纳科诺尔,16056151.0,142289102.0,0.0,0.0,0.0,142289102.0
20260303,920523,德瑞锂电,3167347.0,71696523.0,0.0,0.0,0.0,71696523.0
20260303,920526,凯华材料,1666347.0,8565088.0,0.0,0.0,0.0,8565088.0
20260303,920527,夜光明,262473.0,4121637.0,0.0,0.0,0.0,4121637.0
20260303,920533,骏创科技,3268538.0,47706138.0,0.0,0.0,0.0,47706138.0
20260303,920541,铁大科技,1281936.0,26655159.0,0.0,0.0,0.0,26655159.0
20260303,920547,无锡晶海,1385820.0,11300524.0,0.0,0.0,0.0,11300524.0
20260303,920553,凯腾精工,1551479.0,5310158.0,0.0,0.0,0.0,5310158.0
20260303,920556,雅达股份,936254.0,29378337.0,0.0,0.0,0.0,29378337.0
20260303,920564,天润科技,984046.0,15120063.0,0.0,0.0,0.0,15120063.0
20260303,920566,梓橦宫,1876905.0,32880721.0,0.0,0.0,0.0,32880721.0
20260303,920570,坤博精工,1596216.0,11443473.0,0.0,0.0,0.0,11443473.0
20260303,920571,国航远洋,62444665.0,72467704.0,0.0,0.0,0.0,72467704.0
20260303,920575,康乐卫士,376295.0,12900712.0,0.0,0.0,0.0,12900712.0
20260303,920576,天力复合,14465676.0,64857158.0,0.0,0.0,0.0,64857158.0
20260303,920578,巨能股份,342741.0,14918186.0,0.0,0.0,0.0,14918186.0
20260303,920579,机科股份,755246.0,15056408.0,0.0,0.0,0.0,15056408.0
20260303,920580,科创新材,1601856.0,6841610.0,0.0,0.0,0.0,6841610.0
20260303,920592,华信永道,1694346.0,32672176.0,0.0,0.0,0.0,32672176.0
20260303,920593,鼎智科技,4510847.0,71177727.0,0.0,0.0,0.0,71177727.0
20260303,920599,同力股份,6567581.0,126713698.0,0.0,0.0,0.0,126713698.0
20260303,920608,丰安股份,541650.0,2897726.0,0.0,0.0,0.0,2897726.0
20260303,920627,力王股份,2478094.0,13329392.0,0.0,0.0,0.0,13329392.0
20260303,920634,新威凌,2716048.0,11806654.0,0.0,0.0,0.0,11806654.0
20260303,920639,晨光电缆,978550.0,32700266.0,0.0,0.0,0.0,32700266.0
20260303,920640,富士达,19012382.0,131862470.0,0.0,0.0,0.0,131862470.0
20260303,920641,格利尔,315169.0,7910968.0,0.0,0.0,0.0,7910968.0
20260303,920642,通易航天,751452.0,10706583.0,0.0,0.0,0.0,10706583.0
20260303,920651,天罡股份,396133.0,3509388.0,0.0,0.0,0.0,3509388.0
20260303,920656,海昇药业,276741.0,5996879.0,0.0,0.0,0.0,5996879.0
20260303,920662,方盛股份,2412151.0,15414230.0,0.0,0.0,0.0,15414230.0
20260303,920663,明阳科技,1406771.0,10105668.0,0.0,0.0,0.0,10105668.0
20260303,920665,科强股份,2673025.0,14183760.0,0.0,0.0,0.0,14183760.0
20260303,920670,数字人,676754.0,10319363.0,0.0,0.0,0.0,10319363.0
20260303,920675,秉扬科技,6803316.0,8879936.0,0.0,0.0,0.0,8879936.0
20260303,920679,前进科技,203366.0,6528660.0,0.0,0.0,0.0,6528660.0
20260303,920682,球冠电缆,1622508.0,25420887.0,0.0,0.0,0.0,25420887.0
20260303,920685,新芝生物,249658.0,5597753.0,0.0,0.0,0.0,5597753.0
20260303,920689,克莱特,3255356.0,22178535.0,0.0,0.0,0.0,22178535.0
20260303,920690,捷众科技,3218856.0,21756659.0,0.0,0.0,0.0,21756659.0
20260303,920693,阿为特,489621.0,22165101.0,0.0,0.0,0.0,22165101.0
20260303,920694,中裕科技,6901550.0,13235595.0,0.0,0.0,0.0,13235595.0
20260303,920699,海达尔,755434.0,63411330.0,0.0,0.0,0.0,63411330.0
20260303,920701,豪声电子,754198.0,28065752.0,0.0,0.0,0.0,28065752.0
20260303,920703,广厦环能,5234278.0,22472095.0,0.0,0.0,0.0,22472095.0
20260303,920706,铁拓机械,4550273.0,34438215.0,0.0,0.0,0.0,34438215.0
20260303,920717,瑞星股份,4608550.0,5297225.0,0.0,0.0,0.0,5297225.0
20260303,920718,合肥高科,578690.0,5467509.0,0.0,0.0,0.0,5467509.0
20260303,920719,宁新新材,278152.0,6367888.0,0.0,0.0,0.0,6367888.0
20260303,920720,吉冈精密,447289.0,17441429.0,0.0,0.0,0.0,17441429.0
20260303,920725,惠丰钻石,4191591.0,23353811.0,0.0,0.0,0.0,23353811.0
20260303,920726,朱老六,2430659.0,13582377.0,0.0,0.0,0.0,13582377.0
20260303,920729,永顺生物,1907730.0,10539347.0,0.0,0.0,0.0,10539347.0
20260303,920735,德源药业,3392953.0,58425654.0,0.0,0.0,0.0,58425654.0
20260303,920748,路桥信息,913015.0,3668350.0,0.0,0.0,0.0,3668350.0
20260303,920751,惠同新材,3001728.0,27479314.0,0.0,0.0,0.0,27479314.0
20260303,920753,天纺标,1519866.0,11898530.0,0.0,0.0,0.0,11898530.0
20260303,920765,美之高,1465667.0,6448886.0,0.0,0.0,0.0,6448886.0
20260303,920768,拾比佰,177183.0,12111993.0,0.0,0.0,0.0,12111993.0
20260303,920770,艾能聚,5320642.0,39156217.0,0.0,0.0,0.0,39156217.0
20260303,920779,武汉蓝电,1609236.0,13362355.0,0.0,0.0,0.0,13362355.0
20260303,920781,瑞奇智造,10894337.0,13296747.0,0.0,0.0,0.0,13296747.0
20260303,920786,骑士乳业,2064586.0,19696504.0,0.0,0.0,0.0,19696504.0
20260303,920790,联迪信息,271005.0,18748875.0,0.0,0.0,0.0,18748875.0
20260303,920792,东和新材,850662.0,11654373.0,0.0,0.0,0.0,11654373.0
20260303,920799,艾融软件,3316373.0,143904536.0,0.0,0.0,0.0,143904536.0
20260303,920802,保丽洁,196969.0,1551005.0,0.0,0.0,0.0,1551005.0
20260303,920806,云星宇,1852234.0,44904624.0,0.0,0.0,0.0,44904624.0
20260303,920807,奔朗新材,3372840.0,21271995.0,0.0,0.0,0.0,21271995.0
20260303,920808,曙光数创,19050372.0,290737512.0,0.0,0.0,0.0,290737512.0
20260303,920809,安达科技,2856937.0,46878188.0,0.0,0.0,0.0,46878188.0
20260303,920810,春光智能,231698.0,1667780.0,0.0,0.0,0.0,1667780.0
20260303,920819,颖泰生物,1271926.0,33754347.0,0.0,0.0,0.0,33754347.0
20260303,920821,则成电子,2663515.0,21842181.0,0.0,0.0,0.0,21842181.0
20260303,920826,盖世食品,3064098.0,21428757.0,0.0,0.0,0.0,21428757.0
20260303,920832,齐鲁华信,2114373.0,8349296.0,0.0,0.0,0.0,8349296.0
20260303,920833,美心翼申,1860368.0,18632562.0,0.0,0.0,0.0,18632562.0
20260303,920834,三维装备,640443.0,6683006.0,0.0,0.0,0.0,6683006.0
20260303,920837,华原股份,1392227.0,16355744.0,0.0,0.0,0.0,16355744.0
20260303,920839,万通液压,2801985.0,26184438.0,0.0,0.0,0.0,26184438.0
20260303,920855,浙江大农,550037.0,3521092.0,0.0,0.0,0.0,3521092.0
20260303,920856,浩淼科技,365301.0,12819351.0,0.0,0.0,0.0,12819351.0
20260303,920857,泓禧科技,574699.0,5408469.0,0.0,0.0,0.0,5408469.0
20260303,920866,绿亨科技,3020263.0,8393304.0,0.0,0.0,0.0,8393304.0
20260303,920870,恒进感应,471688.0,14257925.0,0.0,0.0,0.0,14257925.0
20260303,920871,派特尔,327390.0,6689453.0,0.0,0.0,0.0,6689453.0
20260303,920873,中设咨询,118303.0,5794375.0,0.0,0.0,0.0,5794375.0
20260303,920876,慧为智能,182855.0,9432406.0,0.0,0.0,0.0,9432406.0
20260303,920879,基康技术,2999572.0,23801374.0,0.0,0.0,0.0,23801374.0
20260303,920885,星辰科技,7980229.0,41269999.0,0.0,0.0,0.0,41269999.0
20260303,920892,广咨国际,1433174.0,6546342.0,0.0,0.0,0.0,6546342.0
20260303,920895,花溪科技,157863.0,1984975.0,0.0,0.0,0.0,1984975.0
20260303,920896,旺成科技,954644.0,9284956.0,0.0,0.0,0.0,9284956.0
20260303,920906,舜宇精工,591236.0,8112947.0,0.0,0.0,0.0,8112947.0
20260303,920914,远航精密,2635436.0,39097175.0,0.0,0.0,0.0,39097175.0
20260303,920924,广脉科技,2069774.0,19682116.0,0.0,0.0,0.0,19682116.0
20260303,920925,锦好医疗,2258821.0,16848439.0,0.0,0.0,0.0,16848439.0
20260303,920926,鸿智科技,1232156.0,6443533.0,0.0,0.0,0.0,6443533.0
20260303,920931,无锡鼎邦,3049396.0,3696167.0,0.0,0.0,0.0,3696167.0
20260303,920932,科达自控,1483548.0,26500822.0,0.0,0.0,0.0,26500822.0
20260303,920942,恒立钻具,9993302.0,29274691.0,0.0,0.0,0.0,29274691.0
20260303,920943,优机股份,12000167.0,26499120.0,0.0,0.0,0.0,26499120.0
20260303,920946,森萱医药,1146593.0,25939290.0,0.0,0.0,0.0,25939290.0
20260303,920950,迅安科技,751607.0,2346540.0,0.0,0.0,0.0,2346540.0
20260303,920953,国子软件,2893544.0,42026343.0,0.0,0.0,0.0,42026343.0
20260303,920957,汉维科技,1030251.0,1179917.0,0.0,0.0,0.0,1179917.0
20260303,920961,创远信科,2853279.0,52819197.0,0.0,0.0,0.0,52819197.0
20260303,920964,润农节水,841481.0,25353151.0,0.0,0.0,0.0,25353151.0
20260303,920970,大禹生物,207837.0,1516475.0,0.0,0.0,0.0,1516475.0
20260303,920971,天马新材,835215.0,47821145.0,0.0,0.0,0.0,47821145.0
20260303,920974,凯大催化,839272.0,4748893.0,0.0,0.0,0.0,4748893.0
20260303,920976,视声智能,2624507.0,14861225.0,0.0,0.0,0.0,14861225.0
20260303,920978,开特股份,4140150.0,69878564.0,0.0,0.0,0.0,69878564.0
20260303,920981,晶赛科技,1749567.0,18297327.0,0.0,0.0,0.0,18297327.0
20260303,920982,锦波生物,10473083.0,367002386.0,0.0,0.0,0.0,367002386.0
20260303,920985,海泰新能,2332887.0,25508718.0,0.0,0.0,0.0,25508718.0
20260303,920992,中科美菱,1608493.0,8636250.0,0.0,0.0,0.0,8636250.0
20260303,日期：2026-03-03,,,,,,,
20260304,920000,安徽凤凰,693085.0,10388917.0,0.0,0.0,0.0,10388917.0
20260304,920001,纬达光电,512184.0,16497445.0,0.0,0.0,0.0,16497445.0
20260304,920002,万达轴承,1437927.0,50585145.0,0.0,0.0,0.0,50585145.0
20260304,920003,中诚咨询,11223.0,4178368.0,0.0,0.0,0.0,4178368.0
20260304,920005,鼎佳精密,658660.0,14740589.0,0.0,0.0,0.0,14740589.0
20260304,920006,晟楠科技,6001478.0,17483962.0,0.0,0.0,0.0,17483962.0
20260304,920007,酉立智能,2018331.0,12092666.0,0.0,0.0,0.0,12092666.0
20260304,920008,成电光信,3089702.0,19117219.0,0.0,0.0,0.0,19117219.0
20260304,920009,丹娜生物,36552.0,5862657.0,0.0,0.0,0.0,5862657.0
20260304,920010,凯添燃气,21798351.0,35386861.0,0.0,0.0,0.0,35386861.0
20260304,920014,特瑞斯,5049973.0,10094585.0,0.0,0.0,0.0,10094585.0
20260304,920015,锦华新材,1086357.0,34905721.0,0.0,0.0,0.0,34905721.0
20260304,920016,中草香料,310144.0,7348615.0,0.0,0.0,0.0,7348615.0
20260304,920017,星昊医药,502709.0,43491950.0,0.0,0.0,0.0,43491950.0
20260304,920018,宏远股份,5117389.0,32291222.0,0.0,0.0,0.0,32291222.0
20260304,920019,铜冠矿建,4757251.0,47315346.0,0.0,0.0,0.0,47315346.0
20260304,920020,泰凯英,859560.0,20249117.0,0.0,0.0,0.0,20249117.0
20260304,920021,流金科技,11432524.0,67273411.0,0.0,0.0,0.0,67273411.0
20260304,920022,世昌股份,355382.0,3536280.0,0.0,0.0,0.0,3536280.0
20260304,920023,田野股份,13140.0,7305099.0,0.0,0.0,0.0,7305099.0
20260304,920026,卓兆点胶,579919.0,12120344.0,0.0,0.0,0.0,12120344.0
20260304,920027,交大铁发,1280995.0,9403809.0,0.0,0.0,0.0,9403809.0
20260304,920029,开发科技,877955.0,83114838.0,0.0,0.0,0.0,83114838.0
20260304,920030,德众汽车,549938.0,13076565.0,0.0,0.0,0.0,13076565.0
20260304,920033,康普化学,602027.0,17694030.0,0.0,0.0,0.0,17694030.0
20260304,920035,精创电气,98596.0,6542005.0,0.0,0.0,0.0,6542005.0
20260304,920037,广信科技,4063524.0,55379358.0,0.0,0.0,0.0,55379358.0
20260304,920039,国义招标,364710.0,15712519.0,0.0,0.0,0.0,15712519.0
20260304,920045,蘅东光,11827502.0,123950607.0,0.0,0.0,0.0,123950607.0
20260304,920046,亿能电力,17731635.0,23759101.0,0.0,0.0,0.0,23759101.0
20260304,920047,诺思兰德,182368.0,34214763.0,0.0,0.0,0.0,34214763.0
20260304,920050,爱舍伦,572824.0,6736706.0,0.0,0.0,0.0,6736706.0
20260304,920056,能之光,1444593.0,18703470.0,0.0,0.0,0.0,18703470.0
20260304,920057,百甲科技,438665.0,4560889.0,0.0,0.0,0.0,4560889.0
20260304,920058,华洋赛车,755854.0,6858480.0,0.0,0.0,0.0,6858480.0
20260304,920060,万源通,4619566.0,74148702.0,0.0,0.0,0.0,74148702.0
20260304,920061,西磁科技,40232.0,12012867.0,0.0,0.0,0.0,12012867.0
20260304,920062,科润智控,8839524.0,37760187.0,0.0,0.0,0.0,37760187.0
20260304,920066,科拜尔,336670.0,11520261.0,0.0,0.0,0.0,11520261.0
20260304,920068,天工股份,6393982.0,35620076.0,0.0,0.0,0.0,35620076.0
20260304,920075,柏星龙,1504349.0,13904163.0,0.0,0.0,0.0,13904163.0
20260304,920076,国亮新材,165830.0,5991265.0,0.0,0.0,0.0,5991265.0
20260304,920077,吉林碳谷,5503157.0,103216094.0,0.0,0.0,0.0,103216094.0
20260304,920080,奥美森,131166.0,10584580.0,0.0,0.0,0.0,10584580.0
20260304,920082,方正阀门,4301213.0,11400899.0,0.0,0.0,0.0,11400899.0
20260304,920086,科马材料,76710.0,13667787.0,0.0,0.0,0.0,13667787.0
20260304,920087,秋乐种业,20000204.0,31057967.0,0.0,0.0,0.0,31057967.0
20260304,920088,科力股份,59538080.0,77630001.0,0.0,0.0,0.0,77630001.0
20260304,920089,禾昌聚合,5102186.0,47579755.0,0.0,0.0,0.0,47579755.0
20260304,920090,同辉信息,102448.0,3982777.0,0.0,0.0,0.0,3982777.0
20260304,920091,大鹏工业,545653.0,18714083.0,0.0,0.0,0.0,18714083.0
20260304,920092,汉鑫科技,1309031.0,21366054.0,0.0,0.0,0.0,21366054.0
20260304,920098,科隆新材,2902983.0,31671827.0,0.0,0.0,0.0,31671827.0
20260304,920099,瑞华技术,9691751.0,24819542.0,0.0,0.0,0.0,24819542.0
20260304,920100,三协电机,749268.0,20295268.0,0.0,0.0,0.0,20295268.0
20260304,920101,志高机械,905794.0,22198156.0,0.0,0.0,0.0,22198156.0
20260304,920106,林泰新材,1764155.0,38117167.0,0.0,0.0,0.0,38117167.0
20260304,920108,宏海科技,240716.0,9310818.0,0.0,0.0,0.0,9310818.0
20260304,920110,雷特科技,184114.0,2452548.0,0.0,0.0,0.0,2452548.0
20260304,920111,聚星科技,6364974.0,29359144.0,0.0,0.0,0.0,29359144.0
20260304,920112,巴兰仕,321696.0,7723575.0,0.0,0.0,0.0,7723575.0
20260304,920116,星图测控,14039236.0,154027519.0,0.0,0.0,0.0,154027519.0
20260304,920118,太湖远大,271052.0,5897428.0,0.0,0.0,0.0,5897428.0
20260304,920119,美德乐,903739.0,16431249.0,0.0,0.0,0.0,16431249.0
20260304,920121,江天科技,72147.0,10068739.0,0.0,0.0,0.0,10068739.0
20260304,920122,中纺标,1055755.0,12112166.0,0.0,0.0,0.0,12112166.0
20260304,920123,芭薇股份,1219466.0,10376381.0,0.0,0.0,0.0,10376381.0
20260304,920124,南特科技,82703.0,16357423.0,0.0,0.0,0.0,16357423.0
20260304,920128,胜业电气,171232.0,14687563.0,0.0,0.0,0.0,14687563.0
20260304,920130,立方控股,107570.0,13706623.0,0.0,0.0,0.0,13706623.0
20260304,920132,泰鹏智能,1386993.0,3245738.0,0.0,0.0,0.0,3245738.0
20260304,920139,华岭股份,728711.0,59206373.0,0.0,0.0,0.0,59206373.0
20260304,920145,恒合股份,52940.0,2738286.0,0.0,0.0,0.0,2738286.0
20260304,920146,华阳变速,108744.0,4707693.0,0.0,0.0,0.0,4707693.0
20260304,920149,旭杰科技,425250.0,5672220.0,0.0,0.0,0.0,5672220.0
20260304,920152,昆工科技,186100.0,22745826.0,0.0,0.0,0.0,22745826.0
20260304,920158,长江能科,8181882.0,10554800.0,0.0,0.0,0.0,10554800.0
20260304,920159,农大科技,4706666.0,8856304.0,0.0,0.0,0.0,8856304.0
20260304,920160,北矿检测,299198.0,15354476.0,0.0,0.0,0.0,15354476.0
20260304,920163,方大新材,237240.0,3244250.0,0.0,0.0,0.0,3244250.0
20260304,920166,海圣医疗,1410080.0,3279779.0,0.0,0.0,0.0,3279779.0
20260304,920167,同享科技,4772784.0,23580258.0,0.0,0.0,0.0,23580258.0
20260304,920168,通宝光电,1375490.0,7061175.0,0.0,0.0,0.0,7061175.0
20260304,920169,七丰精工,2674284.0,18229323.0,0.0,0.0,0.0,18229323.0
20260304,920171,志晟信息,141860.0,10129824.0,0.0,0.0,0.0,10129824.0
20260304,920174,五新隧装,2987375.0,58938611.0,0.0,0.0,0.0,58938611.0
20260304,920175,东方碳素,128682.0,5639276.0,0.0,0.0,0.0,5639276.0
20260304,920179,凯德石英,3887707.0,113347167.0,0.0,0.0,0.0,113347167.0
20260304,920180,爱得科技,287444.0,5079722.0,0.0,0.0,0.0,5079722.0
20260304,920183,N海菲曼,5508820.0,4731773.0,0.0,0.0,0.0,4731773.0
20260304,920184,国源科技,511943.0,25577534.0,0.0,0.0,0.0,25577534.0
20260304,920185,贝特瑞,3688392.0,280101071.0,0.0,0.0,0.0,280101071.0
20260304,920190,雷神科技,1600289.0,52671088.0,0.0,0.0,0.0,52671088.0
20260304,920195,三祥科技,1345247.0,15553970.0,0.0,0.0,0.0,15553970.0
20260304,920198,微创光电,222254.0,5647490.0,0.0,0.0,0.0,5647490.0
20260304,920199,倍益康,1532092.0,23811856.0,0.0,0.0,0.0,23811856.0
20260304,920204,沪江材料,2761119.0,14632536.0,0.0,0.0,0.0,14632536.0
20260304,920207,众诚科技,8087758.0,17487348.0,0.0,0.0,0.0,17487348.0
20260304,920208,青矩技术,223510.0,20091146.0,0.0,0.0,0.0,20091146.0
20260304,920212,智新电子,898778.0,4595362.0,0.0,0.0,0.0,4595362.0
20260304,920221,易实精密,636781.0,6929049.0,0.0,0.0,0.0,6929049.0
20260304,920223,荣亿精密,345915.0,13659538.0,0.0,0.0,0.0,13659538.0
20260304,920225,利通科技,9047890.0,87939469.0,0.0,0.0,0.0,87939469.0
20260304,920227,美登科技,1456245.0,29832381.0,0.0,0.0,0.0,29832381.0
20260304,920230,欧康医药,634963.0,3705324.0,0.0,0.0,0.0,3705324.0
20260304,920237,力佳科技,1829309.0,13255994.0,0.0,0.0,0.0,13255994.0
20260304,920239,长虹能源,11280038.0,92631237.0,0.0,0.0,0.0,92631237.0
20260304,920242,建邦科技,661119.0,12143749.0,0.0,0.0,0.0,12143749.0
20260304,920245,威博液压,78451.0,7559147.0,0.0,0.0,0.0,7559147.0
20260304,920247,华密新材,1213591.0,26030309.0,0.0,0.0,0.0,26030309.0
20260304,920249,利尔达,581537.0,31680628.0,0.0,0.0,0.0,31680628.0
20260304,920252,天宏锂电,937164.0,29545676.0,0.0,0.0,0.0,29545676.0
20260304,920260,中寰股份,4631703.0,8811991.0,0.0,0.0,0.0,8811991.0
20260304,920261,一诺威,731729.0,16469484.0,0.0,0.0,0.0,16469484.0
20260304,920262,太湖雪,598842.0,5408296.0,0.0,0.0,0.0,5408296.0
20260304,920263,中航泰达,546683.0,7137710.0,0.0,0.0,0.0,7137710.0
20260304,920266,生物谷,263836.0,6869440.0,0.0,0.0,0.0,6869440.0
20260304,920267,鑫汇科,558793.0,5066995.0,0.0,0.0,0.0,5066995.0
20260304,920270,天铭科技,6950052.0,33861456.0,0.0,0.0,0.0,33861456.0
20260304,920271,邦德股份,244749.0,12423580.0,0.0,0.0,0.0,12423580.0
20260304,920273,一致魔芋,1549700.0,23951666.0,0.0,0.0,0.0,23951666.0
20260304,920274,宏裕包材,1387582.0,14107851.0,0.0,0.0,0.0,14107851.0
20260304,920275,驱动力,665191.0,9285451.0,0.0,0.0,0.0,9285451.0
20260304,920278,鹿得医疗,173433.0,9299007.0,0.0,0.0,0.0,9299007.0
20260304,920284,灵鸽科技,1396541.0,33505798.0,0.0,0.0,0.0,33505798.0
20260304,920299,灿能电力,16011337.0,25446657.0,0.0,0.0,0.0,25446657.0
20260304,920300,辰光医疗,756365.0,18803177.0,0.0,0.0,0.0,18803177.0
20260304,920304,迪尔化工,3402283.0,12155521.0,0.0,0.0,0.0,12155521.0
20260304,920339,恒太照明,327194.0,7113295.0,0.0,0.0,0.0,7113295.0
20260304,920344,三元基因,362830.0,16806927.0,0.0,0.0,0.0,16806927.0
20260304,920346,威贸电子,1034052.0,23087879.0,0.0,0.0,0.0,23087879.0
20260304,920351,华光源海,4563360.0,12130917.0,0.0,0.0,0.0,12130917.0
20260304,920357,雅葆轩,1135433.0,11444597.0,0.0,0.0,0.0,11444597.0
20260304,920363,莱赛激光,1539671.0,12615942.0,0.0,0.0,0.0,12615942.0
20260304,920367,新赣江,782738.0,11528498.0,0.0,0.0,0.0,11528498.0
20260304,920368,连城数控,19482829.0,320951964.0,0.0,1800.0,83556.0,321035520.0
20260304,920370,新安洁,952846.0,2492885.0,0.0,0.0,0.0,2492885.0
20260304,920371,欧福蛋业,1325057.0,10485226.0,0.0,0.0,0.0,10485226.0
20260304,920374,云里物里,349563.0,22301304.0,0.0,0.0,0.0,22301304.0
20260304,920375,派诺科技,1515623.0,11797854.0,0.0,0.0,0.0,11797854.0
20260304,920378,泰德股份,822407.0,27758177.0,0.0,0.0,0.0,27758177.0
20260304,920392,佳合科技,609007.0,10257340.0,0.0,0.0,0.0,10257340.0
20260304,920394,民士达,7040103.0,67130873.0,0.0,0.0,0.0,67130873.0
20260304,920395,朗鸿科技,499731.0,32207210.0,0.0,0.0,0.0,32207210.0
20260304,920396,常辅股份,2135831.0,22836578.0,0.0,0.0,0.0,22836578.0
20260304,920402,硅烷科技,4691072.0,65796115.0,0.0,0.0,0.0,65796115.0
20260304,920403,康农种业,16087170.0,20695413.0,0.0,0.0,0.0,20695413.0
20260304,920405,海希通讯,1303394.0,105388480.0,0.0,0.0,0.0,105388480.0
20260304,920407,驰诚股份,966365.0,8884998.0,0.0,0.0,0.0,8884998.0
20260304,920414,欧普泰,124623.0,4762580.0,0.0,0.0,0.0,4762580.0
20260304,920415,恒拓开源,993274.0,22424438.0,0.0,0.0,0.0,22424438.0
20260304,920418,苏轴股份,2657085.0,58736477.0,0.0,0.0,0.0,58736477.0
20260304,920419,路斯股份,1083492.0,17757580.0,0.0,0.0,0.0,17757580.0
20260304,920422,润普食品,198829.0,8014478.0,0.0,0.0,0.0,8014478.0
20260304,920425,乐创技术,1076413.0,16549376.0,0.0,0.0,0.0,16549376.0
20260304,920427,华维设计,404032.0,6356694.0,0.0,0.0,0.0,6356694.0
20260304,920429,康比特,819253.0,18441171.0,0.0,0.0,0.0,18441171.0
20260304,920433,大唐药业,237946.0,7098455.0,0.0,0.0,0.0,7098455.0
20260304,920436,大地电气,297605.0,9413830.0,0.0,0.0,0.0,9413830.0
20260304,920438,戈碧迦,5361830.0,110458242.0,0.0,0.0,0.0,110458242.0
20260304,920445,龙竹科技,1482169.0,25485572.0,0.0,0.0,0.0,25485572.0
20260304,920454,同心传动,782345.0,17659755.0,0.0,0.0,0.0,17659755.0
20260304,920455,汇隆活塞,614894.0,5606490.0,0.0,0.0,0.0,5606490.0
20260304,920469,富恒新材,1156725.0,24952273.0,0.0,0.0,0.0,24952273.0
20260304,920471,美邦科技,1732866.0,6978365.0,0.0,0.0,0.0,6978365.0
20260304,920475,三友科技,446718.0,10906652.0,0.0,0.0,0.0,10906652.0
20260304,920476,海能技术,1295672.0,31958136.0,0.0,0.0,0.0,31958136.0
20260304,920478,峆一药业,466032.0,9805684.0,0.0,0.0,0.0,9805684.0
20260304,920489,佳先股份,216799.0,34804627.0,0.0,0.0,0.0,34804627.0
20260304,920491,奥迪威,1164857.0,128657415.0,0.0,0.0,0.0,128657415.0
20260304,920493,并行科技,10933418.0,180448989.0,0.0,0.0,0.0,180448989.0
20260304,920496,许昌智能,3671214.0,26296869.0,0.0,0.0,0.0,26296869.0
20260304,920504,博迅生物,454730.0,1659861.0,0.0,0.0,0.0,1659861.0
20260304,920505,九菱科技,3722449.0,26190265.0,0.0,0.0,0.0,26190265.0
20260304,920508,殷图网联,327956.0,5519911.0,0.0,0.0,0.0,5519911.0
20260304,920509,同惠电子,1334757.0,33834221.0,0.0,0.0,0.0,33834221.0
20260304,920510,丰光精密,280596.0,19662010.0,0.0,0.0,0.0,19662010.0
20260304,920519,万德股份,1413515.0,8330686.0,0.0,0.0,0.0,8330686.0
20260304,920522,纳科诺尔,12349212.0,139074794.0,0.0,0.0,0.0,139074794.0
20260304,920523,德瑞锂电,730445.0,70083128.0,0.0,0.0,0.0,70083128.0
20260304,920526,凯华材料,1244612.0,8617786.0,0.0,0.0,0.0,8617786.0
20260304,920527,夜光明,271127.0,4084299.0,0.0,0.0,0.0,4084299.0
20260304,920533,骏创科技,1873036.0,47788130.0,0.0,0.0,0.0,47788130.0
20260304,920541,铁大科技,533843.0,26889049.0,0.0,0.0,0.0,26889049.0
20260304,920547,无锡晶海,1956652.0,12501493.0,0.0,0.0,0.0,12501493.0
20260304,920553,凯腾精工,822085.0,5494362.0,0.0,0.0,0.0,5494362.0
20260304,920556,雅达股份,1950930.0,28402194.0,0.0,0.0,0.0,28402194.0
20260304,920564,天润科技,263120.0,14889474.0,0.0,0.0,0.0,14889474.0
20260304,920566,梓橦宫,928390.0,32418138.0,0.0,0.0,0.0,32418138.0
20260304,920570,坤博精工,3546790.0,13804237.0,0.0,0.0,0.0,13804237.0
20260304,920571,国航远洋,34386360.0,60393538.0,0.0,0.0,0.0,60393538.0
20260304,920575,康乐卫士,54857.0,12775701.0,0.0,0.0,0.0,12775701.0
20260304,920576,天力复合,2853564.0,60544291.0,0.0,0.0,0.0,60544291.0
20260304,920578,巨能股份,196616.0,14850607.0,0.0,0.0,0.0,14850607.0
20260304,920579,机科股份,358126.0,14826307.0,0.0,0.0,0.0,14826307.0
20260304,920580,科创新材,1228480.0,7328381.0,0.0,0.0,0.0,7328381.0
20260304,920592,华信永道,456505.0,32466212.0,0.0,0.0,0.0,32466212.0
20260304,920593,鼎智科技,2538280.0,70342677.0,0.0,0.0,0.0,70342677.0
20260304,920599,同力股份,2637507.0,121602298.0,0.0,0.0,0.0,121602298.0
20260304,920608,丰安股份,469023.0,2736587.0,0.0,0.0,0.0,2736587.0
20260304,920627,力王股份,664324.0,12378180.0,0.0,0.0,0.0,12378180.0
20260304,920634,新威凌,1503528.0,11210727.0,0.0,0.0,0.0,11210727.0
20260304,920639,晨光电缆,1048594.0,32440399.0,0.0,0.0,0.0,32440399.0
20260304,920640,富士达,5199524.0,130638407.0,0.0,0.0,0.0,130638407.0
20260304,920641,格利尔,694760.0,8228732.0,0.0,0.0,0.0,8228732.0
20260304,920642,通易航天,1167950.0,10753854.0,0.0,0.0,0.0,10753854.0
20260304,920651,天罡股份,160568.0,3365585.0,0.0,0.0,0.0,3365585.0
20260304,920656,海昇药业,22228.0,5917666.0,0.0,0.0,0.0,5917666.0
20260304,920662,方盛股份,1303543.0,15001729.0,0.0,0.0,0.0,15001729.0
20260304,920663,明阳科技,1023163.0,10327184.0,0.0,0.0,0.0,10327184.0
20260304,920665,科强股份,1951702.0,14620814.0,0.0,0.0,0.0,14620814.0
20260304,920670,数字人,981168.0,10677451.0,0.0,0.0,0.0,10677451.0
20260304,920675,秉扬科技,4921440.0,10001160.0,0.0,0.0,0.0,10001160.0
20260304,920679,前进科技,352826.0,6659254.0,0.0,0.0,0.0,6659254.0
20260304,920682,球冠电缆,1342967.0,22773427.0,0.0,0.0,0.0,22773427.0
20260304,920685,新芝生物,144340.0,5515338.0,0.0,0.0,0.0,5515338.0
20260304,920689,克莱特,3429947.0,25084967.0,0.0,0.0,0.0,25084967.0
20260304,920690,捷众科技,255167.0,21578790.0,0.0,0.0,0.0,21578790.0
20260304,920693,阿为特,404755.0,22061523.0,0.0,0.0,0.0,22061523.0
20260304,920694,中裕科技,2978077.0,13203562.0,0.0,0.0,0.0,13203562.0
20260304,920699,海达尔,702321.0,63712190.0,0.0,0.0,0.0,63712190.0
20260304,920701,豪声电子,891936.0,28253876.0,0.0,0.0,0.0,28253876.0
20260304,920703,广厦环能,5331640.0,24910329.0,0.0,0.0,0.0,24910329.0
20260304,920706,铁拓机械,3996480.0,23654798.0,0.0,0.0,0.0,23654798.0
20260304,920717,瑞星股份,1311879.0,4448107.0,0.0,0.0,0.0,4448107.0
20260304,920718,合肥高科,198053.0,5373579.0,0.0,0.0,0.0,5373579.0
20260304,920719,宁新新材,452658.0,6488184.0,0.0,0.0,0.0,6488184.0
20260304,920720,吉冈精密,815202.0,17882156.0,0.0,0.0,0.0,17882156.0
20260304,920725,惠丰钻石,2622471.0,23924887.0,0.0,0.0,0.0,23924887.0
20260304,920726,朱老六,1303109.0,13869126.0,0.0,0.0,0.0,13869126.0
20260304,920729,永顺生物,1031480.0,10715481.0,0.0,0.0,0.0,10715481.0
20260304,920735,德源药业,5782661.0,57435841.0,0.0,0.0,0.0,57435841.0
20260304,920748,路桥信息,502495.0,3703546.0,0.0,0.0,0.0,3703546.0
20260304,920751,惠同新材,1321207.0,27222142.0,0.0,0.0,0.0,27222142.0
20260304,920753,天纺标,199581.0,11786618.0,0.0,0.0,0.0,11786618.0
20260304,920765,美之高,1375745.0,6608397.0,0.0,0.0,0.0,6608397.0
20260304,920768,拾比佰,119390.0,11605833.0,0.0,0.0,0.0,11605833.0
20260304,920770,艾能聚,1893699.0,37818649.0,0.0,0.0,0.0,37818649.0
20260304,920779,武汉蓝电,371755.0,12993668.0,0.0,0.0,0.0,12993668.0
20260304,920781,瑞奇智造,2312094.0,9409485.0,0.0,0.0,0.0,9409485.0
20260304,920786,骑士乳业,2035980.0,19577877.0,0.0,0.0,0.0,19577877.0
20260304,920790,联迪信息,176604.0,18701499.0,0.0,0.0,0.0,18701499.0
20260304,920792,东和新材,821819.0,11511244.0,0.0,0.0,0.0,11511244.0
20260304,920799,艾融软件,1842650.0,142658890.0,0.0,0.0,0.0,142658890.0
20260304,920802,保丽洁,455832.0,1766670.0,0.0,0.0,0.0,1766670.0
20260304,920806,云星宇,961915.0,45028851.0,0.0,0.0,0.0,45028851.0
20260304,920807,奔朗新材,1847953.0,21005088.0,0.0,0.0,0.0,21005088.0
20260304,920808,曙光数创,9129682.0,289399786.0,0.0,0.0,0.0,289399786.0
20260304,920809,安达科技,1707373.0,46090500.0,0.0,0.0,0.0,46090500.0
20260304,920810,春光智能,763568.0,2079572.0,0.0,0.0,0.0,2079572.0
20260304,920819,颖泰生物,690563.0,33806932.0,0.0,0.0,0.0,33806932.0
20260304,920821,则成电子,1033633.0,21551553.0,0.0,0.0,0.0,21551553.0
20260304,920826,盖世食品,1244822.0,21323282.0,0.0,0.0,0.0,21323282.0
20260304,920832,齐鲁华信,1168537.0,8106155.0,0.0,0.0,0.0,8106155.0
20260304,920833,美心翼申,456053.0,17321397.0,0.0,0.0,0.0,17321397.0
20260304,920834,三维装备,2508295.0,8969522.0,0.0,0.0,0.0,8969522.0
20260304,920837,华原股份,1491432.0,16465425.0,0.0,0.0,0.0,16465425.0
20260304,920839,万通液压,1146178.0,26390728.0,0.0,0.0,0.0,26390728.0
20260304,920855,浙江大农,232777.0,3463708.0,0.0,0.0,0.0,3463708.0
20260304,920856,浩淼科技,221920.0,12701759.0,0.0,0.0,0.0,12701759.0
20260304,920857,泓禧科技,28095.0,5249798.0,0.0,0.0,0.0,5249798.0
20260304,920866,绿亨科技,3650466.0,9075653.0,0.0,0.0,0.0,9075653.0
20260304,920870,恒进感应,149442.0,14128708.0,0.0,0.0,0.0,14128708.0
20260304,920871,派特尔,129149.0,6628832.0,0.0,0.0,0.0,6628832.0
20260304,920873,中设咨询,0.0,5676390.0,0.0,0.0,0.0,5676390.0
20260304,920876,慧为智能,8337283.0,9589065.0,0.0,0.0,0.0,9589065.0
20260304,920879,基康技术,2202866.0,23894768.0,0.0,0.0,0.0,23894768.0
20260304,920885,星辰科技,3080057.0,39169842.0,0.0,0.0,0.0,39169842.0
20260304,920892,广咨国际,1286725.0,6789357.0,0.0,0.0,0.0,6789357.0
20260304,920895,花溪科技,13656.0,1804046.0,0.0,0.0,0.0,1804046.0
20260304,920896,旺成科技,226008.0,9251639.0,0.0,0.0,0.0,9251639.0
20260304,920906,舜宇精工,242673.0,7424121.0,0.0,0.0,0.0,7424121.0
20260304,920914,远航精密,3467453.0,40657239.0,0.0,0.0,0.0,40657239.0
20260304,920924,广脉科技,1436876.0,18817042.0,0.0,0.0,0.0,18817042.0
20260304,920925,锦好医疗,705000.0,16632978.0,0.0,0.0,0.0,16632978.0
20260304,920926,鸿智科技,516529.0,6443972.0,0.0,0.0,0.0,6443972.0
20260304,920931,无锡鼎邦,3391976.0,5446310.0,0.0,0.0,0.0,5446310.0
20260304,920932,科达自控,224950.0,25740774.0,0.0,0.0,0.0,25740774.0
20260304,920942,恒立钻具,3187104.0,27608532.0,0.0,0.0,0.0,27608532.0
20260304,920943,优机股份,4721716.0,24683622.0,0.0,0.0,0.0,24683622.0
20260304,920946,森萱医药,1502193.0,24191254.0,0.0,0.0,0.0,24191254.0
20260304,920950,迅安科技,177909.0,2157298.0,0.0,0.0,0.0,2157298.0
20260304,920953,国子软件,1781577.0,42671904.0,0.0,0.0,0.0,42671904.0
20260304,920957,汉维科技,623317.0,1130949.0,0.0,0.0,0.0,1130949.0
20260304,920961,创远信科,1788804.0,52398003.0,0.0,0.0,0.0,52398003.0
20260304,920964,润农节水,1679416.0,26447049.0,0.0,0.0,0.0,26447049.0
20260304,920970,大禹生物,378580.0,1809886.0,0.0,0.0,0.0,1809886.0
20260304,920971,天马新材,867430.0,47943374.0,0.0,0.0,0.0,47943374.0
20260304,920974,凯大催化,952084.0,4630627.0,0.0,0.0,0.0,4630627.0
20260304,920976,视声智能,6022626.0,18238492.0,0.0,0.0,0.0,18238492.0
20260304,920978,开特股份,3083253.0,69358396.0,0.0,0.0,0.0,69358396.0
20260304,920981,晶赛科技,293409.0,17487756.0,0.0,0.0,0.0,17487756.0
20260304,920982,锦波生物,2897209.0,360065667.0,0.0,0.0,0.0,360065667.0
20260304,920985,海泰新能,471453.0,22881038.0,0.0,0.0,0.0,22881038.0
20260304,920992,中科美菱,941782.0,8608253.0,0.0,0.0,0.0,8608253.0
20260304,日期：2026-03-04,,,,,,,
20260305,920000,安徽凤凰,989972.0,10424035.0,0.0,0.0,0.0,10424035.0
20260305,920001,纬达光电,1486605.0,15511677.0,0.0,0.0,0.0,15511677.0
20260305,920002,万达轴承,1046562.0,50177432.0,0.0,0.0,0.0,50177432.0
20260305,920003,中诚咨询,69312.0,4235402.0,0.0,0.0,0.0,4235402.0
20260305,920005,鼎佳精密,345659.0,14857781.0,0.0,0.0,0.0,14857781.0
20260305,920006,晟楠科技,1833950.0,16695282.0,0.0,0.0,0.0,16695282.0
20260305,920007,酉立智能,308532.0,10537678.0,0.0,0.0,0.0,10537678.0
20260305,920008,成电光信,3847607.0,19189623.0,0.0,0.0,0.0,19189623.0
20260305,920009,丹娜生物,93822.0,5470842.0,0.0,0.0,0.0,5470842.0
20260305,920010,凯添燃气,20092337.0,33791504.0,0.0,0.0,0.0,33791504.0
20260305,920014,特瑞斯,8051384.0,12694175.0,0.0,0.0,0.0,12694175.0
20260305,920015,锦华新材,2433278.0,34475846.0,0.0,0.0,0.0,34475846.0
20260305,920016,中草香料,127183.0,7269651.0,0.0,0.0,0.0,7269651.0
20260305,920017,星昊医药,1149194.0,44099902.0,0.0,0.0,0.0,44099902.0
20260305,920018,宏远股份,7258043.0,34288462.0,0.0,0.0,0.0,34288462.0
20260305,920019,铜冠矿建,9089746.0,50419079.0,0.0,0.0,0.0,50419079.0
20260305,920020,泰凯英,647019.0,20220412.0,0.0,0.0,0.0,20220412.0
20260305,920021,流金科技,9552086.0,68188721.0,0.0,0.0,0.0,68188721.0
20260305,920022,世昌股份,160676.0,3608109.0,0.0,0.0,0.0,3608109.0
20260305,920023,田野股份,8800.0,7238879.0,0.0,0.0,0.0,7238879.0
20260305,920026,卓兆点胶,270390.0,12304917.0,0.0,0.0,0.0,12304917.0
20260305,920027,交大铁发,183047.0,7778375.0,0.0,0.0,0.0,7778375.0
20260305,920029,开发科技,3327077.0,83059276.0,0.0,0.0,0.0,83059276.0
20260305,920030,德众汽车,569414.0,12757285.0,0.0,0.0,0.0,12757285.0
20260305,920033,康普化学,956558.0,17555875.0,0.0,0.0,0.0,17555875.0
20260305,920035,精创电气,104152.0,6564382.0,0.0,0.0,0.0,6564382.0
20260305,920037,广信科技,8523542.0,58510126.0,0.0,0.0,0.0,58510126.0
20260305,920039,国义招标,617596.0,16158502.0,0.0,0.0,0.0,16158502.0
20260305,920045,蘅东光,24607450.0,126553832.0,0.0,0.0,0.0,126553832.0
20260305,920046,亿能电力,21863474.0,27419684.0,0.0,0.0,0.0,27419684.0
20260305,920047,诺思兰德,679620.0,33866029.0,13799.0,13799.0,319723.0,34185752.0
20260305,920050,爱舍伦,498146.0,7182670.0,0.0,0.0,0.0,7182670.0
20260305,920056,能之光,292353.0,18151966.0,0.0,0.0,0.0,18151966.0
20260305,920057,百甲科技,125660.0,4486990.0,0.0,0.0,0.0,4486990.0
20260305,920058,华洋赛车,773441.0,6299362.0,0.0,0.0,0.0,6299362.0
20260305,920060,万源通,7594121.0,74316459.0,0.0,0.0,0.0,74316459.0
20260305,920061,西磁科技,174637.0,11530831.0,0.0,0.0,0.0,11530831.0
20260305,920062,科润智控,9132352.0,39093193.0,0.0,0.0,0.0,39093193.0
20260305,920066,科拜尔,440777.0,11573312.0,0.0,0.0,0.0,11573312.0
20260305,920068,天工股份,3498408.0,36881178.0,0.0,0.0,0.0,36881178.0
20260305,920075,柏星龙,942720.0,13821908.0,0.0,0.0,0.0,13821908.0
20260305,920076,国亮新材,93026.0,5664475.0,0.0,0.0,0.0,5664475.0
20260305,920077,吉林碳谷,10650897.0,108640020.0,0.0,0.0,0.0,108640020.0
20260305,920080,奥美森,329661.0,10645702.0,0.0,0.0,0.0,10645702.0
20260305,920082,方正阀门,1347748.0,10673145.0,0.0,0.0,0.0,10673145.0
20260305,920086,科马材料,737353.0,14302699.0,0.0,0.0,0.0,14302699.0
20260305,920087,秋乐种业,15777344.0,30717919.0,0.0,0.0,0.0,30717919.0
20260305,920088,科力股份,39568738.0,69731752.0,0.0,0.0,0.0,69731752.0
20260305,920089,禾昌聚合,2731681.0,47372628.0,0.0,0.0,0.0,47372628.0
20260305,920090,同辉信息,0.0,3979713.0,0.0,0.0,0.0,3979713.0
20260305,920091,大鹏工业,863498.0,18672523.0,0.0,0.0,0.0,18672523.0
20260305,920092,汉鑫科技,2378078.0,20970018.0,0.0,0.0,0.0,20970018.0
20260305,920098,科隆新材,2064900.0,31075599.0,0.0,0.0,0.0,31075599.0
20260305,920099,瑞华技术,5180785.0,24609263.0,0.0,0.0,0.0,24609263.0
20260305,920100,三协电机,612363.0,19835700.0,0.0,0.0,0.0,19835700.0
20260305,920101,志高机械,1108643.0,22719952.0,0.0,0.0,0.0,22719952.0
20260305,920106,林泰新材,1261845.0,37677713.0,0.0,0.0,0.0,37677713.0
20260305,920108,宏海科技,833302.0,9644739.0,0.0,0.0,0.0,9644739.0
20260305,920110,雷特科技,836679.0,2851934.0,0.0,0.0,0.0,2851934.0
20260305,920111,聚星科技,4389479.0,26877399.0,0.0,0.0,0.0,26877399.0
20260305,920112,巴兰仕,751484.0,8377395.0,0.0,0.0,0.0,8377395.0
20260305,920116,星图测控,16820536.0,158749752.0,0.0,0.0,0.0,158749752.0
20260305,920118,太湖远大,462144.0,6046255.0,0.0,0.0,0.0,6046255.0
20260305,920119,美德乐,1537667.0,16610622.0,0.0,0.0,0.0,16610622.0
20260305,920121,江天科技,350795.0,10301315.0,0.0,0.0,0.0,10301315.0
20260305,920122,中纺标,1113140.0,11745235.0,0.0,0.0,0.0,11745235.0
20260305,920123,芭薇股份,1036001.0,10421566.0,0.0,0.0,0.0,10421566.0
20260305,920124,南特科技,306501.0,16321979.0,0.0,0.0,0.0,16321979.0
20260305,920128,胜业电气,559146.0,14925732.0,0.0,0.0,0.0,14925732.0
20260305,920130,立方控股,141956.0,13319026.0,0.0,0.0,0.0,13319026.0
20260305,920132,泰鹏智能,2557538.0,3482711.0,0.0,0.0,0.0,3482711.0
20260305,920139,华岭股份,2726074.0,60682449.0,0.0,0.0,0.0,60682449.0
20260305,920145,恒合股份,0.0,2643344.0,0.0,0.0,0.0,2643344.0
20260305,920146,华阳变速,117957.0,4681041.0,0.0,0.0,0.0,4681041.0
20260305,920149,旭杰科技,26689.0,5305588.0,0.0,0.0,0.0,5305588.0
20260305,920152,昆工科技,66403.0,22773361.0,0.0,0.0,0.0,22773361.0
20260305,920158,长江能科,6191602.0,11276104.0,0.0,0.0,0.0,11276104.0
20260305,920159,农大科技,2315829.0,8879534.0,0.0,0.0,0.0,8879534.0
20260305,920160,北矿检测,1224081.0,15557971.0,0.0,0.0,0.0,15557971.0
20260305,920163,方大新材,246496.0,3436806.0,0.0,0.0,0.0,3436806.0
20260305,920166,海圣医疗,1023951.0,3015467.0,0.0,0.0,0.0,3015467.0
20260305,920167,同享科技,6016376.0,25267789.0,0.0,0.0,0.0,25267789.0
20260305,920168,通宝光电,2104047.0,6212831.0,0.0,0.0,0.0,6212831.0
20260305,920169,七丰精工,2805737.0,18330623.0,0.0,0.0,0.0,18330623.0
20260305,920171,志晟信息,210780.0,9895482.0,0.0,0.0,0.0,9895482.0
20260305,920174,五新隧装,1895605.0,58539852.0,0.0,0.0,0.0,58539852.0
20260305,920175,东方碳素,1135139.0,6575566.0,0.0,0.0,0.0,6575566.0
20260305,920179,凯德石英,5837176.0,114296543.0,0.0,0.0,0.0,114296543.0
20260305,920180,爱得科技,497098.0,5359579.0,0.0,0.0,0.0,5359579.0
20260305,920183,海菲曼,2956234.0,4148367.0,0.0,0.0,0.0,4148367.0
20260305,920184,国源科技,1426575.0,26126250.0,0.0,0.0,0.0,26126250.0
20260305,920185,贝特瑞,4909426.0,271101075.0,0.0,0.0,0.0,271101075.0
20260305,920187,N通领,6620234.0,5632882.0,0.0,0.0,0.0,5632882.0
20260305,920190,雷神科技,2157795.0,51804743.0,0.0,0.0,0.0,51804743.0
20260305,920195,三祥科技,520463.0,15564621.0,0.0,0.0,0.0,15564621.0
20260305,920198,微创光电,1787264.0,5627740.0,0.0,0.0,0.0,5627740.0
20260305,920199,倍益康,4027355.0,22262340.0,0.0,0.0,0.0,22262340.0
20260305,920204,沪江材料,1956139.0,14194772.0,0.0,0.0,0.0,14194772.0
20260305,920207,众诚科技,5006515.0,15015704.0,0.0,0.0,0.0,15015704.0
20260305,920208,青矩技术,164435.0,19964002.0,0.0,0.0,0.0,19964002.0
20260305,920212,智新电子,1065719.0,4464227.0,0.0,0.0,0.0,4464227.0
20260305,920221,易实精密,1630459.0,8027024.0,0.0,0.0,0.0,8027024.0
20260305,920223,荣亿精密,642417.0,13861602.0,0.0,0.0,0.0,13861602.0
20260305,920225,利通科技,11025269.0,95416245.0,0.0,0.0,0.0,95416245.0
20260305,920227,美登科技,2070280.0,30484595.0,0.0,0.0,0.0,30484595.0
20260305,920230,欧康医药,199559.0,3541981.0,0.0,0.0,0.0,3541981.0
20260305,920237,力佳科技,1688577.0,12396886.0,0.0,0.0,0.0,12396886.0
20260305,920239,长虹能源,1880085.0,91702634.0,0.0,0.0,0.0,91702634.0
20260305,920242,建邦科技,291118.0,11780032.0,0.0,0.0,0.0,11780032.0
20260305,920245,威博液压,49874.0,7023932.0,0.0,0.0,0.0,7023932.0
20260305,920247,华密新材,2368924.0,26201846.0,0.0,0.0,0.0,26201846.0
20260305,920249,利尔达,1096299.0,31124791.0,0.0,0.0,0.0,31124791.0
20260305,920252,天宏锂电,3063021.0,30987091.0,0.0,0.0,0.0,30987091.0
20260305,920260,中寰股份,4489774.0,8405844.0,0.0,0.0,0.0,8405844.0
20260305,920261,一诺威,1515253.0,17376666.0,0.0,0.0,0.0,17376666.0
20260305,920262,太湖雪,95254.0,5108578.0,0.0,0.0,0.0,5108578.0
20260305,920263,中航泰达,85092.0,6990847.0,0.0,0.0,0.0,6990847.0
20260305,920266,生物谷,26460.0,6681888.0,0.0,0.0,0.0,6681888.0
20260305,920267,鑫汇科,449356.0,4757749.0,0.0,0.0,0.0,4757749.0
20260305,920270,天铭科技,2852332.0,26621116.0,0.0,0.0,0.0,26621116.0
20260305,920271,邦德股份,316484.0,12404159.0,0.0,0.0,0.0,12404159.0
20260305,920273,一致魔芋,2034580.0,24001729.0,0.0,0.0,0.0,24001729.0
20260305,920274,宏裕包材,2212249.0,13831376.0,0.0,0.0,0.0,13831376.0
20260305,920275,驱动力,848293.0,9163689.0,0.0,0.0,0.0,9163689.0
20260305,920278,鹿得医疗,225843.0,9204719.0,0.0,0.0,0.0,9204719.0
20260305,920284,灵鸽科技,472506.0,33611482.0,0.0,0.0,0.0,33611482.0
20260305,920299,灿能电力,13620415.0,25901948.0,0.0,0.0,0.0,25901948.0
20260305,920300,辰光医疗,305410.0,17947895.0,0.0,0.0,0.0,17947895.0
20260305,920304,迪尔化工,4194092.0,13981373.0,0.0,0.0,0.0,13981373.0
20260305,920339,恒太照明,5761762.0,7451737.0,0.0,0.0,0.0,7451737.0
20260305,920344,三元基因,229252.0,16966718.0,0.0,0.0,0.0,16966718.0
20260305,920346,威贸电子,627877.0,22978032.0,0.0,0.0,0.0,22978032.0
20260305,920351,华光源海,4550068.0,13194705.0,0.0,0.0,0.0,13194705.0
20260305,920357,雅葆轩,2501845.0,10945193.0,0.0,0.0,0.0,10945193.0
20260305,920363,莱赛激光,890407.0,12962791.0,0.0,0.0,0.0,12962791.0
20260305,920367,新赣江,349564.0,10936959.0,0.0,0.0,0.0,10936959.0
20260305,920368,连城数控,24964729.0,312029699.0,0.0,200.0,8810.0,312038509.0
20260305,920370,新安洁,579432.0,2734960.0,0.0,0.0,0.0,2734960.0
20260305,920371,欧福蛋业,1306188.0,10758106.0,0.0,0.0,0.0,10758106.0
20260305,920374,云里物里,93742.0,21600729.0,0.0,0.0,0.0,21600729.0
20260305,920375,派诺科技,2632817.0,10875004.0,0.0,0.0,0.0,10875004.0
20260305,920378,泰德股份,862657.0,27586240.0,0.0,0.0,0.0,27586240.0
20260305,920392,佳合科技,1013533.0,10556594.0,0.0,0.0,0.0,10556594.0
20260305,920394,民士达,5119584.0,70308626.0,0.0,0.0,0.0,70308626.0
20260305,920395,朗鸿科技,699358.0,32381394.0,0.0,0.0,0.0,32381394.0
20260305,920396,常辅股份,11905162.0,24595451.0,0.0,0.0,0.0,24595451.0
20260305,920402,硅烷科技,4764286.0,63474897.0,0.0,0.0,0.0,63474897.0
20260305,920403,康农种业,8377202.0,18745101.0,0.0,0.0,0.0,18745101.0
20260305,920405,海希通讯,3007512.0,107436786.0,0.0,0.0,0.0,107436786.0
20260305,920407,驰诚股份,1849516.0,8912487.0,0.0,0.0,0.0,8912487.0
20260305,920414,欧普泰,431356.0,4921648.0,0.0,0.0,0.0,4921648.0
20260305,920415,恒拓开源,992522.0,22286770.0,0.0,0.0,0.0,22286770.0
20260305,920418,苏轴股份,3255575.0,59825071.0,0.0,0.0,0.0,59825071.0
20260305,920419,路斯股份,2155371.0,18328057.0,0.0,0.0,0.0,18328057.0
20260305,920422,润普食品,593394.0,8001268.0,0.0,0.0,0.0,8001268.0
20260305,920425,乐创技术,4264546.0,17990933.0,0.0,0.0,0.0,17990933.0
20260305,920427,华维设计,682391.0,6500863.0,0.0,0.0,0.0,6500863.0
20260305,920429,康比特,660184.0,18404468.0,0.0,0.0,0.0,18404468.0
20260305,920433,大唐药业,477324.0,7037723.0,0.0,0.0,0.0,7037723.0
20260305,920436,大地电气,249215.0,9348483.0,0.0,0.0,0.0,9348483.0
20260305,920438,戈碧迦,14449283.0,108845287.0,0.0,0.0,0.0,108845287.0
20260305,920445,龙竹科技,997962.0,25127212.0,0.0,0.0,0.0,25127212.0
20260305,920454,同心传动,279556.0,17469211.0,0.0,0.0,0.0,17469211.0
20260305,920455,汇隆活塞,738254.0,5699954.0,0.0,0.0,0.0,5699954.0
20260305,920469,富恒新材,1695536.0,24421365.0,0.0,0.0,0.0,24421365.0
20260305,920471,美邦科技,1062920.0,6465950.0,0.0,0.0,0.0,6465950.0
20260305,920475,三友科技,193839.0,10944680.0,0.0,0.0,0.0,10944680.0
20260305,920476,海能技术,1652788.0,30877958.0,0.0,0.0,0.0,30877958.0
20260305,920478,峆一药业,1000553.0,9978287.0,0.0,0.0,0.0,9978287.0
20260305,920489,佳先股份,473426.0,34849218.0,0.0,0.0,0.0,34849218.0
20260305,920491,奥迪威,3225689.0,129159314.0,0.0,0.0,0.0,129159314.0
20260305,920493,并行科技,16524985.0,182152304.0,0.0,0.0,0.0,182152304.0
20260305,920496,许昌智能,6887581.0,28987163.0,0.0,0.0,0.0,28987163.0
20260305,920504,博迅生物,272507.0,1803176.0,0.0,0.0,0.0,1803176.0
20260305,920505,九菱科技,2740876.0,25693712.0,0.0,0.0,0.0,25693712.0
20260305,920508,殷图网联,227717.0,5286477.0,0.0,0.0,0.0,5286477.0
20260305,920509,同惠电子,1364940.0,33938191.0,0.0,0.0,0.0,33938191.0
20260305,920510,丰光精密,413962.0,18714471.0,0.0,0.0,0.0,18714471.0
20260305,920519,万德股份,1388642.0,7062955.0,0.0,0.0,0.0,7062955.0
20260305,920522,纳科诺尔,14657942.0,142969102.0,0.0,0.0,0.0,142969102.0
20260305,920523,德瑞锂电,499408.0,69955487.0,0.0,0.0,0.0,69955487.0
20260305,920526,凯华材料,1691948.0,8011609.0,0.0,0.0,0.0,8011609.0
20260305,920527,夜光明,197145.0,4060303.0,0.0,0.0,0.0,4060303.0
20260305,920533,骏创科技,2345618.0,46906584.0,0.0,0.0,0.0,46906584.0
20260305,920541,铁大科技,570212.0,26521130.0,0.0,0.0,0.0,26521130.0
20260305,920547,无锡晶海,788194.0,11443638.0,0.0,0.0,0.0,11443638.0
20260305,920553,凯腾精工,1171789.0,5421683.0,0.0,0.0,0.0,5421683.0
20260305,920556,雅达股份,1953753.0,27982645.0,0.0,0.0,0.0,27982645.0
20260305,920564,天润科技,475672.0,14080147.0,0.0,0.0,0.0,14080147.0
20260305,920566,梓橦宫,1454115.0,32585480.0,0.0,0.0,0.0,32585480.0
20260305,920570,坤博精工,1553703.0,11758509.0,0.0,0.0,0.0,11758509.0
20260305,920571,国航远洋,31923622.0,67157759.0,0.0,0.0,0.0,67157759.0
20260305,920575,康乐卫士,37636.0,12812312.0,0.0,0.0,0.0,12812312.0
20260305,920576,天力复合,6966660.0,59494091.0,0.0,0.0,0.0,59494091.0
20260305,920578,巨能股份,263637.0,14978405.0,0.0,0.0,0.0,14978405.0
20260305,920579,机科股份,650913.0,14971800.0,0.0,0.0,0.0,14971800.0
20260305,920580,科创新材,1292866.0,6684074.0,0.0,0.0,0.0,6684074.0
20260305,920592,华信永道,740081.0,32197424.0,0.0,0.0,0.0,32197424.0
20260305,920593,鼎智科技,4271887.0,70684907.0,0.0,0.0,0.0,70684907.0
20260305,920599,同力股份,6269589.0,126090168.0,0.0,0.0,0.0,126090168.0
20260305,920608,丰安股份,215570.0,2769529.0,0.0,0.0,0.0,2769529.0
20260305,920627,力王股份,1771974.0,12397084.0,0.0,0.0,0.0,12397084.0
20260305,920634,新威凌,1329005.0,10606141.0,0.0,0.0,0.0,10606141.0
20260305,920639,晨光电缆,3348848.0,30640909.0,0.0,0.0,0.0,30640909.0
20260305,920640,富士达,18553404.0,134030792.0,0.0,0.0,0.0,134030792.0
20260305,920641,格利尔,236998.0,7446348.0,0.0,0.0,0.0,7446348.0
20260305,920642,通易航天,582073.0,10403172.0,0.0,0.0,0.0,10403172.0
20260305,920651,天罡股份,2975484.0,5776779.0,0.0,0.0,0.0,5776779.0
20260305,920656,海昇药业,91182.0,5888459.0,0.0,0.0,0.0,5888459.0
20260305,920662,方盛股份,3881289.0,16806108.0,0.0,0.0,0.0,16806108.0
20260305,920663,明阳科技,1849750.0,10363415.0,0.0,0.0,0.0,10363415.0
20260305,920665,科强股份,1136888.0,13660418.0,0.0,0.0,0.0,13660418.0
20260305,920670,数字人,161543.0,10526345.0,0.0,0.0,0.0,10526345.0
20260305,920675,秉扬科技,2490519.0,9493402.0,0.0,0.0,0.0,9493402.0
20260305,920679,前进科技,85176.0,6618335.0,0.0,0.0,0.0,6618335.0
20260305,920682,球冠电缆,2693439.0,22533575.0,0.0,0.0,0.0,22533575.0
20260305,920685,新芝生物,100402.0,5534565.0,0.0,0.0,0.0,5534565.0
20260305,920689,克莱特,841436.0,23192151.0,0.0,0.0,0.0,23192151.0
20260305,920690,捷众科技,693957.0,21960815.0,0.0,0.0,0.0,21960815.0
20260305,920693,阿为特,515393.0,22008610.0,0.0,0.0,0.0,22008610.0
20260305,920694,中裕科技,3813750.0,14715945.0,0.0,0.0,0.0,14715945.0
20260305,920699,海达尔,576499.0,63283039.0,0.0,0.0,0.0,63283039.0
20260305,920701,豪声电子,2477161.0,29091066.0,0.0,0.0,0.0,29091066.0
20260305,920703,广厦环能,2310254.0,24662038.0,0.0,0.0,0.0,24662038.0
20260305,920706,铁拓机械,4755669.0,23544567.0,0.0,0.0,0.0,23544567.0
20260305,920717,瑞星股份,1377238.0,4057610.0,0.0,0.0,0.0,4057610.0
20260305,920718,合肥高科,340302.0,5271501.0,0.0,0.0,0.0,5271501.0
20260305,920719,宁新新材,671387.0,6881479.0,0.0,0.0,0.0,6881479.0
20260305,920720,吉冈精密,330325.0,17596540.0,0.0,0.0,0.0,17596540.0
20260305,920725,惠丰钻石,6912706.0,23392515.0,0.0,0.0,0.0,23392515.0
20260305,920726,朱老六,1800337.0,14983105.0,0.0,0.0,0.0,14983105.0
20260305,920729,永顺生物,1670168.0,10529151.0,0.0,0.0,0.0,10529151.0
20260305,920735,德源药业,12303723.0,61277652.0,0.0,0.0,0.0,61277652.0
20260305,920748,路桥信息,939974.0,4218130.0,0.0,0.0,0.0,4218130.0
20260305,920751,惠同新材,3103081.0,27578607.0,0.0,0.0,0.0,27578607.0
20260305,920753,天纺标,562786.0,11695892.0,0.0,0.0,0.0,11695892.0
20260305,920765,美之高,1665129.0,7184544.0,0.0,0.0,0.0,7184544.0
20260305,920768,拾比佰,246166.0,11789505.0,0.0,0.0,0.0,11789505.0
20260305,920770,艾能聚,2448744.0,38165487.0,0.0,0.0,0.0,38165487.0
20260305,920779,武汉蓝电,715316.0,13162721.0,0.0,0.0,0.0,13162721.0
20260305,920781,瑞奇智造,1714913.0,8552933.0,0.0,0.0,0.0,8552933.0
20260305,920786,骑士乳业,1938097.0,20085653.0,0.0,0.0,0.0,20085653.0
20260305,920790,联迪信息,209997.0,18485009.0,0.0,0.0,0.0,18485009.0
20260305,920792,东和新材,1481672.0,12737566.0,0.0,0.0,0.0,12737566.0
20260305,920799,艾融软件,1415350.0,141511157.0,0.0,0.0,0.0,141511157.0
20260305,920802,保丽洁,254393.0,1903951.0,0.0,0.0,0.0,1903951.0
20260305,920806,云星宇,2431453.0,45088327.0,0.0,0.0,0.0,45088327.0
20260305,920807,奔朗新材,2756917.0,21523445.0,0.0,0.0,0.0,21523445.0
20260305,920808,曙光数创,9385066.0,287524402.0,0.0,0.0,0.0,287524402.0
20260305,920809,安达科技,3220892.0,47536484.0,0.0,0.0,0.0,47536484.0
20260305,920810,春光智能,403057.0,1987859.0,0.0,0.0,0.0,1987859.0
20260305,920819,颖泰生物,1021361.0,34029861.0,0.0,0.0,0.0,34029861.0
20260305,920821,则成电子,1736148.0,21302229.0,0.0,0.0,0.0,21302229.0
20260305,920826,盖世食品,2230315.0,21049638.0,0.0,0.0,0.0,21049638.0
20260305,920832,齐鲁华信,1131349.0,8215711.0,0.0,0.0,0.0,8215711.0
20260305,920833,美心翼申,2775865.0,17754201.0,0.0,0.0,0.0,17754201.0
20260305,920834,三维装备,460051.0,8981284.0,0.0,0.0,0.0,8981284.0
20260305,920837,华原股份,1644326.0,15373770.0,0.0,0.0,0.0,15373770.0
20260305,920839,万通液压,2430663.0,25626538.0,0.0,0.0,0.0,25626538.0
20260305,920855,浙江大农,149900.0,3437652.0,0.0,0.0,0.0,3437652.0
20260305,920856,浩淼科技,343178.0,12510434.0,0.0,0.0,0.0,12510434.0
20260305,920857,泓禧科技,411904.0,5204625.0,0.0,0.0,0.0,5204625.0
20260305,920866,绿亨科技,1734263.0,6134176.0,0.0,0.0,0.0,6134176.0
20260305,920870,恒进感应,282463.0,13615939.0,0.0,0.0,0.0,13615939.0
20260305,920871,派特尔,290167.0,6620526.0,0.0,0.0,0.0,6620526.0
20260305,920873,中设咨询,0.0,5397190.0,0.0,0.0,0.0,5397190.0
20260305,920876,慧为智能,5780352.0,10093916.0,0.0,0.0,0.0,10093916.0
20260305,920879,基康技术,2365076.0,24400180.0,0.0,0.0,0.0,24400180.0
20260305,920885,星辰科技,4188565.0,39435391.0,0.0,0.0,0.0,39435391.0
20260305,920892,广咨国际,858224.0,6889435.0,0.0,0.0,0.0,6889435.0
20260305,920895,花溪科技,8818.0,1636335.0,0.0,0.0,0.0,1636335.0
20260305,920896,旺成科技,40718.0,8711176.0,0.0,0.0,0.0,8711176.0
20260305,920906,舜宇精工,233727.0,7560746.0,0.0,0.0,0.0,7560746.0
20260305,920914,远航精密,2888219.0,41934914.0,0.0,0.0,0.0,41934914.0
20260305,920924,广脉科技,1127395.0,19060462.0,0.0,0.0,0.0,19060462.0
20260305,920925,锦好医疗,1145682.0,16958839.0,0.0,0.0,0.0,16958839.0
20260305,920926,鸿智科技,720832.0,6324415.0,0.0,0.0,0.0,6324415.0
20260305,920931,无锡鼎邦,1439582.0,4414899.0,0.0,0.0,0.0,4414899.0
20260305,920932,科达自控,318737.0,23926266.0,0.0,0.0,0.0,23926266.0
20260305,920942,恒立钻具,2671740.0,28326709.0,0.0,0.0,0.0,28326709.0
20260305,920943,优机股份,2568307.0,24319184.0,0.0,0.0,0.0,24319184.0
20260305,920946,森萱医药,642909.0,23571937.0,0.0,0.0,0.0,23571937.0
20260305,920950,迅安科技,741634.0,1968565.0,0.0,0.0,0.0,1968565.0
20260305,920953,国子软件,3464043.0,44037101.0,0.0,0.0,0.0,44037101.0
20260305,920957,汉维科技,390158.0,979787.0,0.0,0.0,0.0,979787.0
20260305,920961,创远信科,1805679.0,52288230.0,0.0,0.0,0.0,52288230.0
20260305,920964,润农节水,980047.0,26169496.0,0.0,0.0,0.0,26169496.0
20260305,920970,大禹生物,686922.0,2193979.0,0.0,0.0,0.0,2193979.0
20260305,920971,天马新材,1234584.0,48132402.0,0.0,0.0,0.0,48132402.0
20260305,920974,凯大催化,2368676.0,6229415.0,0.0,0.0,0.0,6229415.0
20260305,920976,视声智能,4261588.0,19322998.0,0.0,0.0,0.0,19322998.0
20260305,920978,开特股份,3614381.0,69008205.0,0.0,0.0,0.0,69008205.0
20260305,920981,晶赛科技,293085.0,16968089.0,0.0,0.0,0.0,16968089.0
20260305,920982,锦波生物,8126187.0,357720607.0,0.0,0.0,0.0,357720607.0
20260305,920985,海泰新能,1407211.0,23243579.0,0.0,0.0,0.0,23243579.0
20260305,920992,中科美菱,854063.0,8469280.0,0.0,0.0,0.0,8469280.0
20260305,日期：2026-03-05,,,,,,,
20260306,920000,安徽凤凰,334108.0,10470220.0,0.0,0.0,0.0,10470220.0
20260306,920001,纬达光电,7779254.0,21141682.0,0.0,0.0,0.0,21141682.0
20260306,920002,万达轴承,1149974.0,50047445.0,0.0,0.0,0.0,50047445.0
20260306,920003,中诚咨询,407754.0,4639850.0,0.0,0.0,0.0,4639850.0
20260306,920005,鼎佳精密,121974.0,14618273.0,0.0,0.0,0.0,14618273.0
20260306,920006,晟楠科技,513258.0,15476861.0,0.0,0.0,0.0,15476861.0
20260306,920007,酉立智能,156931.0,10346740.0,0.0,0.0,0.0,10346740.0
20260306,920008,成电光信,921640.0,18446164.0,0.0,0.0,0.0,18446164.0
20260306,920009,丹娜生物,25620.0,5320082.0,0.0,0.0,0.0,5320082.0
20260306,920010,凯添燃气,12023615.0,33874492.0,0.0,0.0,0.0,33874492.0
20260306,920014,特瑞斯,4204222.0,8557022.0,0.0,0.0,0.0,8557022.0
20260306,920015,锦华新材,1298276.0,34339726.0,0.0,0.0,0.0,34339726.0
20260306,920016,中草香料,634935.0,7422507.0,0.0,0.0,0.0,7422507.0
20260306,920017,星昊医药,1914610.0,44729077.0,0.0,0.0,0.0,44729077.0
20260306,920018,宏远股份,5006337.0,33318163.0,0.0,0.0,0.0,33318163.0
20260306,920019,铜冠矿建,3182321.0,49203909.0,0.0,0.0,0.0,49203909.0
20260306,920020,泰凯英,576539.0,20717000.0,0.0,0.0,0.0,20717000.0
20260306,920021,流金科技,4946220.0,65894352.0,0.0,0.0,0.0,65894352.0
20260306,920022,世昌股份,352451.0,3906678.0,0.0,0.0,0.0,3906678.0
20260306,920023,田野股份,0.0,7225856.0,0.0,0.0,0.0,7225856.0
20260306,920026,卓兆点胶,307078.0,12489279.0,0.0,0.0,0.0,12489279.0
20260306,920027,交大铁发,1325789.0,8712865.0,0.0,0.0,0.0,8712865.0
20260306,920029,开发科技,5847355.0,83392186.0,0.0,0.0,0.0,83392186.0
20260306,920030,德众汽车,106790.0,12363441.0,0.0,0.0,0.0,12363441.0
20260306,920033,康普化学,232470.0,17290363.0,0.0,0.0,0.0,17290363.0
20260306,920035,精创电气,60700.0,6367630.0,0.0,0.0,0.0,6367630.0
20260306,920037,广信科技,7025110.0,57675160.0,0.0,0.0,0.0,57675160.0
20260306,920039,国义招标,1501590.0,17064156.0,0.0,0.0,0.0,17064156.0
20260306,920045,蘅东光,15194589.0,125911008.0,0.0,0.0,0.0,125911008.0
20260306,920046,亿能电力,14864072.0,25846308.0,0.0,0.0,0.0,25846308.0
20260306,920047,诺思兰德,1583111.0,34387131.0,0.0,13799.0,321931.0,34709062.0
20260306,920050,爱舍伦,49687.0,7054691.0,0.0,0.0,0.0,7054691.0
20260306,920056,能之光,186274.0,17244147.0,0.0,0.0,0.0,17244147.0
20260306,920057,百甲科技,504538.0,4621921.0,0.0,0.0,0.0,4621921.0
20260306,920058,华洋赛车,471736.0,6325114.0,0.0,0.0,0.0,6325114.0
20260306,920060,万源通,3744187.0,70692705.0,0.0,0.0,0.0,70692705.0
20260306,920061,西磁科技,561164.0,11625307.0,0.0,0.0,0.0,11625307.0
20260306,920062,科润智控,11056741.0,43367374.0,0.0,0.0,0.0,43367374.0
20260306,920066,科拜尔,658429.0,11543789.0,0.0,0.0,0.0,11543789.0
20260306,920068,天工股份,2242594.0,35978799.0,0.0,0.0,0.0,35978799.0
20260306,920075,柏星龙,2869327.0,14681093.0,0.0,0.0,0.0,14681093.0
20260306,920076,国亮新材,4641.0,5288946.0,0.0,0.0,0.0,5288946.0
20260306,920077,吉林碳谷,3217040.0,101314377.0,0.0,0.0,0.0,101314377.0
20260306,920080,奥美森,882070.0,11049687.0,0.0,0.0,0.0,11049687.0
20260306,920082,方正阀门,1263256.0,10251567.0,0.0,0.0,0.0,10251567.0
20260306,920086,科马材料,1002150.0,15083279.0,0.0,0.0,0.0,15083279.0
20260306,920087,秋乐种业,12107269.0,31678276.0,0.0,0.0,0.0,31678276.0
20260306,920088,科力股份,28301652.0,67438058.0,0.0,0.0,0.0,67438058.0
20260306,920089,禾昌聚合,2784145.0,47201696.0,0.0,0.0,0.0,47201696.0
20260306,920090,同辉信息,282000.0,3899809.0,0.0,0.0,0.0,3899809.0
20260306,920091,大鹏工业,681409.0,18469919.0,0.0,0.0,0.0,18469919.0
20260306,920092,汉鑫科技,2249928.0,19484351.0,0.0,0.0,0.0,19484351.0
20260306,920098,科隆新材,1947157.0,31141540.0,0.0,0.0,0.0,31141540.0
20260306,920099,瑞华技术,7403155.0,27033624.0,0.0,0.0,0.0,27033624.0
20260306,920100,三协电机,1197354.0,20450293.0,0.0,0.0,0.0,20450293.0
20260306,920101,志高机械,738291.0,22666238.0,0.0,0.0,0.0,22666238.0
20260306,920106,林泰新材,1254501.0,37619088.0,0.0,0.0,0.0,37619088.0
20260306,920108,宏海科技,280206.0,9662008.0,0.0,0.0,0.0,9662008.0
20260306,920110,雷特科技,501062.0,2917600.0,0.0,0.0,0.0,2917600.0
20260306,920111,聚星科技,5836552.0,29645523.0,0.0,0.0,0.0,29645523.0
20260306,920112,巴兰仕,924450.0,8281005.0,0.0,0.0,0.0,8281005.0
20260306,920116,星图测控,18856865.0,164607658.0,0.0,0.0,0.0,164607658.0
20260306,920118,太湖远大,816853.0,6610362.0,0.0,0.0,0.0,6610362.0
20260306,920119,美德乐,1154976.0,16776847.0,0.0,0.0,0.0,16776847.0
20260306,920121,江天科技,91646.0,10317653.0,0.0,0.0,0.0,10317653.0
20260306,920122,中纺标,537760.0,12074266.0,0.0,0.0,0.0,12074266.0
20260306,920123,芭薇股份,1406631.0,10764356.0,0.0,0.0,0.0,10764356.0
20260306,920124,南特科技,358314.0,16395660.0,0.0,0.0,0.0,16395660.0
20260306,920128,胜业电气,523705.0,15037636.0,0.0,0.0,0.0,15037636.0
20260306,920130,立方控股,672056.0,13743449.0,0.0,0.0,0.0,13743449.0
20260306,920132,泰鹏智能,1811968.0,3036709.0,0.0,0.0,0.0,3036709.0
20260306,920139,华岭股份,1244790.0,60089211.0,0.0,0.0,0.0,60089211.0
20260306,920145,恒合股份,0.0,2358720.0,0.0,0.0,0.0,2358720.0
20260306,920146,华阳变速,203578.0,4767094.0,0.0,0.0,0.0,4767094.0
20260306,920149,旭杰科技,685305.0,5803977.0,0.0,0.0,0.0,5803977.0
20260306,920152,昆工科技,156815.0,22794681.0,0.0,0.0,0.0,22794681.0
20260306,920158,长江能科,3633951.0,11343434.0,0.0,0.0,0.0,11343434.0
20260306,920159,农大科技,4364049.0,9503632.0,0.0,0.0,0.0,9503632.0
20260306,920160,北矿检测,799359.0,15665522.0,0.0,0.0,0.0,15665522.0
20260306,920163,方大新材,435822.0,3521054.0,0.0,0.0,0.0,3521054.0
20260306,920166,海圣医疗,493589.0,2641203.0,0.0,0.0,0.0,2641203.0
20260306,920167,同享科技,3250777.0,23859081.0,0.0,0.0,0.0,23859081.0
20260306,920168,通宝光电,2316218.0,5171326.0,0.0,0.0,0.0,5171326.0
20260306,920169,七丰精工,2790147.0,18396252.0,0.0,0.0,0.0,18396252.0
20260306,920171,志晟信息,241482.0,9580724.0,0.0,0.0,0.0,9580724.0
20260306,920174,五新隧装,1579397.0,58383154.0,0.0,0.0,0.0,58383154.0
20260306,920175,东方碳素,103544.0,6273758.0,0.0,0.0,0.0,6273758.0
20260306,920179,凯德石英,3936043.0,114321714.0,0.0,0.0,0.0,114321714.0
20260306,920180,爱得科技,1364891.0,6243541.0,0.0,0.0,0.0,6243541.0
20260306,920183,海菲曼,1518165.0,4208055.0,0.0,0.0,0.0,4208055.0
20260306,920184,国源科技,1017285.0,25711377.0,0.0,0.0,0.0,25711377.0
20260306,920185,贝特瑞,9218596.0,270066510.0,0.0,0.0,0.0,270066510.0
20260306,920187,通领科技,4666162.0,7636734.0,0.0,0.0,0.0,7636734.0
20260306,920190,雷神科技,1416262.0,52269707.0,0.0,0.0,0.0,52269707.0
20260306,920195,三祥科技,878863.0,15435231.0,0.0,0.0,0.0,15435231.0
20260306,920198,微创光电,1708167.0,6102131.0,0.0,0.0,0.0,6102131.0
20260306,920199,倍益康,6330004.0,24534809.0,0.0,0.0,0.0,24534809.0
20260306,920204,沪江材料,3109368.0,15110500.0,0.0,0.0,0.0,15110500.0
20260306,920207,众诚科技,5673911.0,15449521.0,0.0,0.0,0.0,15449521.0
20260306,920208,青矩技术,356320.0,19604568.0,0.0,0.0,0.0,19604568.0
20260306,920212,智新电子,1314655.0,4365333.0,0.0,0.0,0.0,4365333.0
20260306,920221,易实精密,654502.0,8170119.0,0.0,0.0,0.0,8170119.0
20260306,920223,荣亿精密,580010.0,13620341.0,0.0,0.0,0.0,13620341.0
20260306,920225,利通科技,2584977.0,94029820.0,0.0,0.0,0.0,94029820.0
20260306,920227,美登科技,1403876.0,29974258.0,0.0,0.0,0.0,29974258.0
20260306,920230,欧康医药,299618.0,3423806.0,0.0,0.0,0.0,3423806.0
20260306,920237,力佳科技,2778563.0,12853974.0,0.0,0.0,0.0,12853974.0
20260306,920239,长虹能源,2809037.0,92370101.0,0.0,0.0,0.0,92370101.0
20260306,920242,建邦科技,1275943.0,12085402.0,0.0,0.0,0.0,12085402.0
20260306,920245,威博液压,60284.0,6924886.0,0.0,0.0,0.0,6924886.0
20260306,920247,华密新材,1456779.0,24601901.0,0.0,0.0,0.0,24601901.0
20260306,920249,利尔达,454553.0,30538282.0,0.0,0.0,0.0,30538282.0
20260306,920252,天宏锂电,976041.0,28280443.0,0.0,0.0,0.0,28280443.0
20260306,920260,中寰股份,2374762.0,8485230.0,0.0,0.0,0.0,8485230.0
20260306,920261,一诺威,1581361.0,17264459.0,0.0,0.0,0.0,17264459.0
20260306,920262,太湖雪,184514.0,5103808.0,0.0,0.0,0.0,5103808.0
20260306,920263,中航泰达,886385.0,7504834.0,0.0,0.0,0.0,7504834.0
20260306,920266,生物谷,7278.0,6645770.0,0.0,0.0,0.0,6645770.0
20260306,920267,鑫汇科,323569.0,4711867.0,0.0,0.0,0.0,4711867.0
20260306,920270,天铭科技,10780885.0,34136940.0,0.0,0.0,0.0,34136940.0
20260306,920271,邦德股份,462550.0,12512627.0,0.0,0.0,0.0,12512627.0
20260306,920273,一致魔芋,1289663.0,23967956.0,0.0,0.0,0.0,23967956.0
20260306,920274,宏裕包材,1158126.0,13578941.0,0.0,0.0,0.0,13578941.0
20260306,920275,驱动力,663755.0,9624303.0,0.0,0.0,0.0,9624303.0
20260306,920278,鹿得医疗,369743.0,8996646.0,0.0,0.0,0.0,8996646.0
20260306,920284,灵鸽科技,5122243.0,34116096.0,0.0,0.0,0.0,34116096.0
20260306,920299,灿能电力,10934979.0,22976420.0,0.0,0.0,0.0,22976420.0
20260306,920300,辰光医疗,281206.0,17354324.0,0.0,0.0,0.0,17354324.0
20260306,920304,迪尔化工,5133167.0,12712160.0,0.0,0.0,0.0,12712160.0
20260306,920339,恒太照明,3939782.0,7917836.0,0.0,0.0,0.0,7917836.0
20260306,920344,三元基因,497091.0,16659578.0,0.0,0.0,0.0,16659578.0
20260306,920346,威贸电子,1062751.0,22882104.0,0.0,0.0,0.0,22882104.0
20260306,920351,华光源海,3560100.0,12745791.0,0.0,0.0,0.0,12745791.0
20260306,920357,雅葆轩,1380471.0,11166945.0,0.0,0.0,0.0,11166945.0
20260306,920363,莱赛激光,682895.0,13416234.0,0.0,0.0,0.0,13416234.0
20260306,920367,新赣江,1011805.0,11093050.0,0.0,0.0,0.0,11093050.0
20260306,920368,连城数控,25616067.0,317109340.0,0.0,200.0,8704.0,317118044.0
20260306,920370,新安洁,9963.0,2243130.0,0.0,0.0,0.0,2243130.0
20260306,920371,欧福蛋业,1065791.0,11203413.0,0.0,0.0,0.0,11203413.0
20260306,920374,云里物里,142430.0,21684711.0,0.0,0.0,0.0,21684711.0
20260306,920375,派诺科技,13785354.0,9172531.0,0.0,0.0,0.0,9172531.0
20260306,920378,泰德股份,530876.0,27460173.0,0.0,0.0,0.0,27460173.0
20260306,920392,佳合科技,1488363.0,10783764.0,0.0,0.0,0.0,10783764.0
20260306,920394,民士达,7414667.0,73263929.0,0.0,0.0,0.0,73263929.0
20260306,920395,朗鸿科技,659679.0,32464538.0,0.0,0.0,0.0,32464538.0
20260306,920396,常辅股份,5763942.0,23040676.0,0.0,0.0,0.0,23040676.0
20260306,920402,硅烷科技,4998243.0,63413650.0,0.0,0.0,0.0,63413650.0
20260306,920403,康农种业,6346992.0,18431781.0,0.0,0.0,0.0,18431781.0
20260306,920405,海希通讯,2260228.0,108877999.0,0.0,0.0,0.0,108877999.0
20260306,920407,驰诚股份,1052187.0,9272744.0,0.0,0.0,0.0,9272744.0
20260306,920414,欧普泰,223191.0,4929478.0,0.0,0.0,0.0,4929478.0
20260306,920415,恒拓开源,2704001.0,23337573.0,0.0,0.0,0.0,23337573.0
20260306,920418,苏轴股份,2428856.0,58705642.0,0.0,0.0,0.0,58705642.0
20260306,920419,路斯股份,1429900.0,17973943.0,0.0,0.0,0.0,17973943.0
20260306,920422,润普食品,287993.0,8245767.0,0.0,0.0,0.0,8245767.0
20260306,920425,乐创技术,2030700.0,17428465.0,0.0,0.0,0.0,17428465.0
20260306,920427,华维设计,67938.0,6412493.0,0.0,0.0,0.0,6412493.0
20260306,920429,康比特,535483.0,18769957.0,0.0,0.0,0.0,18769957.0
20260306,920433,大唐药业,759035.0,7516508.0,0.0,0.0,0.0,7516508.0
20260306,920436,大地电气,186712.0,9355408.0,0.0,0.0,0.0,9355408.0
20260306,920438,戈碧迦,9640692.0,104733324.0,0.0,0.0,0.0,104733324.0
20260306,920445,龙竹科技,2588543.0,25763716.0,0.0,0.0,0.0,25763716.0
20260306,920454,同心传动,478586.0,13097333.0,0.0,0.0,0.0,13097333.0
20260306,920455,汇隆活塞,242342.0,5779789.0,0.0,0.0,0.0,5779789.0
20260306,920469,富恒新材,583249.0,24149552.0,0.0,0.0,0.0,24149552.0
20260306,920471,美邦科技,2031475.0,6958747.0,0.0,0.0,0.0,6958747.0
20260306,920475,三友科技,55214.0,10706971.0,0.0,0.0,0.0,10706971.0
20260306,920476,海能技术,1121658.0,30821506.0,0.0,0.0,0.0,30821506.0
20260306,920478,峆一药业,1303431.0,10046641.0,0.0,0.0,0.0,10046641.0
20260306,920489,佳先股份,1637329.0,35725116.0,0.0,0.0,0.0,35725116.0
20260306,920491,奥迪威,2626753.0,130020470.0,0.0,0.0,0.0,130020470.0
20260306,920493,并行科技,16415157.0,182578725.0,0.0,0.0,0.0,182578725.0
20260306,920496,许昌智能,6334530.0,29856502.0,0.0,0.0,0.0,29856502.0
20260306,920504,博迅生物,52128.0,1551657.0,0.0,0.0,0.0,1551657.0
20260306,920505,九菱科技,1120950.0,25252184.0,0.0,0.0,0.0,25252184.0
20260306,920508,殷图网联,1724501.0,6414043.0,0.0,0.0,0.0,6414043.0
20260306,920509,同惠电子,1042890.0,33410356.0,0.0,0.0,0.0,33410356.0
20260306,920510,丰光精密,735212.0,18719260.0,0.0,0.0,0.0,18719260.0
20260306,920519,万德股份,5166732.0,9576135.0,0.0,0.0,0.0,9576135.0
20260306,920522,纳科诺尔,15646745.0,151165534.0,0.0,0.0,0.0,151165534.0
20260306,920523,德瑞锂电,724502.0,68906499.0,0.0,0.0,0.0,68906499.0
20260306,920526,凯华材料,1686195.0,7719726.0,0.0,0.0,0.0,7719726.0
20260306,920527,夜光明,176125.0,4080504.0,0.0,0.0,0.0,4080504.0
20260306,920533,骏创科技,1770983.0,46978394.0,0.0,0.0,0.0,46978394.0
20260306,920541,铁大科技,702853.0,26581045.0,0.0,0.0,0.0,26581045.0
20260306,920547,无锡晶海,1274095.0,10646442.0,0.0,0.0,0.0,10646442.0
20260306,920553,凯腾精工,946599.0,6004896.0,0.0,0.0,0.0,6004896.0
20260306,920556,雅达股份,4498149.0,29449711.0,0.0,0.0,0.0,29449711.0
20260306,920564,天润科技,584034.0,13320279.0,0.0,0.0,0.0,13320279.0
20260306,920566,梓橦宫,1206333.0,32381078.0,0.0,0.0,0.0,32381078.0
20260306,920570,坤博精工,1218192.0,11701731.0,0.0,0.0,0.0,11701731.0
20260306,920571,国航远洋,19868460.0,63416279.0,0.0,0.0,0.0,63416279.0
20260306,920575,康乐卫士,211712.0,12984727.0,0.0,0.0,0.0,12984727.0
20260306,920576,天力复合,6414340.0,59288961.0,0.0,0.0,0.0,59288961.0
20260306,920578,巨能股份,201701.0,14321250.0,0.0,0.0,0.0,14321250.0
20260306,920579,机科股份,264134.0,15043422.0,0.0,0.0,0.0,15043422.0
20260306,920580,科创新材,795345.0,6978295.0,0.0,0.0,0.0,6978295.0
20260306,920592,华信永道,1348153.0,32661794.0,0.0,0.0,0.0,32661794.0
20260306,920593,鼎智科技,3989251.0,71210173.0,0.0,0.0,0.0,71210173.0
20260306,920599,同力股份,4836443.0,104615669.0,0.0,0.0,0.0,104615669.0
20260306,920608,丰安股份,172478.0,2671045.0,0.0,0.0,0.0,2671045.0
20260306,920627,力王股份,418910.0,12439276.0,0.0,0.0,0.0,12439276.0
20260306,920634,新威凌,560555.0,10642898.0,0.0,0.0,0.0,10642898.0
20260306,920639,晨光电缆,3209454.0,31526177.0,0.0,0.0,0.0,31526177.0
20260306,920640,富士达,11573161.0,133630261.0,0.0,0.0,0.0,133630261.0
20260306,920641,格利尔,594454.0,6389591.0,0.0,0.0,0.0,6389591.0
20260306,920642,通易航天,274812.0,10631616.0,0.0,0.0,0.0,10631616.0
20260306,920651,天罡股份,215098.0,5687255.0,0.0,0.0,0.0,5687255.0
20260306,920656,海昇药业,102793.0,5899483.0,0.0,0.0,0.0,5899483.0
20260306,920662,方盛股份,1718391.0,15295915.0,0.0,0.0,0.0,15295915.0
20260306,920663,明阳科技,1035536.0,10183553.0,0.0,0.0,0.0,10183553.0
20260306,920665,科强股份,1208441.0,13796002.0,0.0,0.0,0.0,13796002.0
20260306,920670,数字人,544926.0,10383088.0,0.0,0.0,0.0,10383088.0
20260306,920675,秉扬科技,2633955.0,10156104.0,0.0,0.0,0.0,10156104.0
20260306,920679,前进科技,97940.0,6528765.0,0.0,0.0,0.0,6528765.0
20260306,920682,球冠电缆,3682961.0,22852839.0,0.0,0.0,0.0,22852839.0
20260306,920685,新芝生物,118082.0,5627264.0,0.0,0.0,0.0,5627264.0
20260306,920689,克莱特,3856104.0,21993475.0,0.0,0.0,0.0,21993475.0
20260306,920690,捷众科技,521629.0,22026435.0,0.0,0.0,0.0,22026435.0
20260306,920693,阿为特,911954.0,22606661.0,0.0,0.0,0.0,22606661.0
20260306,920694,中裕科技,2282715.0,13364544.0,0.0,0.0,0.0,13364544.0
20260306,920699,海达尔,217911.0,63213283.0,0.0,0.0,0.0,63213283.0
20260306,920701,豪声电子,839562.0,29114446.0,0.0,0.0,0.0,29114446.0
20260306,920703,广厦环能,1634843.0,24640813.0,0.0,0.0,0.0,24640813.0
20260306,920706,铁拓机械,2860071.0,22345731.0,0.0,0.0,0.0,22345731.0
20260306,920717,瑞星股份,710654.0,4327803.0,0.0,0.0,0.0,4327803.0
20260306,920718,合肥高科,419965.0,5488433.0,0.0,0.0,0.0,5488433.0
20260306,920719,宁新新材,83325.0,6660707.0,0.0,0.0,0.0,6660707.0
20260306,920720,吉冈精密,409554.0,17670093.0,0.0,0.0,0.0,17670093.0
20260306,920725,惠丰钻石,2567176.0,21772845.0,0.0,0.0,0.0,21772845.0
20260306,920726,朱老六,849465.0,13573393.0,0.0,0.0,0.0,13573393.0
20260306,920729,永顺生物,2200379.0,10392837.0,0.0,0.0,0.0,10392837.0
20260306,920735,德源药业,6424506.0,53178647.0,0.0,0.0,0.0,53178647.0
20260306,920748,路桥信息,171821.0,4113910.0,0.0,0.0,0.0,4113910.0
20260306,920751,惠同新材,1131983.0,27766427.0,0.0,0.0,0.0,27766427.0
20260306,920753,天纺标,673203.0,11811211.0,0.0,0.0,0.0,11811211.0
20260306,920765,美之高,741240.0,7094110.0,0.0,0.0,0.0,7094110.0
20260306,920768,拾比佰,757610.0,12453145.0,0.0,0.0,0.0,12453145.0
20260306,920770,艾能聚,1394957.0,37510496.0,0.0,0.0,0.0,37510496.0
20260306,920779,武汉蓝电,849851.0,13241796.0,0.0,0.0,0.0,13241796.0
20260306,920781,瑞奇智造,1294201.0,8081372.0,0.0,0.0,0.0,8081372.0
20260306,920786,骑士乳业,529282.0,19365447.0,0.0,0.0,0.0,19365447.0
20260306,920790,联迪信息,604169.0,18738521.0,0.0,0.0,0.0,18738521.0
20260306,920792,东和新材,416577.0,12336493.0,0.0,0.0,0.0,12336493.0
20260306,920799,艾融软件,4071549.0,142085388.0,0.0,0.0,0.0,142085388.0
20260306,920802,保丽洁,33749.0,1732546.0,0.0,0.0,0.0,1732546.0
20260306,920806,云星宇,807128.0,44773997.0,0.0,0.0,0.0,44773997.0
20260306,920807,奔朗新材,1572411.0,22040793.0,0.0,0.0,0.0,22040793.0
20260306,920808,曙光数创,9604383.0,288880252.0,0.0,0.0,0.0,288880252.0
20260306,920809,安达科技,2497496.0,48049147.0,0.0,0.0,0.0,48049147.0
20260306,920810,春光智能,206768.0,2071575.0,0.0,0.0,0.0,2071575.0
20260306,920819,颖泰生物,2326680.0,34608423.0,0.0,0.0,0.0,34608423.0
20260306,920821,则成电子,1439244.0,21827649.0,0.0,0.0,0.0,21827649.0
20260306,920826,盖世食品,250791.0,19983921.0,0.0,0.0,0.0,19983921.0
20260306,920832,齐鲁华信,433669.0,7881954.0,0.0,0.0,0.0,7881954.0
20260306,920833,美心翼申,2649484.0,19503386.0,0.0,0.0,0.0,19503386.0
20260306,920834,三维装备,563860.0,9203629.0,0.0,0.0,0.0,9203629.0
20260306,920837,华原股份,1759487.0,13549934.0,0.0,0.0,0.0,13549934.0
20260306,920839,万通液压,2530235.0,25967362.0,0.0,0.0,0.0,25967362.0
20260306,920855,浙江大农,39446.0,3164876.0,0.0,0.0,0.0,3164876.0
20260306,920856,浩淼科技,429490.0,12669072.0,0.0,0.0,0.0,12669072.0
20260306,920857,泓禧科技,204857.0,5165287.0,0.0,0.0,0.0,5165287.0
20260306,920866,绿亨科技,3555678.0,8311799.0,0.0,0.0,0.0,8311799.0
20260306,920870,恒进感应,670183.0,14018374.0,0.0,0.0,0.0,14018374.0
20260306,920871,派特尔,468166.0,6486735.0,0.0,0.0,0.0,6486735.0
20260306,920873,中设咨询,6375.0,5295403.0,0.0,0.0,0.0,5295403.0
20260306,920876,慧为智能,2810362.0,9240844.0,0.0,0.0,0.0,9240844.0
20260306,920879,基康技术,1496807.0,23231661.0,0.0,0.0,0.0,23231661.0
20260306,920885,星辰科技,2577917.0,40291850.0,0.0,0.0,0.0,40291850.0
20260306,920892,广咨国际,1225538.0,7175625.0,0.0,0.0,0.0,7175625.0
20260306,920895,花溪科技,43722.0,1631319.0,0.0,0.0,0.0,1631319.0
20260306,920896,旺成科技,262832.0,8676601.0,0.0,0.0,0.0,8676601.0
20260306,920906,舜宇精工,119205.0,7431586.0,0.0,0.0,0.0,7431586.0
20260306,920914,远航精密,3489983.0,41177110.0,0.0,0.0,0.0,41177110.0
20260306,920924,广脉科技,1417634.0,19407112.0,0.0,0.0,0.0,19407112.0
20260306,920925,锦好医疗,121929.0,16373720.0,0.0,0.0,0.0,16373720.0
20260306,920926,鸿智科技,832194.0,6524594.0,0.0,0.0,0.0,6524594.0
20260306,920931,无锡鼎邦,686522.0,4209371.0,0.0,0.0,0.0,4209371.0
20260306,920932,科达自控,657419.0,22186587.0,0.0,0.0,0.0,22186587.0
20260306,920942,恒立钻具,1482357.0,28134086.0,0.0,0.0,0.0,28134086.0
20260306,920943,优机股份,3733237.0,25821331.0,0.0,0.0,0.0,25821331.0
20260306,920946,森萱医药,539603.0,23435768.0,0.0,0.0,0.0,23435768.0
20260306,920950,迅安科技,285127.0,2055453.0,0.0,0.0,0.0,2055453.0
20260306,920953,国子软件,1254137.0,42062276.0,0.0,0.0,0.0,42062276.0
20260306,920957,汉维科技,378085.0,1088716.0,0.0,0.0,0.0,1088716.0
20260306,920961,创远信科,1494765.0,52037122.0,0.0,0.0,0.0,52037122.0
20260306,920964,润农节水,36018.0,25367406.0,0.0,0.0,0.0,25367406.0
20260306,920970,大禹生物,50669.0,2177744.0,0.0,0.0,0.0,2177744.0
20260306,920971,天马新材,947978.0,48064723.0,0.0,0.0,0.0,48064723.0
20260306,920974,凯大催化,655377.0,4601793.0,0.0,0.0,0.0,4601793.0
20260306,920976,视声智能,1554387.0,18772785.0,0.0,0.0,0.0,18772785.0
20260306,920978,开特股份,2744318.0,66635465.0,0.0,0.0,0.0,66635465.0
20260306,920981,晶赛科技,920648.0,16524808.0,0.0,0.0,0.0,16524808.0
20260306,920982,锦波生物,7584336.0,359004403.0,0.0,0.0,0.0,359004403.0
20260306,920985,海泰新能,897670.0,23098980.0,0.0,0.0,0.0,23098980.0
20260306,920992,中科美菱,703619.0,8537528.0,0.0,0.0,0.0,8537528.0
20260306,日期：2026-03-06,,,,,,,
20260309,920000,安徽凤凰,1111809.0,11221442.0,0.0,0.0,0.0,11221442.0
20260309,920001,纬达光电,3356843.0,19486194.0,0.0,0.0,0.0,19486194.0
20260309,920002,万达轴承,1895015.0,50838180.0,0.0,0.0,0.0,50838180.0
20260309,920003,中诚咨询,37154.0,4262875.0,0.0,0.0,0.0,4262875.0
20260309,920005,鼎佳精密,493871.0,14314815.0,0.0,0.0,0.0,14314815.0
20260309,920006,晟楠科技,884890.0,15259421.0,0.0,0.0,0.0,15259421.0
20260309,920007,酉立智能,1202919.0,11241487.0,0.0,0.0,0.0,11241487.0
20260309,920008,成电光信,1603033.0,18473961.0,0.0,0.0,0.0,18473961.0
20260309,920009,丹娜生物,241072.0,5501687.0,0.0,0.0,0.0,5501687.0
20260309,920010,凯添燃气,26530487.0,43949786.0,0.0,0.0,0.0,43949786.0
20260309,920014,特瑞斯,7123235.0,12535253.0,0.0,0.0,0.0,12535253.0
20260309,920015,锦华新材,3622288.0,35015869.0,0.0,0.0,0.0,35015869.0
20260309,920016,中草香料,603731.0,7462942.0,0.0,0.0,0.0,7462942.0
20260309,920017,星昊医药,2485579.0,44523487.0,0.0,0.0,0.0,44523487.0
20260309,920018,宏远股份,4246490.0,33818571.0,0.0,0.0,0.0,33818571.0
20260309,920019,铜冠矿建,3027064.0,48203645.0,0.0,0.0,0.0,48203645.0
20260309,920020,泰凯英,362569.0,20792184.0,0.0,0.0,0.0,20792184.0
20260309,920021,流金科技,5812960.0,64856451.0,0.0,0.0,0.0,64856451.0
20260309,920022,世昌股份,503750.0,4335982.0,0.0,0.0,0.0,4335982.0
20260309,920023,田野股份,52344.0,7253138.0,0.0,0.0,0.0,7253138.0
20260309,920026,卓兆点胶,104625.0,12010727.0,0.0,0.0,0.0,12010727.0
20260309,920027,交大铁发,386857.0,8727401.0,0.0,0.0,0.0,8727401.0
20260309,920029,开发科技,2980729.0,80934059.0,0.0,0.0,0.0,80934059.0
20260309,920030,德众汽车,1390959.0,12797215.0,0.0,0.0,0.0,12797215.0
20260309,920033,康普化学,1447306.0,17383301.0,0.0,0.0,0.0,17383301.0
20260309,920035,精创电气,187462.0,5940722.0,0.0,0.0,0.0,5940722.0
20260309,920036,N觅睿,6866218.0,6381063.0,0.0,0.0,0.0,6381063.0
20260309,920037,广信科技,4798498.0,54887033.0,0.0,0.0,0.0,54887033.0
20260309,920039,国义招标,432614.0,16407287.0,0.0,0.0,0.0,16407287.0
20260309,920045,蘅东光,20899259.0,128904896.0,0.0,0.0,0.0,128904896.0
20260309,920046,亿能电力,14046541.0,22790226.0,0.0,0.0,0.0,22790226.0
20260309,920047,诺思兰德,1109082.0,33773445.0,0.0,13799.0,317653.0,34091098.0
20260309,920050,爱舍伦,904403.0,7943966.0,0.0,0.0,0.0,7943966.0
20260309,920056,能之光,913417.0,17422582.0,0.0,0.0,0.0,17422582.0
20260309,920057,百甲科技,209014.0,4347982.0,0.0,0.0,0.0,4347982.0
20260309,920058,华洋赛车,976017.0,6181645.0,0.0,0.0,0.0,6181645.0
20260309,920060,万源通,7283262.0,73207869.0,0.0,0.0,0.0,73207869.0
20260309,920061,西磁科技,353978.0,11431636.0,0.0,0.0,0.0,11431636.0
20260309,920062,科润智控,18516127.0,48436233.0,0.0,0.0,0.0,48436233.0
20260309,920066,科拜尔,1186800.0,12446942.0,0.0,0.0,0.0,12446942.0
20260309,920068,天工股份,931795.0,33972041.0,0.0,0.0,0.0,33972041.0
20260309,920075,柏星龙,1507502.0,15340799.0,0.0,0.0,0.0,15340799.0
20260309,920076,国亮新材,169378.0,5290600.0,0.0,0.0,0.0,5290600.0
20260309,920077,吉林碳谷,3248058.0,100692705.0,0.0,0.0,0.0,100692705.0
20260309,920080,奥美森,190200.0,10727241.0,0.0,0.0,0.0,10727241.0
20260309,920082,方正阀门,3046109.0,11446214.0,0.0,0.0,0.0,11446214.0
20260309,920086,科马材料,64580.0,14278661.0,0.0,0.0,0.0,14278661.0
20260309,920087,秋乐种业,10590849.0,29671421.0,0.0,0.0,0.0,29671421.0
20260309,920088,科力股份,82970713.0,102379908.0,0.0,0.0,0.0,102379908.0
20260309,920089,禾昌聚合,5164629.0,49726446.0,0.0,0.0,0.0,49726446.0
20260309,920090,同辉信息,1120390.0,4971779.0,0.0,0.0,0.0,4971779.0
20260309,920091,大鹏工业,3246432.0,21110340.0,0.0,0.0,0.0,21110340.0
20260309,920092,汉鑫科技,2976069.0,21117222.0,0.0,0.0,0.0,21117222.0
20260309,920098,科隆新材,646209.0,31583444.0,0.0,0.0,0.0,31583444.0
20260309,920099,瑞华技术,10482516.0,34692180.0,0.0,0.0,0.0,34692180.0
20260309,920100,三协电机,791440.0,20699860.0,0.0,0.0,0.0,20699860.0
20260309,920101,志高机械,830638.0,22350736.0,0.0,0.0,0.0,22350736.0
20260309,920106,林泰新材,1233188.0,37744035.0,0.0,0.0,0.0,37744035.0
20260309,920108,宏海科技,999299.0,10193491.0,0.0,0.0,0.0,10193491.0
20260309,920110,雷特科技,1147576.0,2994747.0,0.0,0.0,0.0,2994747.0
20260309,920111,聚星科技,5141898.0,30253543.0,0.0,0.0,0.0,30253543.0
20260309,920112,巴兰仕,640237.0,8730545.0,0.0,0.0,0.0,8730545.0
20260309,920116,星图测控,12863840.0,163923296.0,0.0,0.0,0.0,163923296.0
20260309,920118,太湖远大,1113876.0,7049218.0,0.0,0.0,0.0,7049218.0
20260309,920119,美德乐,2930288.0,18779635.0,0.0,0.0,0.0,18779635.0
20260309,920121,江天科技,24731.0,10049166.0,0.0,0.0,0.0,10049166.0
20260309,920122,中纺标,2211224.0,12798052.0,0.0,0.0,0.0,12798052.0
20260309,920123,芭薇股份,1607360.0,10829674.0,0.0,0.0,0.0,10829674.0
20260309,920124,南特科技,741361.0,16571515.0,0.0,0.0,0.0,16571515.0
20260309,920128,胜业电气,1084138.0,15499597.0,0.0,0.0,0.0,15499597.0
20260309,920130,立方控股,2367054.0,14526067.0,0.0,0.0,0.0,14526067.0
20260309,920132,泰鹏智能,1243572.0,3214874.0,0.0,0.0,0.0,3214874.0
20260309,920139,华岭股份,1022020.0,59204709.0,0.0,0.0,0.0,59204709.0
20260309,920145,恒合股份,181032.0,1635082.0,0.0,0.0,0.0,1635082.0
20260309,920146,华阳变速,202175.0,4794888.0,0.0,0.0,0.0,4794888.0
20260309,920149,旭杰科技,823382.0,5963604.0,0.0,0.0,0.0,5963604.0
20260309,920152,昆工科技,820969.0,23274540.0,0.0,0.0,0.0,23274540.0
20260309,920158,长江能科,6203363.0,9457842.0,0.0,0.0,0.0,9457842.0
20260309,920159,农大科技,7081032.0,12560959.0,0.0,0.0,0.0,12560959.0
20260309,920160,北矿检测,783383.0,15768732.0,0.0,0.0,0.0,15768732.0
20260309,920163,方大新材,70122.0,3496573.0,0.0,0.0,0.0,3496573.0
20260309,920166,海圣医疗,487577.0,2503361.0,0.0,0.0,0.0,2503361.0
20260309,920167,同享科技,4737616.0,25286410.0,0.0,0.0,0.0,25286410.0
20260309,920168,通宝光电,1766861.0,5162973.0,0.0,0.0,0.0,5162973.0
20260309,920169,七丰精工,3366977.0,18846147.0,0.0,0.0,0.0,18846147.0
20260309,920171,志晟信息,1215019.0,10282465.0,0.0,0.0,0.0,10282465.0
20260309,920174,五新隧装,2873858.0,60223452.0,0.0,0.0,0.0,60223452.0
20260309,920175,东方碳素,194436.0,5791060.0,0.0,0.0,0.0,5791060.0
20260309,920179,凯德石英,8464882.0,117053688.0,0.0,0.0,0.0,117053688.0
20260309,920180,爱得科技,508165.0,6705114.0,0.0,0.0,0.0,6705114.0
20260309,920183,海菲曼,1762096.0,4841546.0,0.0,0.0,0.0,4841546.0
20260309,920184,国源科技,1129119.0,26285750.0,0.0,0.0,0.0,26285750.0
20260309,920185,贝特瑞,7537487.0,267809296.0,0.0,0.0,0.0,267809296.0
20260309,920187,通领科技,653019.0,7511642.0,0.0,0.0,0.0,7511642.0
20260309,920190,雷神科技,3440574.0,53934414.0,0.0,0.0,0.0,53934414.0
20260309,920195,三祥科技,2137670.0,15005963.0,0.0,0.0,0.0,15005963.0
20260309,920198,微创光电,384986.0,5976867.0,0.0,0.0,0.0,5976867.0
20260309,920199,倍益康,4955842.0,25898794.0,0.0,0.0,0.0,25898794.0
20260309,920204,沪江材料,2855939.0,16640974.0,0.0,0.0,0.0,16640974.0
20260309,920207,众诚科技,5918153.0,15102956.0,0.0,0.0,0.0,15102956.0
20260309,920208,青矩技术,1545192.0,19819836.0,0.0,0.0,0.0,19819836.0
20260309,920212,智新电子,949592.0,4314821.0,0.0,0.0,0.0,4314821.0
20260309,920221,易实精密,872650.0,8096780.0,0.0,0.0,0.0,8096780.0
20260309,920223,荣亿精密,217294.0,13460484.0,0.0,0.0,0.0,13460484.0
20260309,920225,利通科技,3703688.0,92685969.0,0.0,0.0,0.0,92685969.0
20260309,920227,美登科技,1822070.0,30237248.0,0.0,0.0,0.0,30237248.0
20260309,920230,欧康医药,193542.0,3289859.0,0.0,0.0,0.0,3289859.0
20260309,920237,力佳科技,796226.0,12843498.0,0.0,0.0,0.0,12843498.0
20260309,920239,长虹能源,11665353.0,102124030.0,0.0,0.0,0.0,102124030.0
20260309,920242,建邦科技,989425.0,11620010.0,0.0,0.0,0.0,11620010.0
20260309,920245,威博液压,637725.0,6342354.0,0.0,0.0,0.0,6342354.0
20260309,920247,华密新材,2292245.0,24268344.0,0.0,0.0,0.0,24268344.0
20260309,920249,利尔达,2142442.0,31107975.0,0.0,0.0,0.0,31107975.0
20260309,920252,天宏锂电,3076239.0,26506690.0,0.0,0.0,0.0,26506690.0
20260309,920260,中寰股份,2287847.0,8576522.0,0.0,0.0,0.0,8576522.0
20260309,920261,一诺威,1849830.0,16808412.0,0.0,0.0,0.0,16808412.0
20260309,920262,太湖雪,1001843.0,4950375.0,0.0,0.0,0.0,4950375.0
20260309,920263,中航泰达,518033.0,6819909.0,0.0,0.0,0.0,6819909.0
20260309,920266,生物谷,17600.0,6653423.0,0.0,0.0,0.0,6653423.0
20260309,920267,鑫汇科,810737.0,4887150.0,0.0,0.0,0.0,4887150.0
20260309,920270,天铭科技,1466045.0,15141813.0,0.0,0.0,0.0,15141813.0
20260309,920271,邦德股份,305311.0,12339605.0,0.0,0.0,0.0,12339605.0
20260309,920273,一致魔芋,1773136.0,24749841.0,0.0,0.0,0.0,24749841.0
20260309,920274,宏裕包材,1327517.0,13681746.0,0.0,0.0,0.0,13681746.0
20260309,920275,驱动力,1358325.0,9618864.0,0.0,0.0,0.0,9618864.0
20260309,920278,鹿得医疗,1705576.0,9857930.0,0.0,0.0,0.0,9857930.0
20260309,920284,灵鸽科技,1267519.0,34166810.0,0.0,0.0,0.0,34166810.0
20260309,920299,灿能电力,8402630.0,24379128.0,0.0,0.0,0.0,24379128.0
20260309,920300,辰光医疗,62435.0,17400248.0,0.0,0.0,0.0,17400248.0
20260309,920304,迪尔化工,4362051.0,13365426.0,0.0,0.0,0.0,13365426.0
20260309,920339,恒太照明,2219540.0,7891730.0,0.0,0.0,0.0,7891730.0
20260309,920344,三元基因,120391.0,16163716.0,0.0,0.0,0.0,16163716.0
20260309,920346,威贸电子,1308855.0,22875047.0,0.0,0.0,0.0,22875047.0
20260309,920351,华光源海,3593339.0,13715055.0,0.0,0.0,0.0,13715055.0
20260309,920357,雅葆轩,1739341.0,11179697.0,0.0,0.0,0.0,11179697.0
20260309,920363,莱赛激光,1249449.0,12723878.0,0.0,0.0,0.0,12723878.0
20260309,920367,新赣江,271391.0,10485717.0,0.0,0.0,0.0,10485717.0
20260309,920368,连城数控,25646297.0,316570786.0,0.0,0.0,0.0,316570786.0
20260309,920370,新安洁,408175.0,2400902.0,0.0,0.0,0.0,2400902.0
20260309,920371,欧福蛋业,683696.0,10417291.0,0.0,0.0,0.0,10417291.0
20260309,920374,云里物里,744114.0,22143797.0,0.0,0.0,0.0,22143797.0
20260309,920375,派诺科技,23465982.0,23502042.0,0.0,0.0,0.0,23502042.0
20260309,920378,泰德股份,254942.0,27603858.0,0.0,0.0,0.0,27603858.0
20260309,920392,佳合科技,422121.0,10766696.0,0.0,0.0,0.0,10766696.0
20260309,920394,民士达,3740814.0,72749924.0,0.0,0.0,0.0,72749924.0
20260309,920395,朗鸿科技,978807.0,32658737.0,0.0,0.0,0.0,32658737.0
20260309,920396,常辅股份,4110560.0,23593420.0,0.0,0.0,0.0,23593420.0
20260309,920402,硅烷科技,5594521.0,65087563.0,0.0,0.0,0.0,65087563.0
20260309,920403,康农种业,6247609.0,16376344.0,0.0,0.0,0.0,16376344.0
20260309,920405,海希通讯,973942.0,104554482.0,0.0,0.0,0.0,104554482.0
20260309,920407,驰诚股份,1200413.0,9119269.0,0.0,0.0,0.0,9119269.0
20260309,920414,欧普泰,988944.0,5693083.0,0.0,0.0,0.0,5693083.0
20260309,920415,恒拓开源,694821.0,23603598.0,0.0,0.0,0.0,23603598.0
20260309,920418,苏轴股份,2274559.0,59822577.0,0.0,0.0,0.0,59822577.0
20260309,920419,路斯股份,1520505.0,18937570.0,0.0,0.0,0.0,18937570.0
20260309,920422,润普食品,617910.0,8102569.0,0.0,0.0,0.0,8102569.0
20260309,920425,乐创技术,763559.0,16356862.0,0.0,0.0,0.0,16356862.0
20260309,920427,华维设计,133668.0,5836938.0,0.0,0.0,0.0,5836938.0
20260309,920429,康比特,353779.0,18686290.0,0.0,0.0,0.0,18686290.0
20260309,920433,大唐药业,238391.0,7622768.0,0.0,0.0,0.0,7622768.0
20260309,920436,大地电气,279036.0,9370268.0,0.0,0.0,0.0,9370268.0
20260309,920438,戈碧迦,4794684.0,102180067.0,0.0,0.0,0.0,102180067.0
20260309,920445,龙竹科技,9007737.0,30243598.0,0.0,0.0,0.0,30243598.0
20260309,920454,同心传动,856657.0,13120920.0,0.0,0.0,0.0,13120920.0
20260309,920455,汇隆活塞,1489004.0,6035171.0,0.0,0.0,0.0,6035171.0
20260309,920469,富恒新材,558368.0,24049805.0,0.0,0.0,0.0,24049805.0
20260309,920471,美邦科技,1285124.0,7418476.0,0.0,0.0,0.0,7418476.0
20260309,920475,三友科技,108136.0,10665813.0,0.0,0.0,0.0,10665813.0
20260309,920476,海能技术,1254141.0,31249060.0,0.0,0.0,0.0,31249060.0
20260309,920478,峆一药业,1273859.0,10104742.0,0.0,0.0,0.0,10104742.0
20260309,920489,佳先股份,1386164.0,35414818.0,0.0,0.0,0.0,35414818.0
20260309,920491,奥迪威,4711144.0,131776362.0,0.0,0.0,0.0,131776362.0
20260309,920493,并行科技,39649249.0,182420772.0,0.0,0.0,0.0,182420772.0
20260309,920496,许昌智能,9238209.0,29427062.0,0.0,0.0,0.0,29427062.0
20260309,920504,博迅生物,49981.0,1554107.0,0.0,0.0,0.0,1554107.0
20260309,920505,九菱科技,369596.0,24758451.0,0.0,0.0,0.0,24758451.0
20260309,920508,殷图网联,699232.0,5944274.0,0.0,0.0,0.0,5944274.0
20260309,920509,同惠电子,1826288.0,33510609.0,0.0,0.0,0.0,33510609.0
20260309,920510,丰光精密,1262104.0,19340369.0,0.0,0.0,0.0,19340369.0
20260309,920519,万德股份,2326619.0,11202590.0,0.0,0.0,0.0,11202590.0
20260309,920522,纳科诺尔,34334559.0,174366565.0,0.0,0.0,0.0,174366565.0
20260309,920523,德瑞锂电,736359.0,68066880.0,0.0,0.0,0.0,68066880.0
20260309,920526,凯华材料,1863478.0,7631482.0,0.0,0.0,0.0,7631482.0
20260309,920527,夜光明,141139.0,4013799.0,0.0,0.0,0.0,4013799.0
20260309,920533,骏创科技,2124677.0,46772322.0,0.0,0.0,0.0,46772322.0
20260309,920541,铁大科技,1127461.0,26227308.0,0.0,0.0,0.0,26227308.0
20260309,920547,无锡晶海,1209232.0,9945968.0,0.0,0.0,0.0,9945968.0
20260309,920553,凯腾精工,1304442.0,5730158.0,0.0,0.0,0.0,5730158.0
20260309,920556,雅达股份,5978177.0,24617923.0,0.0,0.0,0.0,24617923.0
20260309,920564,天润科技,515601.0,13185132.0,0.0,0.0,0.0,13185132.0
20260309,920566,梓橦宫,836348.0,32098567.0,0.0,0.0,0.0,32098567.0
20260309,920570,坤博精工,1758563.0,11749578.0,0.0,0.0,0.0,11749578.0
20260309,920571,国航远洋,30742395.0,65624900.0,0.0,0.0,0.0,65624900.0
20260309,920575,康乐卫士,231262.0,11840700.0,0.0,0.0,0.0,11840700.0
20260309,920576,天力复合,5841424.0,56577489.0,0.0,0.0,0.0,56577489.0
20260309,920578,巨能股份,462677.0,14582198.0,0.0,0.0,0.0,14582198.0
20260309,920579,机科股份,641652.0,15218380.0,0.0,0.0,0.0,15218380.0
20260309,920580,科创新材,1389567.0,6344217.0,0.0,0.0,0.0,6344217.0
20260309,920592,华信永道,1074830.0,32429410.0,0.0,0.0,0.0,32429410.0
20260309,920593,鼎智科技,1871732.0,70613824.0,0.0,0.0,0.0,70613824.0
20260309,920599,同力股份,4908761.0,101775214.0,0.0,0.0,0.0,101775214.0
20260309,920608,丰安股份,80968.0,2582140.0,0.0,0.0,0.0,2582140.0
20260309,920627,力王股份,831076.0,12568431.0,0.0,0.0,0.0,12568431.0
20260309,920634,新威凌,957753.0,10352249.0,0.0,0.0,0.0,10352249.0
20260309,920639,晨光电缆,3505333.0,31440811.0,0.0,0.0,0.0,31440811.0
20260309,920640,富士达,10605567.0,132218849.0,0.0,0.0,0.0,132218849.0
20260309,920641,格利尔,2707471.0,7264581.0,0.0,0.0,0.0,7264581.0
20260309,920642,通易航天,280581.0,10598016.0,0.0,0.0,0.0,10598016.0
20260309,920651,天罡股份,538467.0,4105607.0,0.0,0.0,0.0,4105607.0
20260309,920656,海昇药业,237501.0,5327061.0,0.0,0.0,0.0,5327061.0
20260309,920662,方盛股份,1034681.0,15061533.0,0.0,0.0,0.0,15061533.0
20260309,920663,明阳科技,949932.0,10535461.0,0.0,0.0,0.0,10535461.0
20260309,920665,科强股份,1044004.0,14330720.0,0.0,0.0,0.0,14330720.0
20260309,920670,数字人,756564.0,10141744.0,0.0,0.0,0.0,10141744.0
20260309,920675,秉扬科技,7570838.0,12638282.0,0.0,0.0,0.0,12638282.0
20260309,920679,前进科技,1157110.0,6705448.0,0.0,0.0,0.0,6705448.0
20260309,920682,球冠电缆,4103712.0,23310350.0,0.0,0.0,0.0,23310350.0
20260309,920685,新芝生物,1334235.0,5641086.0,0.0,0.0,0.0,5641086.0
20260309,920689,克莱特,3295882.0,21662056.0,0.0,0.0,0.0,21662056.0
20260309,920690,捷众科技,1721933.0,22157657.0,0.0,0.0,0.0,22157657.0
20260309,920693,阿为特,1022835.0,23184568.0,0.0,0.0,0.0,23184568.0
20260309,920694,中裕科技,2600059.0,14741418.0,0.0,0.0,0.0,14741418.0
20260309,920699,海达尔,464117.0,63253290.0,0.0,0.0,0.0,63253290.0
20260309,920701,豪声电子,1541967.0,29315599.0,0.0,0.0,0.0,29315599.0
20260309,920703,广厦环能,1754218.0,23049309.0,0.0,0.0,0.0,23049309.0
20260309,920706,铁拓机械,2854922.0,20866113.0,0.0,0.0,0.0,20866113.0
20260309,920717,瑞星股份,1557558.0,4735757.0,0.0,0.0,0.0,4735757.0
20260309,920718,合肥高科,1154779.0,5539711.0,0.0,0.0,0.0,5539711.0
20260309,920719,宁新新材,395371.0,6795280.0,0.0,0.0,0.0,6795280.0
20260309,920720,吉冈精密,724323.0,17908854.0,0.0,0.0,0.0,17908854.0
20260309,920725,惠丰钻石,2721704.0,22415723.0,0.0,0.0,0.0,22415723.0
20260309,920726,朱老六,1248118.0,13877801.0,0.0,0.0,0.0,13877801.0
20260309,920729,永顺生物,1607642.0,10577933.0,0.0,0.0,0.0,10577933.0
20260309,920735,德源药业,3415969.0,52569837.0,0.0,0.0,0.0,52569837.0
20260309,920748,路桥信息,221169.0,4111521.0,0.0,0.0,0.0,4111521.0
20260309,920751,惠同新材,325242.0,27788795.0,0.0,0.0,0.0,27788795.0
20260309,920753,天纺标,1086588.0,11874283.0,0.0,0.0,0.0,11874283.0
20260309,920765,美之高,1238836.0,7305395.0,0.0,0.0,0.0,7305395.0
20260309,920768,拾比佰,1159968.0,12143387.0,0.0,0.0,0.0,12143387.0
20260309,920770,艾能聚,3725105.0,39032790.0,0.0,0.0,0.0,39032790.0
20260309,920779,武汉蓝电,306635.0,12857546.0,0.0,0.0,0.0,12857546.0
20260309,920781,瑞奇智造,2310027.0,8875880.0,0.0,0.0,0.0,8875880.0
20260309,920786,骑士乳业,1185817.0,19222698.0,0.0,0.0,0.0,19222698.0
20260309,920790,联迪信息,878583.0,19036559.0,0.0,0.0,0.0,19036559.0
20260309,920792,东和新材,863933.0,12433297.0,0.0,0.0,0.0,12433297.0
20260309,920799,艾融软件,3602900.0,141912566.0,0.0,0.0,0.0,141912566.0
20260309,920802,保丽洁,423150.0,1845848.0,0.0,0.0,0.0,1845848.0
20260309,920806,云星宇,703484.0,44316415.0,0.0,0.0,0.0,44316415.0
20260309,920807,奔朗新材,606972.0,21273743.0,0.0,0.0,0.0,21273743.0
20260309,920808,曙光数创,13014713.0,283429200.0,0.0,0.0,0.0,283429200.0
20260309,920809,安达科技,1610482.0,47967927.0,0.0,0.0,0.0,47967927.0
20260309,920810,春光智能,206863.0,1938141.0,0.0,0.0,0.0,1938141.0
20260309,920819,颖泰生物,579251.0,34259506.0,0.0,0.0,0.0,34259506.0
20260309,920821,则成电子,1765014.0,21982721.0,0.0,0.0,0.0,21982721.0
20260309,920826,盖世食品,1132059.0,20242134.0,0.0,0.0,0.0,20242134.0
20260309,920832,齐鲁华信,3063315.0,8798089.0,0.0,0.0,0.0,8798089.0
20260309,920833,美心翼申,2427712.0,19937536.0,0.0,0.0,0.0,19937536.0
20260309,920834,三维装备,1820569.0,9344977.0,0.0,0.0,0.0,9344977.0
20260309,920837,华原股份,1787062.0,14463391.0,0.0,0.0,0.0,14463391.0
20260309,920839,万通液压,1849976.0,25927727.0,0.0,0.0,0.0,25927727.0
20260309,920855,浙江大农,238454.0,3361276.0,0.0,0.0,0.0,3361276.0
20260309,920856,浩淼科技,1436195.0,12519107.0,0.0,0.0,0.0,12519107.0
20260309,920857,泓禧科技,1069940.0,5983399.0,0.0,0.0,0.0,5983399.0
20260309,920866,绿亨科技,1001289.0,6402588.0,0.0,0.0,0.0,6402588.0
20260309,920870,恒进感应,320368.0,13863731.0,0.0,0.0,0.0,13863731.0
20260309,920871,派特尔,1749815.0,7905353.0,0.0,0.0,0.0,7905353.0
20260309,920873,中设咨询,94798.0,5390201.0,0.0,0.0,0.0,5390201.0
20260309,920876,慧为智能,3940380.0,9854902.0,0.0,0.0,0.0,9854902.0
20260309,920879,基康技术,1604877.0,23990757.0,0.0,0.0,0.0,23990757.0
20260309,920885,星辰科技,4592198.0,40611593.0,0.0,0.0,0.0,40611593.0
20260309,920892,广咨国际,1236275.0,7240726.0,0.0,0.0,0.0,7240726.0
20260309,920895,花溪科技,193009.0,1768564.0,0.0,0.0,0.0,1768564.0
20260309,920896,旺成科技,1613346.0,8825480.0,0.0,0.0,0.0,8825480.0
20260309,920906,舜宇精工,284761.0,7540661.0,0.0,0.0,0.0,7540661.0
20260309,920914,远航精密,1650831.0,42147689.0,0.0,0.0,0.0,42147689.0
20260309,920924,广脉科技,3378632.0,20199802.0,0.0,0.0,0.0,20199802.0
20260309,920925,锦好医疗,481206.0,15837768.0,0.0,0.0,0.0,15837768.0
20260309,920926,鸿智科技,467422.0,6197458.0,0.0,0.0,0.0,6197458.0
20260309,920931,无锡鼎邦,1069649.0,4917767.0,0.0,0.0,0.0,4917767.0
20260309,920932,科达自控,787559.0,22393516.0,0.0,0.0,0.0,22393516.0
20260309,920942,恒立钻具,3733175.0,30816915.0,0.0,0.0,0.0,30816915.0
20260309,920943,优机股份,1438250.0,24154783.0,0.0,0.0,0.0,24154783.0
20260309,920946,森萱医药,839967.0,23708672.0,0.0,0.0,0.0,23708672.0
20260309,920950,迅安科技,368026.0,1985523.0,0.0,0.0,0.0,1985523.0
20260309,920953,国子软件,2655929.0,42297606.0,0.0,0.0,0.0,42297606.0
20260309,920957,汉维科技,750819.0,974638.0,0.0,0.0,0.0,974638.0
20260309,920961,创远信科,1109788.0,51842177.0,0.0,0.0,0.0,51842177.0
20260309,920964,润农节水,732330.0,24527200.0,0.0,0.0,0.0,24527200.0
20260309,920970,大禹生物,115640.0,2211373.0,0.0,0.0,0.0,2211373.0
20260309,920971,天马新材,1132704.0,48264848.0,0.0,0.0,0.0,48264848.0
20260309,920974,凯大催化,714083.0,4711720.0,0.0,0.0,0.0,4711720.0
20260309,920976,视声智能,5591262.0,19835578.0,0.0,0.0,0.0,19835578.0
20260309,920978,开特股份,3312092.0,66990515.0,0.0,0.0,0.0,66990515.0
20260309,920981,晶赛科技,1087560.0,16827115.0,0.0,0.0,0.0,16827115.0
20260309,920982,锦波生物,15563778.0,365776143.0,0.0,0.0,0.0,365776143.0
20260309,920985,海泰新能,1503357.0,23672738.0,0.0,0.0,0.0,23672738.0
20260309,920992,中科美菱,1633702.0,8453233.0,0.0,0.0,0.0,8453233.0
20260309,日期：2026-03-09,,,,,,,
